 44 2214.025324 1.751E-28 1.390E+00.06680.076 2778.20300.75-.001925        1 5 1 0        0 3 1 0                    P 51e     3645431310 5 3 3 3   909.0  927.0
 45 2214.028405 2.650E-28 9.098E+01.06560.073 3246.82090.73-.002345        1 1 1 1        1 1 1 0                    R 58f     3645431310 5 3 3 3  6426.0 6318.0
 41 2214.047240 1.148E-23 1.005E+02.06750.078 2655.23100.76-.002189        0 3 1 1        0 3 1 0                    R 46e     3655431410 5 3 3 3   855.0  837.0
 41 2214.059780 4.103E-26 2.027E+02.06630.075 3986.77410.74-.002285        0 1 1 2        0 1 1 1                    R 53e     3645431410 5 3 3 3   981.0  963.0
 41 2214.068290 2.478E-23 2.044E+02.07220.090 2537.81940.77-.001854        0 0 0 2        0 0 0 1                    R 27e     3655431410 5 3 3 3   513.0  495.0
 45 2214.076425 5.836E-25 1.001E+02.07120.088 1552.02320.80-.001915        0 2 2 1        0 2 2 0                    R 30f     3655431310 5 3 3 3  3402.0 3294.0
 45 2214.081537 5.835E-25 1.001E+02.07120.088 1552.05960.80-.001915        0 2 2 1        0 2 2 0                    R 30e     3655431310 5 3 3 3  3402.0 3294.0
 44 2214.083551 6.780E-28 9.469E+01.06460.070 3424.75420.71-.002421        0 3 1 1        0 3 1 0                    R 65e     3645431310 5 3 3 3  1197.0 1179.0
 44 2214.090500 1.862E-24 9.689E+01.06960.084 1682.62060.80-.002027        0 2 0 1        0 2 0 0                    R 36e     3655431810 5 3 3 3   675.0  657.0
 41 2214.100500 3.372E-28 9.791E+01.06320.066 4902.54400.69-.002534        0 4 0 1        0 4 0 0                    R 78e     3544431410 5 3 3 3  1431.0 1413.0
 41 2214.101550 4.058E-26 2.026E+02.06630.075 3988.98810.74-.002285        0 1 1 2        0 1 1 1                    R 53f     3645431410 5 3 3 3   981.0  963.0
 44 2214.104571 4.741E-28 9.710E+01.06450.070 3506.58140.71-.002430        0 3 3 1        0 3 3 0                    R 66e     3645431310 5 3 3 3  1215.0 1197.0
 44 2214.106776 4.739E-28 9.708E+01.06450.070 3506.62170.71-.002430        0 3 3 1        0 3 3 0                    R 66f     3645431310 5 3 3 3  1215.0 1197.0
 41 2214.114120 1.129E-23 1.005E+02.06750.078 2658.41710.76-.002189        0 3 1 1        0 3 1 0                    R 46f     3655431410 5 3 3 3   855.0  837.0
 41 2214.127020 2.328E-28 9.816E+01.06310.065 4981.89590.69-.002542        0 4 2 1        0 4 2 0                    R 79f     3544431410 5 3 3 3  1449.0 1431.0
 41 2214.132290 4.089E-26 8.865E-03.06870.081 1866.41500.78-.002095        0 2 0 1        0 2 2 0                    R 40e     3655431410 5 3 3 3   747.0  729.0
 44 2214.134632 6.598E-28 9.457E+01.06460.070 3430.09190.71-.002421        0 3 1 1        0 3 1 0                    R 65f     3645431310 5 3 3 3  1197.0 1179.0
 44 2214.136823 1.849E-28 7.238E-01.06770.079 2611.34300.76-.001190        0 7 3 0        0 3 3 0                    P 46e     3655431310 5 3 3 3   819.0  837.0
 43 2214.147040 1.722E-27 9.553E+01.06380.068 3385.07240.70-.002486        1 0 0 1        1 0 0 0                    R 72e     3644431910 5 3 3 3   882.0  870.0
 41 2214.155080 8.131E-26 1.221E-02.07040.086 1752.84640.81-.000259        0 6 0 0        1 0 0 0                    R 33e     3655431410 5 3 3 3   621.0  603.0
 45 2214.157810 9.379E-28 9.790E+01.06600.074 2991.22970.74-.002310        0 3 1 1        0 3 1 0                    R 55e     3645431310 5 3 3 3  6102.0 5994.0
 41 2214.159780 8.514E-19 1.096E+02.08200.105   55.30640.72-.002003        0 0 0 1        0 0 0 0                    P 11e     3655431416 5 3 3 3   189.0  207.0
 41 2214.184860 4.082E-24 9.339E+01.06720.077 2861.17680.75-.002217        1 1 1 1        1 1 1 0                    R 48e     3655431410 5 3 3 3   891.0  873.0
 41 2214.197720 2.404E-21 1.015E+02.07330.092 1429.75490.74-.001790        0 2 2 1        0 2 2 0                    R 24f     3655431410 5 3 3 3   459.0  441.0
 44 2214.197915 1.842E-28 7.214E-01.06770.079 2611.34860.76-.001190        0 7 3 0        0 3 3 0                    P 46f     3655431310 5 3 3 3   819.0  837.0
 41 2214.201580 2.403E-21 1.015E+02.07330.092 1429.77610.74-.001790        0 2 2 1        0 2 2 0                    R 24e     3655431410 5 3 3 3   459.0  441.0
 43 2214.213817 3.704E-27 1.038E+02.06390.068 3241.66180.70-.002477        0 2 2 1        0 2 2 0                    R 71f     3644431310 5 3 3 3   870.0  858.0
 41 2214.216310 4.038E-24 9.337E+01.06720.077 2863.33050.75-.002217        1 1 1 1        1 1 1 0                    R 48f     3655431410 5 3 3 3   891.0  873.0
 41 2214.218740 2.273E-28 9.792E+01.06310.065 4986.27060.69-.002542        0 4 2 1        0 4 2 0                    R 79e     3544431410 5 3 3 3  1449.0 1431.0
 45 2214.222106 9.182E-28 9.781E+01.06600.074 2995.40900.74-.002310        0 3 1 1        0 3 1 0                    R 55f     3645431310 5 3 3 3  6102.0 5994.0
 41 2214.223390 1.473E-25 1.106E-02.07290.091 1556.04630.75-.000162        0 6 2 0        1 0 0 0                    R 25e     3655431410 5 3 3 3   477.0  459.0
 45 2214.240300 2.249E-22 1.105E+02.08680.109   22.77310.71-.001777        0 0 0 1        0 0 0 0                    P  7e     3655431816 5 3 3 3   702.0  810.0
 43 2214.245696 3.684E-27 1.037E+02.06390.068 3242.59990.70-.002477        0 2 2 1        0 2 2 0                    R 71e     3644431910 5 3 3 3   870.0  858.0
 44 2214.257600 7.782E-25 8.938E+01.06890.082 1861.33580.79-.002079        1 0 0 1        1 0 0 0                    R 39e     3655431810 5 3 3 3   729.0  711.0
 43 2214.281990 5.111E-27 1.030E+02.06400.069 3171.12180.70-.002468        0 2 0 1        0 2 0 0                    R 70e     3644431910 5 3 3 3   858.0  846.0
 45 2214.292400 3.163E-25 9.164E+01.07090.087 1666.35970.81-.001934        1 0 0 1        1 0 0 0                    R 31e     3655431810 5 3 3 3  3510.0 3402.0
 42 2214.296300 3.085E-23 1.003E+02.06590.074 1335.59340.73-.002322        0 0 0 1        0 0 0 0                    R 56e     3645431816 5 3 3 3   690.0  678.0
 43 2214.309700 3.912E-23 1.042E+02.06890.082 1216.76710.79-.002079        0 1 1 1        0 1 1 0                    R 39e     3655431815 5 3 3 3   486.0  474.0
 41 2214.309900 5.328E-28 2.792E-04.07590.097 1892.53830.73-.001653        0 3 3 1        0 3 1 0                    R 18e     3655431410 5 3 3 3   351.0  333.0
 44 2214.318600 5.384E-22 1.207E+02.09220.114    4.74690.70-.001400        0 0 0 1        0 0 0 0                    P  3e     3655431816 5 3 3 3    45.0   63.0
 43 2214.338900 3.632E-21 1.033E+02.07700.099  110.10920.73-.001603        0 0 0 1        0 0 0 0                    R 16e     3655431816 5 3 3 3   210.0  198.0
 43 2214.345000 3.890E-23 1.042E+02.06890.082 1217.92490.79-.002079        0 1 1 1        0 1 1 0                    R 39f     3655431815 5 3 3 3   486.0  474.0
 41 2214.352520 7.392E-24 1.011E+02.06720.077 2755.41020.75-.002217        0 3 3 1        0 3 3 0                    R 48e     3655431410 5 3 3 3   891.0  873.0
 41 2214.355870 7.390E-24 1.011E+02.06720.077 2755.43200.75-.002217        0 3 3 1        0 3 3 0                    R 48f     3655431410 5 3 3 3   891.0  873.0
 41 2214.371800 6.844E-28 5.944E-03.06830.080 2635.28780.78-.000362        0 7 3 0        1 1 1 0                    R 42f     3655431410 5 3 3 3   783.0  765.0
 44 2214.386700 9.054E-27 1.960E+02.06810.080 2958.47310.77-.002143        0 0 0 2        0 0 0 1                    R 43e     3655431810 5 3 3 3   801.0  783.0
 41 2214.400280 2.478E-28 9.790E+01.06310.065 4968.44790.69-.002542        0 4 0 1        0 4 0 0                    R 79e     3544431410 5 3 3 3  1449.0 1431.0
 45 2214.400687 2.172E-28 9.109E+01.06540.073 3291.42970.73-.002357        1 1 1 1        1 1 1 0                    R 59e     3645431310 5 3 3 3  6534.0 6426.0
 45 2214.408147 5.583E-28 9.921E+01.06570.073 3107.80680.73-.002334        0 3 3 1        0 3 3 0                    R 57e     3645431310 5 3 3 3  6318.0 6210.0
 44 2214.411100 1.571E-24 9.839E+01.06940.083 1726.05500.80-.002044        0 2 2 1        0 2 2 0                    R 37f     3655431810 5 3 3 3   693.0  675.0
 45 2214.411471 4.462E-27 2.006E+02.06990.084 2728.01810.81-.002009        0 0 0 2        0 0 0 1                    R 35e     3655431310 5 3 3 3  3942.0 3834.0
 41 2214.411540 3.176E-20 9.387E+01.08800.110  601.34300.71-.001286        0 1 1 1        0 1 1 0                    R  5e     3655431415 5 3 3 3   117.0   99.0
 45 2214.411619 5.582E-28 9.921E+01.06570.073 3107.83920.73-.002334        0 3 3 1        0 3 3 0                    R 57f     3645431310 5 3 3 3  6318.0 6210.0
 44 2214.415300 1.571E-24 9.837E+01.06940.083 1726.11360.80-.002044        0 2 2 1        0 2 2 0                    R 37e     3655431810 5 3 3 3   693.0  675.0
 41 2214.419790 1.702E-28 9.815E+01.06300.065 5048.78670.68-.002549        0 4 2 1        0 4 2 0                    R 80f     3544431410 5 3 3 3  1467.0 1449.0
 41 2214.420400 3.175E-20 9.386E+01.08800.110  601.36680.71-.001286        0 1 1 1        0 1 1 0                    R  5f     3655431415 5 3 3 3   117.0   99.0
 45 2214.437791 2.134E-28 9.092E+01.06540.073 3294.61880.73-.002357        1 1 1 1        1 1 1 0                    R 59f     3645431310 5 3 3 3  6534.0 6426.0
 43 2214.444400 1.312E-27 9.554E+01.06370.067 3443.70340.70-.002494        1 0 0 1        1 0 0 0                    R 73e     3644431910 5 3 3 3   894.0  882.0
 44 2214.446609 5.342E-28 9.470E+01.06450.070 3476.81500.71-.002430        0 3 1 1        0 3 1 0                    R 66e     3645431310 5 3 3 3  1215.0 1197.0
 45 2214.464300 6.143E-25 9.954E+01.07120.088 1540.31550.80-.001915        0 2 0 1        0 2 0 0                    R 30e     3655431810 5 3 3 3  3402.0 3294.0
 44 2214.466099 3.718E-28 9.712E+01.06440.070 3559.61010.71-.002440        0 3 3 1        0 3 3 0                    R 67e     3645431310 5 3 3 3  1233.0 1215.0
 44 2214.468380 3.716E-28 9.710E+01.06440.070 3559.65370.71-.002440        0 3 3 1        0 3 3 0                    R 67f     3645431310 5 3 3 3  1233.0 1215.0
 41 2214.492720 6.549E-28 3.537E-04.07540.096 1909.04370.73-.001677        0 3 3 1        0 3 1 0                    R 19f     3655431410 5 3 3 3   369.0  351.0
 44 2214.496070 5.194E-28 9.458E+01.06450.070 3482.31010.71-.002430        0 3 1 1        0 3 1 0                    R 66f     3645431310 5 3 3 3  1215.0 1197.0
 41 2214.509780 3.361E-26 2.027E+02.06620.075 4031.56550.74-.002297        0 1 1 2        0 1 1 1                    R 54e     3545431410 5 3 3 3   999.0  981.0
 41 2214.509940 1.660E-28 9.790E+01.06300.065 5053.31710.68-.002549        0 4 2 1        0 4 2 0                    R 80e     3544431410 5 3 3 3  1467.0 1449.0
 41 2214.512900 1.330E-21 9.381E+01.07330.092 1535.19430.74-.001790        1 0 0 1        1 0 0 0                    R 24e     3655431410 5 3 3 3   459.0  441.0
 45 2214.521900 1.820E-23 9.726E+01.08200.105  631.11310.72-.001443        0 1 1 1        0 1 1 0                    R 10e     3655431815 5 3 3 3  1242.0 1134.0
 43 2214.535802 2.830E-27 1.038E+02.06380.068 3299.86690.70-.002486        0 2 2 1        0 2 2 0                    R 72f     3644431310 5 3 3 3   882.0  870.0
 45 2214.536600 1.819E-23 9.725E+01.08200.105  631.19580.72-.001443        0 1 1 1        0 1 1 0                    R 10f     3655431815 5 3 3 3  1242.0 1134.0
 41 2214.551400 3.320E-26 2.026E+02.06620.075 4033.86270.74-.002297        0 1 1 2        0 1 1 1                    R 54f     3545431410 5 3 3 3   999.0  981.0
 41 2214.562270 9.679E-24 1.006E+02.06730.078 2694.58590.76-.002203        0 3 1 1        0 3 1 0                    R 47e     3655431410 5 3 3 3   873.0  855.0
 43 2214.580238 2.813E-27 1.037E+02.06380.068 3300.85030.70-.002486        0 2 2 1        0 2 2 0                    R 72e     3644431310 5 3 3 3   882.0  870.0
 44 2214.586900 1.076E-22 9.698E+01.07770.100  679.19780.73-.001578        0 1 1 1        0 1 1 0                    R 15e     3655431815 5 3 3 3   297.0  279.0
 41 2214.593970 1.698E-26 5.374E-04.08090.104 1223.55750.72-.001471        0 2 2 1        0 2 0 0                    R 11e     3655431410 5 3 3 3   225.0  207.0
 45 2214.598456 7.652E-28 9.793E+01.06590.074 3036.69730.73-.002322        0 3 1 1        0 3 1 0                    R 56e     3645431310 5 3 3 3  6210.0 6102.0
 44 2214.606700 1.075E-22 9.697E+01.07770.100  679.36850.73-.001578        0 1 1 1        0 1 1 0                    R 15f     3655431815 5 3 3 3   297.0  279.0
 43 2214.608600 3.922E-27 1.030E+02.06390.068 3228.43650.70-.002477        0 2 0 1        0 2 0 0                    R 71e     3644431910 5 3 3 3   870.0  858.0
 41 2214.628750 9.517E-24 1.005E+02.06730.078 2697.90770.76-.002203        0 3 1 1        0 3 1 0                    R 47f     3655431410 5 3 3 3   873.0  855.0
 41 2214.632760 2.523E-21 1.017E+02.07330.092 1419.99570.74-.001790        0 2 0 1        0 2 0 0                    R 24e     3655431410 5 3 3 3   459.0  441.0
 41 2214.635530 3.713E-26 9.296E-03.06850.081 1900.83020.78-.002112        0 2 0 1        0 2 2 0                    R 41e     3655431410 5 3 3 3   765.0  747.0
 44 2214.638800 1.659E-24 9.696E+01.06940.083 1711.90400.80-.002044        0 2 0 1        0 2 0 0                    R 37e     3655431810 5 3 3 3   693.0  675.0
 45 2214.661876 7.485E-28 9.784E+01.06590.074 3041.02420.73-.002322        0 3 1 1        0 3 1 0                    R 56f     3645431310 5 3 3 3  6210.0 6102.0
 41 2214.673850 3.415E-24 9.343E+01.06700.077 2902.00620.75-.002231        1 1 1 1        1 1 1 0                    R 49e     3645431410 5 3 3 3   909.0  891.0
 41 2214.680620 4.061E-28 8.422E-02.06540.073 3355.90420.73-.000523        0 7 1 0        1 1 1 0                    R 59e     3645431410 5 3 3 3  1089.0 1071.0
 45 2214.681352 5.330E-25 1.002E+02.07090.087 1577.28400.81-.001934        0 2 2 1        0 2 2 0                    R 31f     3655431310 5 3 3 3  3510.0 3402.0
 41 2214.685610 2.411E-28 1.794E-03.06850.081 2598.62200.78-.000351        0 7 3 0        1 1 1 0                    R 41e     3655431410 5 3 3 3   765.0  747.0
 45 2214.686937 5.328E-25 1.002E+02.07090.087 1577.32530.81-.001934        0 2 2 1        0 2 2 0                    R 31e     3655431310 5 3 3 3  3510.0 3402.0
 41 2214.693240 1.813E-28 9.789E+01.06300.065 5035.17510.68-.002549        0 4 0 1        0 4 0 0                    R 80e     3544431410 5 3 3 3  1467.0 1449.0
 41 2214.697110 2.292E-23 2.047E+02.07190.089 2561.07540.78-.001875        0 0 0 2        0 0 0 1                    R 28e     3655431410 5 3 3 3   531.0  513.0
 41 2214.704920 3.377E-24 9.340E+01.06700.077 2904.25050.75-.002231        1 1 1 1        1 1 1 0                    R 49f     3645431410 5 3 3 3   909.0  891.0
 41 2214.705620 1.239E-28 9.814E+01.06290.065 5116.50290.68-.002556        0 4 2 1        0 4 2 0                    R 81f     3544431410 5 3 3 3  1485.0 1467.0
 43 2214.734790 9.961E-28 9.554E+01.06360.067 3503.13090.70-.002502        1 0 0 1        1 0 0 0                    R 74e     3644431910 5 3 3 3   906.0  894.0
 42 2214.741800 2.491E-23 1.004E+02.06570.073 1383.22670.73-.002334        0 0 0 1        0 0 0 0                    R 57e     3645431816 5 3 3 3   702.0  690.0
 44 2214.776800 6.844E-25 8.944E+01.06870.081 1892.82670.78-.002095        1 0 0 1        1 0 0 0                    R 40e     3655431810 5 3 3 3   747.0  729.0
 41 2214.794020 1.208E-28 9.788E+01.06290.065 5121.19130.68-.002556        0 4 2 1        0 4 2 0                    R 81e     3544431410 5 3 3 3  1485.0 1467.0
 45 2214.802660 1.744E-28 9.112E+01.06530.072 3339.92300.72-.002368        1 1 1 1        1 1 1 0                    R 60e     3645431310 5 3 3 3  6642.0 6534.0
 44 2214.803114 4.192E-28 9.470E+01.06440.070 3529.65830.71-.002440        0 3 1 1        0 3 1 0                    R 67e     3645431310 5 3 3 3  1233.0 1215.0
 44 2214.808433 1.099E-28 1.628E+00.06990.084 2833.94330.81-.001988        1 6 2 0        0 4 2 0                    P 36f     3655431310 5 3 3 3   639.0  657.0
 41 2214.811640 4.467E-27 3.230E-01.06620.075 3121.32220.74-.000481        0 7 1 0        1 1 1 0                    R 54f     3645431410 5 3 3 3   999.0  981.0
 44 2214.820391 2.086E-28 1.390E+00.06700.077 2737.90950.75-.001929        1 5 1 0        0 3 1 0                    P 50e     3645431310 5 3 3 3   891.0  909.0
 44 2214.821131 2.903E-28 9.714E+01.06430.069 3613.42430.71-.002450        0 3 3 1        0 3 3 0                    R 68e     3645431310 5 3 3 3  1251.0 1233.0
 44 2214.823482 2.902E-28 9.712E+01.06430.069 3613.47150.71-.002450        0 3 3 1        0 3 3 0                    R 68f     3645431310 5 3 3 3  1251.0 1233.0
 45 2214.838231 4.514E-28 9.926E+01.06560.073 3155.04150.73-.002345        0 3 3 1        0 3 3 0                    R 58e     3645431310 5 3 3 3  6426.0 6318.0
 45 2214.841481 1.709E-28 9.074E+01.06530.072 3343.22230.72-.002368        1 1 1 1        1 1 1 0                    R 60f     3645431310 5 3 3 3  6642.0 6534.0
 45 2214.841964 4.512E-28 9.925E+01.06560.073 3155.07720.73-.002345        0 3 3 1        0 3 3 0                    R 58f     3645431310 5 3 3 3  6426.0 6318.0
 43 2214.844600 3.426E-23 1.043E+02.06870.081 1249.12760.78-.002095        0 1 1 1        0 1 1 0                    R 40e     3655431815 5 3 3 3   498.0  486.0
 44 2214.850860 4.073E-28 9.458E+01.06440.070 3535.31260.71-.002440        0 3 1 1        0 3 1 0                    R 67f     3645431310 5 3 3 3  1233.0 1215.0
 43 2214.850955 2.153E-27 1.038E+02.06370.067 3358.87330.70-.002494        0 2 2 1        0 2 2 0                    R 73f     3644431310 5 3 3 3   894.0  882.0
 41 2214.855730 6.175E-24 1.012E+02.06700.077 2796.55720.75-.002231        0 3 3 1        0 3 3 0                    R 49e     3645431410 5 3 3 3   909.0  891.0
 41 2214.859400 6.174E-24 1.012E+02.06700.077 2796.58160.75-.002231        0 3 3 1        0 3 3 0                    R 49f     3645431410 5 3 3 3   909.0  891.0
 41 2214.861060 2.259E-21 1.017E+02.07290.091 1450.74990.75-.001812        0 2 2 1        0 2 2 0                    R 25f     3655431410 5 3 3 3   477.0  459.0
 41 2214.865390 2.258E-21 1.017E+02.07290.091 1450.77470.75-.001812        0 2 2 1        0 2 2 0                    R 25e     3655431410 5 3 3 3   477.0  459.0
 44 2214.876500 7.831E-27 1.961E+02.06790.079 2992.94620.77-.002159        0 0 0 2        0 0 0 1                    R 44e     3655431810 5 3 3 3   819.0  801.0
 44 2214.878281 2.158E-28 7.240E-01.06790.079 2574.86500.77-.001197        0 7 3 0        0 3 3 0                    P 45e     3655431310 5 3 3 3   801.0  819.0
 45 2214.879200 2.876E-25 9.173E+01.07070.086 1692.26210.81-.001953        1 0 0 1        1 0 0 0                    R 32e     3655431810 5 3 3 3  3618.0 3510.0
 43 2214.880100 3.406E-23 1.043E+02.06870.081 1250.34470.78-.002095        0 1 1 1        0 1 1 0                    R 40f     3655431815 5 3 3 3   498.0  486.0
 43 2214.896157 2.139E-27 1.037E+02.06370.067 3359.90310.70-.002494        0 2 2 1        0 2 2 0                    R 73e     3644431310 5 3 3 3   894.0  882.0
 44 2214.931311 2.151E-28 7.217E-01.06790.079 2574.87000.77-.001197        0 7 3 0        0 3 3 0                    P 45f     3655431310 5 3 3 3   801.0  819.0
 44 2214.931761 1.082E-28 6.523E-01.06500.071 2765.31060.72-.001096        0 6 2 0        0 2 2 0                    P 63f     3645431310 5 3 3 3  1125.0 1143.0
 43 2214.934652 2.997E-27 1.031E+02.06380.068 3286.55050.70-.002486        0 2 0 1        0 2 0 0                    R 72e     3644431310 5 3 3 3   882.0  870.0
 41 2214.952730 2.741E-26 2.028E+02.06600.074 4077.18200.74-.002310        0 1 1 2        0 1 1 1                    R 55e     3545431410 5 3 3 3  1017.0  999.0
 44 2214.955500 1.393E-24 9.848E+01.06920.083 1756.16400.79-.002062        0 2 2 1        0 2 2 0                    R 38f     3655431810 5 3 3 3   711.0  693.0
 44 2214.959900 1.393E-24 9.846E+01.06920.083 1756.22890.79-.002062        0 2 2 1        0 2 2 0                    R 38e     3655431810 5 3 3 3   711.0  693.0
 45 2214.968459 3.982E-27 2.008E+02.06960.084 2757.02750.80-.002027        0 0 0 2        0 0 0 1                    R 36e     3655431310 5 3 3 3  4050.0 3942.0
 41 2214.979370 1.321E-28 9.787E+01.06290.065 5102.72530.68-.002556        0 4 0 1        0 4 0 0                    R 81e     3544431410 5 3 3 3  1485.0 1467.0
 41 2214.994350 2.709E-26 2.028E+02.06600.074 4079.56400.74-.002310        0 1 1 2        0 1 1 1                    R 55f     3545431410 5 3 3 3  1017.0  999.0
 43 2215.018220 7.530E-28 9.555E+01.06350.067 3563.35440.69-.002511        1 0 0 1        1 0 0 0                    R 75e     3644431910 5 3 3 3   918.0  906.0
 43 2215.026900 3.598E-21 1.036E+02.07650.098  123.87120.73-.001628        0 0 0 1        0 0 0 0                    R 17e     3655431816 5 3 3 3   222.0  210.0
 45 2215.032432 6.216E-28 9.796E+01.06570.073 3082.97190.73-.002334        0 3 1 1        0 3 1 0                    R 57e     3645431310 5 3 3 3  6318.0 6210.0
 41 2215.059590 5.750E-28 3.098E-04.07540.096 1908.47670.73-.001677        0 3 3 1        0 3 1 0                    R 19e     3655431410 5 3 3 3   369.0  351.0
 41 2215.066600 8.097E-19 1.103E+02.08330.106   46.08910.72-.001957        0 0 0 1        0 0 0 0                    P 10e     3655431416 5 3 3 3   171.0  189.0
 45 2215.067600 5.609E-25 9.964E+01.07090.087 1565.55340.81-.001934        0 2 0 1        0 2 0 0                    R 31e     3655431810 5 3 3 3  3510.0 3402.0
 41 2215.070460 8.126E-24 1.006E+02.06720.077 2734.77430.75-.002217        0 3 1 1        0 3 1 0                    R 48e     3655431410 5 3 3 3   891.0  873.0
 45 2215.093600 1.982E-22 1.121E+02.08800.110   17.07990.71-.001699        0 0 0 1        0 0 0 0                    P  6e     3655431816 5 3 3 3   594.0  702.0
 45 2215.094886 6.076E-28 9.787E+01.06570.073 3087.44860.73-.002334        0 3 1 1        0 3 1 0                    R 57f     3645431310 5 3 3 3  6318.0 6210.0
 44 2215.102805 1.121E-28 1.981E+00.06940.083 2881.44800.80-.001980        1 6 0 0        0 4 0 0                    P 38e     3655431310 5 3 3 3   675.0  693.0
 44 2215.122600 3.633E-22 1.343E+02.09410.116    2.37350.70-.001273        0 0 0 1        0 0 0 0                    P  2e     3655431816 5 3 3 3    27.0   45.0
 41 2215.129240 3.348E-26 9.724E-03.06830.080 1936.08290.78-.002128        0 2 0 1        0 2 2 0                    R 42e     3655431410 5 3 3 3   783.0  765.0
 41 2215.136430 7.985E-24 1.006E+02.06720.077 2738.23450.75-.002217        0 3 1 1        0 3 1 0                    R 48f     3655431410 5 3 3 3   891.0  873.0
 44 2215.153056 3.276E-28 9.470E+01.06430.069 3583.28360.71-.002450        0 3 1 1        0 3 1 0                    R 68e     3645431310 5 3 3 3  1251.0 1233.0
 41 2215.155870 2.844E-24 9.348E+01.06680.076 2943.66540.75-.002245        1 1 1 1        1 1 1 0                    R 50e     3645431410 5 3 3 3   927.0  909.0
 43 2215.159272 1.631E-27 1.038E+02.06360.067 3418.68070.70-.002502        0 2 2 1        0 2 2 0                    R 74f     3644431310 5 3 3 3   906.0  894.0
 41 2215.165740 1.250E-21 9.393E+01.07290.091 1556.04630.75-.001812        1 0 0 1        1 0 0 0                    R 25e     3655431410 5 3 3 3   477.0  459.0
 44 2215.169658 2.258E-28 9.715E+01.06420.069 3668.02380.71-.002459        0 3 3 1        0 3 3 0                    R 69e     3644431310 5 3 3 3  1269.0 1251.0
 44 2215.172078 2.257E-28 9.714E+01.06420.069 3668.07460.71-.002459        0 3 3 1        0 3 3 0                    R 69f     3644431310 5 3 3 3  1269.0 1251.0
 41 2215.178520 7.082E-28 3.960E-04.07490.095 1925.87990.73-.001700        0 3 3 1        0 3 1 0                    R 20f     3655431410 5 3 3 3   387.0  369.0
 42 2215.180300 2.003E-23 1.004E+02.06560.073 1431.69100.73-.002345        0 0 0 1        0 0 0 0                    R 58e     3645431816 5 3 3 3   714.0  702.0
 44 2215.180500 1.471E-24 9.703E+01.06920.083 1741.97660.79-.002062        0 2 0 1        0 2 0 0                    R 38e     3655431810 5 3 3 3   711.0  693.0
 41 2215.186540 2.811E-24 9.343E+01.06680.076 2946.00220.75-.002245        1 1 1 1        1 1 1 0                    R 50f     3645431410 5 3 3 3   927.0  909.0
 44 2215.188086 1.091E-28 1.618E+00.06990.084 2834.11380.81-.001988        1 6 2 0        0 4 2 0                    P 36e     3655431310 5 3 3 3   639.0  657.0
 44 2215.191675 1.190E-28 1.385E+00.06650.076 2864.75580.74-.001917        1 5 1 0        0 3 1 0                    P 53f     3645431310 5 3 3 3   945.0  963.0
 45 2215.197891 1.394E-28 9.114E+01.06520.072 3389.21980.72-.002379        1 1 1 1        1 1 1 0                    R 61e     3645431310 5 3 3 3  6750.0 6642.0
 41 2215.198290 8.433E-26 1.414E-02.07010.085 1781.19270.81-.000271        0 6 0 0        1 0 0 0                    R 34e     3655431410 5 3 3 3   639.0  621.0
 44 2215.198997 3.181E-28 9.457E+01.06430.069 3589.09910.71-.002450        0 3 1 1        0 3 1 0                    R 68f     3645431310 5 3 3 3  1251.0 1233.0
 41 2215.202110 3.643E-20 9.571E+01.08680.109  606.37300.71-.001320        0 1 1 1        0 1 1 0                    R  6e     3655431415 5 3 3 3   135.0  117.0
 43 2215.205199 1.620E-27 1.037E+02.06360.067 3419.75810.70-.002502        0 2 2 1        0 2 2 0                    R 74e     3644431310 5 3 3 3   906.0  894.0
 41 2215.212340 3.642E-20 9.571E+01.08680.109  606.40630.71-.001320        0 1 1 1        0 1 1 0                    R  6f     3655431415 5 3 3 3   135.0  117.0
 45 2215.241530 1.355E-28 9.004E+01.06520.072 3392.63120.72-.002379        1 1 1 1        1 1 1 0                    R 61f     3645431310 5 3 3 3  6750.0 6642.0
 43 2215.243441 2.281E-27 1.031E+02.06370.067 3345.46140.70-.002494        0 2 0 1        0 2 0 0                    R 73e     3644431910 5 3 3 3   894.0  882.0
 45 2215.256400 1.904E-23 9.782E+01.08090.104  640.06280.72-.001471        0 1 1 1        0 1 1 0                    R 11e     3655431815 5 3 3 3  1350.0 1242.0
 45 2215.261650 3.634E-28 9.929E+01.06540.073 3203.08600.73-.002357        0 3 3 1        0 3 3 0                    R 59e     3645431310 5 3 3 3  6534.0 6426.0
 45 2215.265654 3.633E-28 9.928E+01.06540.073 3203.12510.73-.002357        0 3 3 1        0 3 3 0                    R 59f     3645431310 5 3 3 3  6534.0 6426.0
 44 2215.269500 1.076E-22 9.727E+01.07700.099  691.85950.73-.001603        0 1 1 1        0 1 1 0                    R 16e     3655431815 5 3 3 3   315.0  297.0
 45 2215.272200 1.902E-23 9.781E+01.08090.104  640.16210.72-.001471        0 1 1 1        0 1 1 0                    R 11f     3655431815 5 3 3 3  1350.0 1242.0
 45 2215.279633 4.843E-25 1.003E+02.07070.086 1603.35820.81-.001953        0 2 2 1        0 2 2 0                    R 32f     3655431310 5 3 3 3  3618.0 3510.0
 45 2215.285718 4.842E-25 1.003E+02.07070.086 1603.40490.81-.001953        0 2 2 1        0 2 2 0                    R 32e     3655431310 5 3 3 3  3618.0 3510.0
 44 2215.289500 5.993E-25 8.950E+01.06850.081 1925.10280.78-.002112        1 0 0 1        1 0 0 0                    R 41e     3655431810 5 3 3 3   765.0  747.0
 44 2215.290400 1.075E-22 9.726E+01.07700.099  692.05290.73-.001603        0 1 1 1        0 1 1 0                    R 16f     3655431815 5 3 3 3   315.0  297.0
 43 2215.294660 5.669E-28 9.555E+01.06340.066 3624.37380.69-.002519        1 0 0 1        1 0 0 0                    R 76e     3644431910 5 3 3 3   930.0  918.0
 41 2215.295220 2.370E-21 1.018E+02.07290.091 1440.97640.75-.001812        0 2 0 1        0 2 0 0                    R 25e     3655431410 5 3 3 3   477.0  459.0
 41 2215.297300 5.355E-25 4.311E-02.07250.090 1577.73140.76-.000174        0 6 2 0        1 0 0 0                    R 26e     3655431410 5 3 3 3   495.0  477.0
 41 2215.318900 2.109E-23 2.049E+02.07150.088 2585.16070.79-.001895        0 0 0 2        0 0 0 1                    R 29e     3655431410 5 3 3 3   549.0  531.0
 41 2215.352040 2.078E-26 6.397E-04.07990.103 1233.63390.72-.001499        0 2 2 1        0 2 0 0                    R 12e     3655431410 5 3 3 3   243.0  225.0
 41 2215.352080 5.136E-24 1.013E+02.06680.076 2838.54050.75-.002245        0 3 3 1        0 3 3 0                    R 50e     3645431410 5 3 3 3   927.0  909.0
 41 2215.356100 5.135E-24 1.013E+02.06680.076 2838.56790.75-.002245        0 3 3 1        0 3 3 0                    R 50f     3645431410 5 3 3 3   927.0  909.0
 44 2215.359600 6.743E-27 1.962E+02.06770.079 3028.20020.76-.002174        0 0 0 2        0 0 0 1                    R 45e     3655431810 5 3 3 3   837.0  819.0
 43 2215.372600 2.987E-23 1.044E+02.06850.081 1282.29500.78-.002112        0 1 1 1        0 1 1 0                    R 41e     3655431815 5 3 3 3   510.0  498.0
 41 2215.388640 2.226E-26 2.029E+02.06590.074 4123.62360.73-.002322        0 1 1 2        0 1 1 1                    R 56e     3545431410 5 3 3 3  1035.0 1017.0
 43 2215.408300 2.968E-23 1.044E+02.06850.081 1283.57280.78-.002112        0 1 1 1        0 1 1 0                    R 41f     3655431815 5 3 3 3   510.0  498.0
 41 2215.430150 2.199E-26 2.029E+02.06590.074 4126.09180.73-.002322        0 1 1 2        0 1 1 1                    R 56f     3545431410 5 3 3 3  1035.0 1017.0
 42 2215.456791 1.127E-28 6.606E-02.06630.075 2389.16110.74-.001143        0 6 0 0        0 2 0 0                    P 54e     3645431310 5 3 3 3   642.0  654.0
 45 2215.459200 2.602E-25 9.181E+01.07040.086 1718.97260.81-.001972        1 0 0 1        1 0 0 0                    R 33e     3655431810 5 3 3 3  3726.0 3618.0
 45 2215.459733 5.028E-28 9.798E+01.06560.073 3130.05330.73-.002345        0 3 1 1        0 3 1 0                    R 58e     3645431310 5 3 3 3  6426.0 6318.0
 43 2215.460752 1.231E-27 1.038E+02.06350.067 3479.28870.69-.002511        0 2 2 1        0 2 2 0                    R 75f     3644431310 5 3 3 3   918.0  906.0
 44 2215.493400 1.230E-24 9.856E+01.06890.082 1787.06330.79-.002079        0 2 2 1        0 2 2 0                    R 39f     3655431810 5 3 3 3   729.0  711.0
 44 2215.496435 2.550E-28 9.470E+01.06420.069 3637.69080.71-.002459        0 3 1 1        0 3 1 0                    R 69e     3644431310 5 3 3 3  1269.0 1251.0
 44 2215.498000 1.229E-24 9.855E+01.06890.082 1787.13500.79-.002079        0 2 2 1        0 2 2 0                    R 39e     3655431810 5 3 3 3   729.0  711.0
 43 2215.507331 1.222E-27 1.037E+02.06350.067 3480.41490.69-.002511        0 2 2 1        0 2 2 0                    R 75e     3644431310 5 3 3 3   918.0  906.0
 44 2215.511680 1.750E-28 9.717E+01.06400.069 3723.40810.70-.002468        0 3 3 1        0 3 3 0                    R 70e     3644431310 5 3 3 3  1287.0 1269.0
 44 2215.514158 1.749E-28 9.715E+01.06400.069 3723.46290.70-.002468        0 3 3 1        0 3 3 0                    R 70f     3644431310 5 3 3 3  1287.0 1269.0
 41 2215.516930 4.566E-28 4.620E-03.06810.080 2671.21340.77-.000373        0 7 3 0        1 1 1 0                    R 43f     3655431410 5 3 3 3   801.0  783.0
 41 2215.517540 2.110E-21 1.019E+02.07250.090 1472.58370.76-.001833        0 2 2 1        0 2 2 0                    R 26f     3655431410 5 3 3 3   495.0  477.0
 45 2215.518449 3.538E-27 2.009E+02.06940.083 2786.84110.80-.002044        0 0 0 2        0 0 0 1                    R 37e     3655431310 5 3 3 3  4158.0 4050.0
 45 2215.521128 4.912E-28 9.789E+01.06560.073 3134.68200.73-.002345        0 3 1 1        0 3 1 0                    R 58f     3645431310 5 3 3 3  6426.0 6318.0
 41 2215.522380 2.110E-21 1.019E+02.07250.090 1472.61260.76-.001833        0 2 2 1        0 2 2 0                    R 26e     3655431410 5 3 3 3   495.0  477.0
 44 2215.540476 2.474E-28 9.457E+01.06420.069 3643.66920.71-.002459        0 3 1 1        0 3 1 0                    R 69f     3644431310 5 3 3 3  1269.0 1251.0
 43 2215.549537 1.729E-27 1.031E+02.06360.067 3405.17310.70-.002502        0 2 0 1        0 2 0 0                    R 74e     3644431910 5 3 3 3   906.0  894.0
 43 2215.564140 4.251E-28 9.555E+01.06330.066 3686.18870.69-.002526        1 0 0 1        1 0 0 0                    R 77e     3644431910 5 3 3 3   942.0  930.0
 44 2215.567276 1.227E-28 1.629E+00.07010.085 2805.39150.81-.001992        1 6 2 0        0 4 2 0                    P 35f     3655431310 5 3 3 3   621.0  639.0
 41 2215.571790 6.792E-24 1.007E+02.06700.077 2775.79620.75-.002231        0 3 1 1        0 3 1 0                    R 49e     3645431410 5 3 3 3   909.0  891.0
 45 2215.586385 1.110E-28 9.115E+01.06500.071 3439.31970.72-.002390        1 1 1 1        1 1 1 0                    R 62e     3645431310 5 3 3 3  6858.0 6750.0
 42 2215.612100 1.603E-23 1.006E+02.06540.073 1480.98600.73-.002357        0 0 0 1        0 0 0 0                    R 59e     3645431816 5 3 3 3   726.0  714.0
 41 2215.613350 2.998E-26 1.015E-02.06810.080 1972.17290.77-.002143        0 2 0 1        0 2 2 0                    R 43e     3655431410 5 3 3 3   801.0  783.0
 44 2215.614582 2.475E-28 1.390E+00.06720.077 2698.40230.75-.001933        1 5 1 0        0 3 1 0                    P 49e     3655431310 5 3 3 3   873.0  891.0
 44 2215.620648 2.508E-28 7.242E-01.06810.080 2539.17750.77-.001203        0 7 3 0        0 3 3 0                    P 44e     3655431310 5 3 3 3   783.0  801.0
 41 2215.630890 2.358E-24 9.352E+01.06670.076 2986.15430.75-.002259        1 1 1 1        1 1 1 0                    R 51e     3645431410 5 3 3 3   945.0  927.0
 41 2215.637150 6.669E-24 1.006E+02.06700.077 2779.39720.75-.002231        0 3 1 1        0 3 1 0                    R 49f     3645431410 5 3 3 3   909.0  891.0
 45 2215.653120 1.004E-28 8.383E+01.06500.071 3442.84540.72-.002390        1 1 1 1        1 1 1 0                    R 62f     3645431310 5 3 3 3  6858.0 6750.0
 41 2215.661240 2.329E-24 9.346E+01.06670.076 2988.58550.75-.002259        1 1 1 1        1 1 1 0                    R 51f     3645431410 5 3 3 3   945.0  927.0
 45 2215.664100 5.096E-25 9.974E+01.07070.086 1591.60350.81-.001953        0 2 0 1        0 2 0 0                    R 32e     3655431810 5 3 3 3  3618.0 3510.0
 44 2215.667552 2.505E-28 7.234E-01.06810.080 2539.18190.77-.001203        0 7 3 0        0 3 3 0                    P 44f     3655431310 5 3 3 3   783.0  801.0
 44 2215.676758 1.354E-28 6.518E-01.06520.072 2715.49690.72-.001101        0 6 2 0        0 2 2 0                    P 62f     3645431310 5 3 3 3  1107.0 1125.0
 45 2215.678402 2.913E-28 9.933E+01.06530.072 3251.94000.72-.002368        0 3 3 1        0 3 3 0                    R 60e     3645431310 5 3 3 3  6642.0 6534.0
 45 2215.682690 2.912E-28 9.932E+01.06530.072 3251.98280.72-.002368        0 3 3 1        0 3 3 0                    R 60f     3645431310 5 3 3 3  6642.0 6534.0
 43 2215.708400 3.539E-21 1.038E+02.07590.097  138.44220.73-.001653        0 0 0 1        0 0 0 0                    R 18e     3655431816 5 3 3 3   234.0  222.0
 44 2215.715700 1.298E-24 9.709E+01.06890.082 1772.83820.79-.002079        0 2 0 1        0 2 0 0                    R 39e     3655431810 5 3 3 3   729.0  711.0
 41 2215.728860 4.371E-28 1.138E-01.06530.072 3405.84940.72-.000531        0 7 1 0        1 1 1 0                    R 60e     3645431410 5 3 3 3  1107.0 1089.0
 43 2215.755388 9.248E-28 1.038E+02.06340.066 3540.69700.69-.002519        0 2 2 1        0 2 2 0                    R 76f     3644431310 5 3 3 3   930.0  918.0
 44 2215.795500 5.224E-25 8.956E+01.06830.080 1958.16420.78-.002128        1 0 0 1        1 0 0 0                    R 42e     3655431810 5 3 3 3   783.0  765.0
 43 2215.802591 9.184E-28 1.037E+02.06340.066 3541.87330.69-.002519        0 2 2 1        0 2 2 0                    R 76e     3644431310 5 3 3 3   930.0  918.0
 41 2215.804910 6.138E-28 3.424E-04.07490.095 1925.25330.73-.001700        0 3 3 1        0 3 1 0                    R 20e     3655431410 5 3 3 3   387.0  369.0
 41 2215.811600 1.167E-21 9.402E+01.07250.090 1577.73140.76-.001833        1 0 0 1        1 0 0 0                    R 26e     3655431410 5 3 3 3   495.0  477.0
 41 2215.817500 1.799E-26 2.030E+02.06570.073 4170.88990.73-.002334        0 1 1 2        0 1 1 1                    R 57e     3545431410 5 3 3 3  1053.0 1035.0
 43 2215.826640 3.175E-28 9.555E+01.06320.066 3748.79880.69-.002534        1 0 0 1        1 0 0 0                    R 78e     3644431910 5 3 3 3   954.0  942.0
 44 2215.833241 1.977E-28 9.470E+01.06400.069 3692.87950.70-.002468        0 3 1 1        0 3 1 0                    R 70e     3644431310 5 3 3 3  1287.0 1269.0
 44 2215.836300 5.782E-27 1.963E+02.06750.078 3064.23500.76-.002189        0 0 0 2        0 0 0 1                    R 46e     3655431810 5 3 3 3   855.0  837.0
 41 2215.841560 4.253E-24 1.013E+02.06670.076 2881.36000.75-.002259        0 3 3 1        0 3 3 0                    R 51e     3645431410 5 3 3 3   945.0  927.0
 41 2215.845960 4.252E-24 1.013E+02.06670.076 2881.39060.75-.002259        0 3 3 1        0 3 3 0                    R 51f     3645431410 5 3 3 3   945.0  927.0
 44 2215.847190 1.350E-28 9.718E+01.06390.068 3779.57720.70-.002477        0 3 3 1        0 3 3 0                    R 71e     3644431310 5 3 3 3  1305.0 1287.0
 43 2215.848803 1.305E-27 1.031E+02.06350.067 3465.68320.69-.002511        0 2 0 1        0 2 0 0                    R 75e     3644431910 5 3 3 3   918.0  906.0
 44 2215.849722 1.349E-28 9.716E+01.06390.068 3779.63610.70-.002477        0 3 3 1        0 3 3 0                    R 71f     3644431310 5 3 3 3  1305.0 1287.0
 41 2215.857040 7.578E-28 4.416E-04.07450.094 1943.55720.73-.001723        0 3 3 1        0 3 1 0                    R 21f     3655431410 5 3 3 3   405.0  387.0
 41 2215.858890 1.777E-26 2.029E+02.06570.073 4173.44580.73-.002334        0 1 1 2        0 1 1 1                    R 57f     3545431410 5 3 3 3  1053.0 1035.0
 45 2215.871268 4.379E-25 1.004E+02.07040.086 1630.24580.81-.001972        0 2 2 1        0 2 2 0                    R 33f     3655431310 5 3 3 3  3726.0 3618.0
 44 2215.875288 1.916E-28 9.456E+01.06400.069 3699.02280.70-.002468        0 3 1 1        0 3 1 0                    R 70f     3644431310 5 3 3 3  1287.0 1269.0
 45 2215.877877 4.378E-25 1.004E+02.07040.086 1630.29830.81-.001972        0 2 2 1        0 2 2 0                    R 33e     3655431310 5 3 3 3  3726.0 3618.0
 45 2215.880354 4.051E-28 9.801E+01.06540.073 3177.94120.73-.002357        0 3 1 1        0 3 1 0                    R 59e     3645431310 5 3 3 3  6534.0 6426.0
 41 2215.882740 1.661E-28 1.433E-03.06830.080 2633.63730.78-.000362        0 7 3 0        1 1 1 0                    R 42e     3655431410 5 3 3 3   783.0  765.0
 44 2215.889340 1.264E-28 1.984E+00.06960.084 2851.35260.80-.001984        1 6 0 0        0 4 0 0                    P 37e     3655431310 5 3 3 3   657.0  675.0
 44 2215.893139 1.431E-28 1.386E+00.06670.076 2822.75960.75-.001921        1 5 1 0        0 3 1 0                    P 52f     3645431310 5 3 3 3   927.0  945.0
 43 2215.893900 2.593E-23 1.045E+02.06830.080 1316.26900.78-.002128        0 1 1 1        0 1 1 0                    R 42e     3655431815 5 3 3 3   522.0  510.0
 44 2215.908369 1.218E-28 1.619E+00.07010.085 2805.54460.81-.001992        1 6 2 0        0 4 2 0                    P 35e     3655431310 5 3 3 3   621.0  639.0
 44 2215.920200 1.831E-22 2.015E+02.09620.119    0.79120.69-.001130        0 0 0 1        0 0 0 0                    P  1e     3655431816 5 3 3 3     9.0   27.0
 43 2215.929700 2.575E-23 1.044E+02.06830.080 1317.60900.78-.002128        0 1 1 1        0 1 1 0                    R 42f     3655431815 5 3 3 3   522.0  510.0
 44 2215.931182 1.067E-28 9.481E-01.06480.071 2851.47400.72-.001087        0 6 0 0        0 2 0 0                    P 65e     3645431310 5 3 3 3  1161.0 1179.0
 41 2215.933640 1.931E-23 2.051E+02.07120.088 2610.07530.80-.001915        0 0 0 2        0 0 0 1                    R 30e     3655431410 5 3 3 3   567.0  549.0
 45 2215.940200 1.692E-22 1.142E+02.08920.111   12.20000.71-.001612        0 0 0 1        0 0 0 0                    P  5e     3655431816 5 3 3 3   486.0  594.0
 45 2215.940597 3.954E-28 9.791E+01.06540.073 3182.72420.73-.002357        0 3 1 1        0 3 1 0                    R 59f     3645431310 5 3 3 3  6534.0 6426.0
 44 2215.945700 1.067E-22 9.752E+01.07650.098  705.31210.73-.001628        0 1 1 1        0 1 1 0                    R 17e     3655431815 5 3 3 3   333.0  315.0
 41 2215.950780 2.213E-21 1.020E+02.07250.090 1462.79500.76-.001833        0 2 0 1        0 2 0 0                    R 26e     3655431410 5 3 3 3   495.0  477.0
 41 2215.966550 7.592E-19 1.111E+02.08460.107   37.70960.72-.001904        0 0 0 1        0 0 0 0                    P  9e     3655431416 5 3 3 3   153.0  171.0
 44 2215.967600 1.066E-22 9.752E+01.07650.098  705.52980.73-.001628        0 1 1 1        0 1 1 0                    R 17f     3655431815 5 3 3 3   333.0  315.0
 45 2215.984200 1.969E-23 9.830E+01.07990.103  649.82600.72-.001499        0 1 1 1        0 1 1 0                    R 12e     3655431815 5 3 3 3  1458.0 1350.0
 41 2215.985840 4.067E-20 9.708E+01.08570.108  612.24130.71-.001352        0 1 1 1        0 1 1 0                    R  7e     3655431415 5 3 3 3   153.0  135.0
 41 2215.997400 4.066E-20 9.707E+01.08570.108  612.28560.71-.001352        0 1 1 1        0 1 1 0                    R  7f     3655431415 5 3 3 3   153.0  135.0
 45 2216.001200 1.967E-23 9.830E+01.07990.103  649.94330.72-.001499        0 1 1 1        0 1 1 0                    R 12f     3655431815 5 3 3 3  1458.0 1350.0
 41 2216.001690 8.082E-27 7.182E-01.06600.074 3167.22940.74-.000489        0 7 1 0        1 1 1 0                    R 55f     3645431410 5 3 3 3  1017.0  999.0
 44 2216.024800 1.081E-24 9.865E+01.06870.081 1818.75290.78-.002095        0 2 2 1        0 2 2 0                    R 40f     3655431810 5 3 3 3   747.0  729.0
 44 2216.029700 1.080E-24 9.863E+01.06870.081 1818.83190.78-.002095        0 2 2 1        0 2 2 0                    R 40e     3655431810 5 3 3 3   747.0  729.0
 45 2216.032300 2.343E-25 9.189E+01.07010.085 1746.49110.81-.001991        1 0 0 1        1 0 0 0                    R 34e     3655431810 5 3 3 3  3834.0 3726.0
 42 2216.037100 1.277E-23 1.006E+02.06530.072 1531.11140.72-.002368        0 0 0 1        0 0 0 0                    R 60e     3645431816 5 3 3 3   738.0  726.0
 43 2216.043181 6.921E-28 1.038E+02.06330.066 3602.90540.69-.002526        0 2 2 1        0 2 2 0                    R 77f     3644431310 5 3 3 3   942.0  930.0
 45 2216.061693 3.129E-27 2.011E+02.06920.083 2817.45850.79-.002062        0 0 0 2        0 0 0 1                    R 38e     3655431310 5 3 3 3  4266.0 4158.0
 44 2216.063536 1.607E-28 4.273E-02.06770.079 2062.05760.76-.000394        0 6 0 0        1 0 0 0                    R 45e     3655431310 5 3 3 3   837.0  819.0
 41 2216.066260 5.651E-24 1.007E+02.06680.076 2817.65130.75-.002245        0 3 1 1        0 3 1 0                    R 50e     3645431410 5 3 3 3   927.0  909.0
 41 2216.087790 2.667E-26 1.057E-02.06790.079 2009.10020.77-.002159        0 2 0 1        0 2 2 0                    R 44e     3655431410 5 3 3 3   819.0  801.0
 45 2216.088480 2.325E-28 9.937E+01.06520.072 3301.60330.72-.002379        0 3 3 1        0 3 3 0                    R 61e     3645431310 5 3 3 3  6750.0 6642.0
 43 2216.090939 6.871E-28 1.037E+02.06330.066 3604.13300.69-.002526        0 2 2 1        0 2 2 0                    R 77e     3644431310 5 3 3 3   942.0  930.0
 45 2216.093061 2.325E-28 9.935E+01.06520.072 3301.65010.72-.002379        0 3 3 1        0 3 3 0                    R 61f     3645431310 5 3 3 3  6750.0 6642.0
 43 2216.094670 2.361E-28 9.555E+01.06310.065 3812.20400.69-.002542        1 0 0 1        1 0 0 0                    R 79e     3644431610 5 3 3 3   966.0  954.0
 41 2216.098920 1.947E-24 9.355E+01.06650.076 3029.47250.74-.002272        1 1 1 1        1 1 1 0                    R 52e     3645431410 5 3 3 3   963.0  945.0
 41 2216.103970 2.488E-26 7.525E-04.07910.102 1244.54960.72-.001526        0 2 2 1        0 2 0 0                    R 13e     3655431410 5 3 3 3   261.0  243.0
 41 2216.129060 1.921E-24 9.346E+01.06650.076 3032.00000.74-.002272        1 1 1 1        1 1 1 0                    R 52f     3645431410 5 3 3 3   963.0  945.0
 41 2216.130930 5.545E-24 1.007E+02.06680.076 2821.39570.75-.002245        0 3 1 1        0 3 1 0                    R 50f     3645431410 5 3 3 3   927.0  909.0
 43 2216.141228 9.810E-28 1.031E+02.06340.066 3526.99130.69-.002519        0 2 0 1        0 2 0 0                    R 76e     3644431910 5 3 3 3   930.0  918.0
 44 2216.163474 1.527E-28 9.470E+01.06390.068 3748.84940.70-.002477        0 3 1 1        0 3 1 0                    R 71e     3644431310 5 3 3 3  1305.0 1287.0
 41 2216.167160 1.961E-21 1.021E+02.07220.090 1495.25620.77-.001854        0 2 2 1        0 2 2 0                    R 27f     3655431410 5 3 3 3   513.0  495.0
 41 2216.172550 1.961E-21 1.021E+02.07220.090 1495.28970.77-.001854        0 2 2 1        0 2 2 0                    R 27e     3655431410 5 3 3 3   513.0  495.0
 44 2216.176188 1.037E-28 9.720E+01.06380.068 3836.53060.70-.002486        0 3 3 1        0 3 3 0                    R 72e     3644431310 5 3 3 3  1323.0 1305.0
 44 2216.178763 1.037E-28 9.718E+01.06380.068 3836.59390.70-.002486        0 3 3 1        0 3 3 0                    R 72f     3644431310 5 3 3 3  1323.0 1305.0
 44 2216.203431 1.479E-28 9.456E+01.06390.068 3755.15930.70-.002477        0 3 1 1        0 3 1 0                    R 71f     3644431310 5 3 3 3  1305.0 1287.0
 41 2216.239310 1.449E-26 2.030E+02.06560.073 4218.98070.73-.002345        0 1 1 2        0 1 1 1                    R 58e     3545431410 5 3 3 3  1071.0 1053.0
 44 2216.244400 1.141E-24 9.716E+01.06870.081 1804.48850.78-.002095        0 2 0 1        0 2 0 0                    R 40e     3655431810 5 3 3 3   747.0  729.0
 41 2216.244450 8.852E-26 1.665E-02.06990.084 1810.37100.81-.000282        0 6 0 0        1 0 0 0                    R 35e     3655431410 5 3 3 3   657.0  639.0
 45 2216.253700 4.608E-25 9.983E+01.07040.086 1618.46590.81-.001972        0 2 0 1        0 2 0 0                    R 33e     3655431810 5 3 3 3  3726.0 3618.0
 42 2216.279271 1.378E-28 6.610E-02.06650.076 2343.97520.74-.001148        0 6 0 0        0 2 0 0                    P 53e     3645431310 5 3 3 3   630.0  642.0
 41 2216.280530 1.430E-26 2.030E+02.06560.073 4221.62580.73-.002345        0 1 1 2        0 1 1 1                    R 58f     3545431410 5 3 3 3  1071.0 1053.0
 45 2216.294290 3.249E-28 9.803E+01.06530.072 3226.63540.72-.002368        0 3 1 1        0 3 1 0                    R 60e     3645431310 5 3 3 3  6642.0 6534.0
 44 2216.294900 4.534E-25 8.961E+01.06810.080 1992.01050.77-.002143        1 0 0 1        1 0 0 0                    R 43e     3655431810 5 3 3 3   801.0  783.0
 44 2216.306788 4.937E-27 1.964E+02.06730.078 3101.05040.76-.002203        0 0 0 2        0 0 0 1                    R 47e     3655431310 5 3 3 3   873.0  855.0
 43 2216.324127 5.159E-28 1.038E+02.06320.066 3665.91360.69-.002534        0 2 2 1        0 2 2 0                    R 78f     3644431310 5 3 3 3   954.0  942.0
 41 2216.324170 3.506E-24 1.014E+02.06650.076 2925.01530.74-.002272        0 3 3 1        0 3 3 0                    R 52e     3645431410 5 3 3 3   963.0  945.0
 44 2216.326600 1.363E-28 1.630E+00.07040.086 2777.63090.81-.001995        1 6 2 0        0 4 2 0                    P 34f     3655431310 5 3 3 3   603.0  621.0
 41 2216.328980 3.505E-24 1.014E+02.06650.076 2925.04940.74-.002272        0 3 3 1        0 3 3 0                    R 52f     3645431410 5 3 3 3   963.0  945.0
 43 2216.329233 1.749E-28 9.554E+01.06300.065 3876.40380.68-.002549        1 0 0 1        1 0 0 0                    R 80e     3644431310 5 3 3 3   978.0  966.0
 45 2216.353293 3.169E-28 9.793E+01.06530.072 3231.57480.72-.002368        0 3 1 1        0 3 1 0                    R 60f     3645431310 5 3 3 3  6642.0 6534.0
 44 2216.364219 2.901E-28 7.240E-01.06830.080 2504.28060.78-.001210        0 7 3 0        0 3 3 0                    P 43e     3655431310 5 3 3 3   765.0  783.0
 43 2216.372396 5.120E-28 1.037E+02.06320.066 3667.19350.69-.002534        0 2 2 1        0 2 2 0                    R 78e     3644431310 5 3 3 3   954.0  942.0
 41 2216.380080 3.781E-23 3.280E+00.07220.090 1600.24960.77-.000186        0 6 2 0        1 0 0 0                    R 27e     3655431410 5 3 3 3   513.0  495.0
 43 2216.382900 3.458E-21 1.040E+02.07540.096  153.82230.73-.001677        0 0 0 1        0 0 0 0                    R 19e     3655431816 5 3 3 3   246.0  234.0
 44 2216.405004 2.899E-28 7.238E-01.06830.080 2504.28440.78-.001210        0 7 3 0        0 3 3 0                    P 43f     3655431310 5 3 3 3   765.0  783.0
 44 2216.407931 2.925E-28 1.390E+00.06730.078 2659.68180.76-.001938        1 5 1 0        0 3 1 0                    P 48e     3655431310 5 3 3 3   855.0  873.0
 43 2216.408200 2.240E-23 1.045E+02.06810.080 1351.04960.77-.002143        0 1 1 1        0 1 1 0                    R 43e     3655431815 5 3 3 3   534.0  522.0
 44 2216.421207 1.689E-28 6.514E-01.06530.072 2666.46880.72-.001106        0 6 2 0        0 2 2 0                    P 61f     3645431310 5 3 3 3  1089.0 1107.0
 43 2216.435881 7.345E-28 1.031E+02.06330.066 3589.09720.69-.002526        0 2 0 1        0 2 0 0                    R 77e     3644431610 5 3 3 3   942.0  930.0
 43 2216.444300 2.225E-23 1.045E+02.06810.080 1352.45310.77-.002143        0 1 1 1        0 1 1 0                    R 43f     3655431815 5 3 3 3   534.0  522.0
 41 2216.451800 1.048E-21 9.089E+01.07220.090 1600.24960.77-.001854        1 0 0 1        1 0 0 0                    R 27e     3655431410 5 3 3 3   513.0  495.0
 42 2216.455100 1.013E-23 1.006E+02.06520.072 1582.06710.72-.002379        0 0 0 1        0 0 0 0                    R 61e     3645431816 5 3 3 3   750.0  738.0
 45 2216.456250 3.941E-25 1.006E+02.07010.085 1657.94650.81-.001991        0 2 2 1        0 2 2 0                    R 34f     3655431310 5 3 3 3  3834.0 3726.0
 45 2216.463412 3.939E-25 1.005E+02.07010.085 1658.00550.81-.001991        0 2 2 1        0 2 2 0                    R 34e     3655431310 5 3 3 3  3834.0 3726.0
 44 2216.487128 1.174E-28 9.469E+01.06380.068 3805.60020.70-.002486        0 3 1 1        0 3 1 0                    R 72e     3644431310 5 3 3 3  1323.0 1305.0
 45 2216.491884 1.849E-28 9.940E+01.06500.071 3352.07560.72-.002390        0 3 3 1        0 3 3 0                    R 62e     3645431310 5 3 3 3  6858.0 6750.0
 45 2216.496767 1.848E-28 9.939E+01.06500.071 3352.12670.72-.002390        0 3 3 1        0 3 3 0                    R 62f     3645431310 5 3 3 3  6858.0 6750.0
 44 2216.524899 1.136E-28 9.455E+01.06380.068 3812.07860.70-.002486        0 3 1 1        0 3 1 0                    R 72f     3644431310 5 3 3 3  1323.0 1305.0
 41 2216.528310 8.029E-28 4.904E-04.07410.094 1962.07540.73-.001746        0 3 3 1        0 3 1 0                    R 22f     3655431410 5 3 3 3   423.0  405.0
 41 2216.541340 1.759E-23 2.054E+02.07090.087 2635.81910.81-.001934        0 0 0 2        0 0 0 1                    R 31e     3655431410 5 3 3 3   585.0  567.0
 41 2216.545880 6.473E-28 3.761E-04.07450.094 1942.86810.73-.001723        0 3 3 1        0 3 1 0                    R 21e     3655431410 5 3 3 3   405.0  387.0
 44 2216.549700 9.455E-25 9.873E+01.06850.081 1851.23260.78-.002112        0 2 2 1        0 2 2 0                    R 41f     3655431810 5 3 3 3   765.0  747.0
 41 2216.552480 2.355E-26 1.098E-02.06770.079 2046.86450.76-.002174        0 2 0 1        0 2 2 0                    R 45e     3655431410 5 3 3 3   837.0  819.0
 41 2216.553870 4.682E-24 1.008E+02.06670.076 2860.33920.75-.002259        0 3 1 1        0 3 1 0                    R 51e     3645431410 5 3 3 3   945.0  927.0
 44 2216.554800 9.449E-25 9.871E+01.06850.081 1851.31940.78-.002112        0 2 2 1        0 2 2 0                    R 41e     3655431810 5 3 3 3   765.0  747.0
 41 2216.559950 1.600E-24 9.359E+01.06630.075 3073.61990.74-.002285        1 1 1 1        1 1 1 0                    R 53e     3645431410 5 3 3 3   981.0  963.0
 43 2216.570847 1.291E-28 9.554E+01.06290.065 3941.39810.68-.002556        1 0 0 1        1 0 0 0                    R 81e     3644431310 5 3 3 3   990.0  978.0
 41 2216.590150 1.577E-24 9.344E+01.06630.075 3076.24570.74-.002285        1 1 1 1        1 1 1 0                    R 53f     3645431410 5 3 3 3   981.0  963.0
 44 2216.594481 1.714E-28 1.386E+00.06680.076 2781.55160.75-.001925        1 5 1 0        0 3 1 0                    P 51f     3645431310 5 3 3 3   909.0  927.0
 45 2216.598132 2.754E-27 2.012E+02.06890.082 2848.87960.79-.002079        0 0 0 2        0 0 0 1                    R 39e     3655431310 5 3 3 3  4374.0 4266.0
 43 2216.598225 3.830E-28 1.038E+02.06310.065 3729.72110.69-.002542        0 2 2 1        0 2 2 0                    R 79f     3644431310 5 3 3 3   966.0  954.0
 45 2216.598600 2.100E-25 9.197E+01.06990.084 1774.81740.81-.002009        1 0 0 1        1 0 0 0                    R 35e     3655431810 5 3 3 3  3942.0 3834.0
 41 2216.599430 2.056E-21 1.021E+02.07220.090 1485.45140.77-.001854        0 2 0 1        0 2 0 0                    R 27e     3655431410 5 3 3 3   513.0  495.0
 44 2216.615500 1.052E-22 9.776E+01.07590.097  719.55580.73-.001653        0 1 1 1        0 1 1 0                    R 18e     3655431815 5 3 3 3   351.0  333.0
 41 2216.617730 4.591E-24 1.007E+02.06670.076 2864.22960.75-.002259        0 3 1 1        0 3 1 0                    R 51f     3645431410 5 3 3 3   945.0  927.0
 44 2216.631802 1.354E-28 1.621E+00.07040.086 2777.76800.81-.001995        1 6 2 0        0 4 2 0                    P 34e     3655431310 5 3 3 3   603.0  621.0
 44 2216.638300 1.050E-22 9.775E+01.07590.097  719.79900.73-.001653        0 1 1 1        0 1 1 0                    R 18f     3655431815 5 3 3 3   351.0  333.0
 43 2216.646927 3.800E-28 1.037E+02.06310.065 3731.05470.69-.002542        0 2 2 1        0 2 2 0                    R 79e     3644431310 5 3 3 3   966.0  954.0
 41 2216.654070 1.161E-26 2.031E+02.06540.073 4267.89570.73-.002357        0 1 1 2        0 1 1 1                    R 59e     3545431410 5 3 3 3  1089.0 1071.0
 41 2216.670170 3.161E-28 3.744E-03.06790.079 2707.97180.77-.000384        0 7 3 0        1 1 1 0                    R 44f     3655431410 5 3 3 3   819.0  801.0
 44 2216.674058 1.419E-28 1.988E+00.06990.084 2822.04640.81-.001988        1 6 0 0        0 4 0 0                    P 36e     3655431310 5 3 3 3   639.0  657.0
 41 2216.695080 1.146E-26 2.031E+02.06540.073 4270.63160.73-.002357        0 1 1 2        0 1 1 1                    R 59f     3545431410 5 3 3 3  1089.0 1071.0
 45 2216.701539 2.596E-28 9.805E+01.06520.072 3276.13550.72-.002379        0 3 1 1        0 3 1 0                    R 61e     3645431310 5 3 3 3  6750.0 6642.0
 45 2216.705400 2.016E-23 9.871E+01.07910.102  660.40260.72-.001526        0 1 1 1        0 1 1 0                    R 13e     3655431815 5 3 3 3  1566.0 1458.0
 43 2216.713026 5.477E-28 1.031E+02.06320.066 3652.00050.69-.002534        0 2 0 1        0 2 0 0                    R 78e     3644431310 5 3 3 3   954.0  942.0
 45 2216.723600 2.015E-23 9.871E+01.07910.102  660.53930.72-.001526        0 1 1 1        0 1 1 0                    R 13f     3655431815 5 3 3 3  1566.0 1458.0
 44 2216.728458 1.348E-28 9.494E-01.06490.071 2800.17530.72-.001091        0 6 0 0        0 2 0 0                    P 64e     3645431310 5 3 3 3  1143.0 1161.0
 45 2216.759205 2.529E-28 9.795E+01.06520.072 3281.23360.72-.002379        0 3 1 1        0 3 1 0                    R 61f     3645431310 5 3 3 3  6750.0 6642.0
 41 2216.762720 4.444E-20 9.813E+01.08460.107  618.94780.72-.001384        0 1 1 1        0 1 1 0                    R  8e     3655431415 5 3 3 3   171.0  153.0
 44 2216.766600 9.979E-25 9.722E+01.06850.081 1836.92750.78-.002112        0 2 0 1        0 2 0 0                    R 41e     3655431810 5 3 3 3   765.0  747.0
 44 2216.770099 4.198E-27 1.965E+02.06720.077 3138.64620.75-.002217        0 0 0 2        0 0 0 1                    R 48e     3655431310 5 3 3 3   891.0  873.0
 41 2216.775590 4.443E-20 9.812E+01.08460.107  619.00480.72-.001384        0 1 1 1        0 1 1 0                    R  8f     3655431415 5 3 3 3   171.0  153.0
 41 2216.778230 4.973E-28 1.632E-01.06520.072 3456.62180.72-.000538        0 7 1 0        1 1 1 0                    R 61e     3645431410 5 3 3 3  1125.0 1107.0
 45 2216.780100 1.381E-22 1.177E+02.09060.112    8.13340.70-.001513        0 0 0 1        0 0 0 0                    P  4e     3655431816 5 3 3 3   378.0  486.0
 44 2216.787700 3.918E-25 8.966E+01.06790.079 2026.64170.77-.002159        1 0 0 1        1 0 0 0                    R 44e     3655431810 5 3 3 3   819.0  801.0
 41 2216.799930 2.877E-24 1.015E+02.06630.075 2969.50640.74-.002285        0 3 3 1        0 3 3 0                    R 53e     3645431410 5 3 3 3   981.0  963.0
 41 2216.805160 2.876E-24 1.014E+02.06630.075 2969.54430.74-.002285        0 3 3 1        0 3 3 0                    R 53f     3645431410 5 3 3 3   981.0  963.0
 41 2216.809910 1.812E-21 1.022E+02.07190.089 1518.76730.78-.001875        0 2 2 1        0 2 2 0                    R 28f     3655431410 5 3 3 3   531.0  513.0
 41 2216.815880 1.812E-21 1.022E+02.07190.089 1518.80580.78-.001875        0 2 2 1        0 2 2 0                    R 28e     3655431410 5 3 3 3   531.0  513.0
 45 2216.836200 4.146E-25 9.992E+01.07010.085 1646.14040.81-.001991        0 2 0 1        0 2 0 0                    R 34e     3655431810 5 3 3 3  3834.0 3726.0
 41 2216.849800 2.923E-26 8.764E-04.07830.101 1256.30470.72-.001552        0 2 2 1        0 2 0 0                    R 14e     3655431410 5 3 3 3   279.0  261.0
 41 2216.859650 7.004E-19 1.119E+02.08570.108   30.16790.71-.001845        0 0 0 1        0 0 0 0                    P  8e     3655431416 5 3 3 3   135.0  153.0
 43 2216.865469 2.832E-28 1.038E+02.06300.065 3794.32780.68-.002549        0 2 2 1        0 2 2 0                    R 80f     3644431310 5 3 3 3   978.0  966.0
 42 2216.866200 8.007E-24 1.007E+02.06500.071 1633.85280.72-.002390        0 0 0 1        0 0 0 0                    R 62e     3645431816 5 3 3 3   762.0  750.0
 45 2216.888613 1.463E-28 9.943E+01.06490.071 3403.35660.72-.002400        0 3 3 1        0 3 3 0                    R 63e     3645431310 5 3 3 3  6966.0 6858.0
 45 2216.893802 1.463E-28 9.942E+01.06490.071 3403.41240.72-.002400        0 3 3 1        0 3 3 0                    R 63f     3645431310 5 3 3 3  6966.0 6858.0
 43 2216.914543 2.809E-28 1.037E+02.06300.065 3795.71610.68-.002549        0 2 2 1        0 2 2 0                    R 80e     3644431310 5 3 3 3   978.0  966.0
 43 2216.916000 1.928E-23 1.046E+02.06790.079 1386.63640.77-.002159        0 1 1 1        0 1 1 0                    R 44e     3655431815 5 3 3 3   546.0  534.0
 44 2216.921926 1.035E-28 7.467E-01.07290.091 2617.42250.75-.001307        0 8 4 0        0 4 4 0                    P 26f     3655431310 5 3 3 3   459.0  477.0
 44 2216.921956 1.035E-28 7.467E-01.07290.091 2617.42250.75-.001307        0 8 4 0        0 4 4 0                    P 26e     3655431310 5 3 3 3   459.0  477.0
 44 2216.926969 1.054E-28 6.379E-01.06500.071 2765.72340.72-.001096        0 6 2 0        0 2 2 0                    P 63e     3645431310 5 3 3 3  1125.0 1143.0
 43 2216.952100 1.913E-23 1.046E+02.06790.079 1388.10500.77-.002159        0 1 1 1        0 1 1 0                    R 44f     3655431815 5 3 3 3   546.0  534.0
 43 2216.992438 4.068E-28 1.031E+02.06310.065 3715.70080.69-.002542        0 2 0 1        0 2 0 0                    R 79e     3644431610 5 3 3 3   966.0  954.0
 44 2216.996744 1.098E-28 6.256E-01.07120.088 2605.76760.80-.001284        0 4 0 1        0 0 0 1                    P 31e     3655431310 5 3 3 3   549.0  567.0
 41 2217.007350 2.067E-26 1.138E-02.06750.078 2085.46570.76-.002189        0 2 0 1        0 2 2 0                    R 46e     3655431410 5 3 3 3   855.0  837.0
 41 2217.014000 1.310E-24 9.362E+01.06620.075 3118.59620.74-.002297        1 1 1 1        1 1 1 0                    R 54e     3645431410 5 3 3 3   999.0  981.0
 45 2217.034580 3.529E-25 1.007E+02.06990.084 1686.46040.81-.002009        0 2 2 1        0 2 2 0                    R 35f     3655431310 5 3 3 3  3942.0 3834.0
 41 2217.034610 3.861E-24 1.008E+02.06650.076 2903.85990.74-.002272        0 3 1 1        0 3 1 0                    R 52e     3645431410 5 3 3 3   963.0  945.0
 45 2217.042315 3.528E-25 1.007E+02.06990.084 1686.52630.81-.002009        0 2 2 1        0 2 2 0                    R 35e     3655431310 5 3 3 3  3942.0 3834.0
 41 2217.044840 1.288E-24 9.334E+01.06620.075 3121.32220.74-.002297        1 1 1 1        1 1 1 0                    R 54f     3645431410 5 3 3 3   999.0  981.0
 44 2217.046545 4.723E-28 1.467E-01.06750.078 2098.25810.76-.000404        0 6 0 0        1 0 0 0                    R 46e     3655431310 5 3 3 3   855.0  837.0
 43 2217.050600 3.357E-21 1.042E+02.07490.095  170.01140.73-.001700        0 0 0 1        0 0 0 0                    R 20e     3655431816 5 3 3 3   258.0  246.0
 41 2217.061780 9.269E-27 2.032E+02.06530.072 4317.63470.72-.002368        0 1 1 2        0 1 1 1                    R 60e     3545431410 5 3 3 3  1107.0 1089.0
 44 2217.068300 8.235E-25 9.880E+01.06830.080 1884.50210.78-.002128        0 2 2 1        0 2 2 0                    R 42f     3655431810 5 3 3 3   783.0  765.0
 44 2217.073600 8.229E-25 9.878E+01.06830.080 1884.59730.78-.002128        0 2 2 1        0 2 2 0                    R 42e     3655431810 5 3 3 3   783.0  765.0
 41 2217.081450 1.003E-21 9.420E+01.07190.089 1623.60070.78-.001875        1 0 0 1        1 0 0 0                    R 28e     3655431410 5 3 3 3   531.0  513.0
 44 2217.086383 1.507E-28 1.630E+00.07070.086 2750.66170.81-.001998        1 6 2 0        0 4 2 0                    P 33f     3655431310 5 3 3 3   585.0  603.0
 41 2217.087880 1.174E-28 1.180E-03.06810.080 2669.48370.77-.000373        0 7 3 0        1 1 1 0                    R 43e     3655431410 5 3 3 3   801.0  783.0
 41 2217.097580 3.783E-24 1.008E+02.06650.076 2907.89870.74-.002272        0 3 1 1        0 3 1 0                    R 52f     3645431410 5 3 3 3   963.0  945.0
 45 2217.102106 2.065E-28 9.807E+01.06500.071 3326.44130.72-.002390        0 3 1 1        0 3 1 0                    R 62e     3645431310 5 3 3 3  6858.0 6750.0
 41 2217.102550 9.140E-27 2.031E+02.06530.072 4320.46290.72-.002368        0 1 1 2        0 1 1 1                    R 60f     3545431410 5 3 3 3  1107.0 1089.0
 44 2217.107859 3.344E-28 7.247E-01.06850.081 2470.17430.78-.001216        0 7 3 0        0 3 3 0                    P 42e     3655431310 5 3 3 3   747.0  765.0
 42 2217.117782 1.678E-28 6.621E-02.06670.076 2299.61620.75-.001154        0 6 0 0        0 2 0 0                    P 52e     3645431310 5 3 3 3   618.0  630.0
 43 2217.125858 2.086E-28 1.038E+02.06290.065 3859.73320.68-.002556        0 2 2 1        0 2 2 0                    R 81f     3644431310 5 3 3 3   990.0  978.0
 45 2217.127711 2.414E-27 2.014E+02.06870.081 2881.10430.78-.002095        0 0 0 2        0 0 0 1                    R 40e     3655431310 5 3 3 3  4482.0 4374.0
 42 2217.140906 1.190E-28 3.228E-02.06500.071 2262.37760.72-.001096        0 5 1 0        0 1 1 0                    P 63e     3645431310 5 3 3 3   750.0  762.0
 41 2217.142010 1.594E-23 2.056E+02.07070.086 2662.39190.81-.001953        0 0 0 2        0 0 0 1                    R 32e     3655431410 5 3 3 3   603.0  585.0
 44 2217.143987 3.341E-28 7.242E-01.06850.081 2470.17770.78-.001216        0 7 3 0        0 3 3 0                    P 42f     3655431310 5 3 3 3   747.0  765.0
 42 2217.152199 1.119E-28 1.089E-01.06870.081 2435.86040.78-.001223        0 7 1 0        0 3 1 0                    P 41e     3655431310 5 3 3 3   486.0  498.0
 45 2217.158100 1.873E-25 9.204E+01.06960.084 1803.95130.80-.002027        1 0 0 1        1 0 0 0                    R 36e     3655431810 5 3 3 3  4050.0 3942.0
 45 2217.158334 2.010E-28 9.797E+01.06500.071 3331.70020.72-.002390        0 3 1 1        0 3 1 0                    R 62f     3645431310 5 3 3 3  6858.0 6750.0
 44 2217.165057 2.097E-28 6.511E-01.06540.073 2618.22650.73-.001111        0 6 2 0        0 2 2 0                    P 60f     3645431310 5 3 3 3  1071.0 1089.0
 43 2217.175244 2.068E-28 1.037E+02.06290.065 3861.17740.68-.002556        0 2 2 1        0 2 2 0                    R 81e     3644431310 5 3 3 3   990.0  978.0
 41 2217.186170 2.556E-26 2.804E+00.06590.074 3213.96710.73-.000498        0 7 1 0        1 1 1 0                    R 56f     3645431410 5 3 3 3  1035.0 1017.0
 41 2217.192340 8.426E-28 5.426E-04.07360.093 1981.43440.74-.001768        0 3 3 1        0 3 1 0                    R 23f     3655431410 5 3 3 3   441.0  423.0
 44 2217.200476 3.441E-28 1.391E+00.06750.078 2621.74800.76-.001942        1 5 1 0        0 3 1 0                    P 47e     3655431310 5 3 3 3   837.0  855.0
 44 2217.226704 3.554E-27 1.966E+02.06700.077 3177.02230.75-.002231        0 0 0 2        0 0 0 1                    R 49e     3645431310 5 3 3 3   909.0  891.0
 41 2217.241180 1.899E-21 1.022E+02.07190.089 1508.94540.78-.001875        0 2 0 1        0 2 0 0                    R 28e     3655431410 5 3 3 3   531.0  513.0
 43 2217.249977 3.009E-28 1.031E+02.06300.065 3780.19790.68-.002549        0 2 0 1        0 2 0 0                    R 80e     3644431610 5 3 3 3   978.0  966.0
 41 2217.268800 2.351E-24 1.015E+02.06620.075 3014.83290.74-.002297        0 3 3 1        0 3 3 0                    R 54e     3645431410 5 3 3 3   999.0  981.0
 42 2217.270400 6.299E-24 1.008E+02.06490.071 1686.46810.72-.002400        0 0 0 1        0 0 0 0                    R 63e     3645431816 5 3 3 3   774.0  762.0
 41 2217.274480 2.350E-24 1.015E+02.06620.075 3014.87500.74-.002297        0 3 3 1        0 3 3 0                    R 54f     3645431410 5 3 3 3   999.0  981.0
 44 2217.274800 3.370E-25 8.968E+01.06770.079 2062.05760.76-.002174        1 0 0 1        1 0 0 0                    R 45e     3655431810 5 3 3 3   837.0  819.0
 45 2217.278641 1.154E-28 9.946E+01.06480.071 3455.44620.72-.002411        0 3 3 1        0 3 3 0                    R 64e     3645431310 5 3 3 3  7074.0 6966.0
 44 2217.278800 1.030E-22 9.798E+01.07540.096  734.59020.73-.001677        0 1 1 1        0 1 1 0                    R 19e     3655431815 5 3 3 3   369.0  351.0
 44 2217.282200 8.691E-25 9.727E+01.06830.080 1870.15490.78-.002128        0 2 0 1        0 2 0 0                    R 42e     3655431810 5 3 3 3   783.0  765.0
 41 2217.282540 6.756E-28 4.114E-04.07410.094 1961.32080.73-.001746        0 3 3 1        0 3 1 0                    R 22e     3655431410 5 3 3 3   423.0  405.0
 45 2217.284161 1.153E-28 9.944E+01.06480.071 3455.50690.72-.002411        0 3 3 1        0 3 3 0                    R 64f     3645431310 5 3 3 3  7074.0 6966.0
 41 2217.293420 9.440E-26 2.001E-02.06960.084 1840.38120.80-.000294        0 6 0 0        1 0 0 0                    R 36e     3655431410 5 3 3 3   675.0  657.0
 44 2217.295816 2.044E-28 1.386E+00.06700.077 2741.13200.75-.001929        1 5 1 0        0 3 1 0                    P 50f     3645431310 5 3 3 3   891.0  909.0
 44 2217.302700 1.029E-22 9.797E+01.07540.096  734.86050.73-.001677        0 1 1 1        0 1 1 0                    R 19f     3655431815 5 3 3 3   369.0  351.0
 44 2217.358379 1.498E-28 1.622E+00.07070.086 2750.78400.81-.001998        1 6 2 0        0 4 2 0                    P 33e     3655431310 5 3 3 3   585.0  603.0
 43 2217.379392 1.530E-28 1.038E+02.06280.065 3925.93710.68-.002563        0 2 2 1        0 2 2 0                    R 82f     3644431310 5 3 3 3  1002.0  990.0
 45 2217.411600 3.713E-25 1.000E+02.06990.084 1674.62670.81-.002009        0 2 0 1        0 2 0 0                    R 35e     3655431810 5 3 3 3  3942.0 3834.0
 43 2217.416900 1.650E-23 1.047E+02.06770.079 1423.02930.76-.002174        0 1 1 1        0 1 1 0                    R 45e     3655431815 5 3 3 3   558.0  546.0
 45 2217.420000 2.045E-23 9.910E+01.07830.101  671.79240.72-.001552        0 1 1 1        0 1 1 0                    R 14e     3655431815 5 3 3 3  1674.0 1566.0
 43 2217.429007 1.516E-28 1.037E+02.06280.065 3927.43820.68-.002563        0 2 2 1        0 2 2 0                    R 82e     3644431310 5 3 3 3  1002.0  990.0
 45 2217.439200 2.043E-23 9.910E+01.07830.101  671.95020.72-.001552        0 1 1 1        0 1 1 0                    R 14f     3655431815 5 3 3 3  1674.0 1566.0
 41 2217.445790 1.666E-21 1.024E+02.07150.088 1543.11690.79-.001895        0 2 2 1        0 2 2 0                    R 29f     3655431410 5 3 3 3   549.0  531.0
 41 2217.452320 1.801E-26 1.177E-02.06730.078 2124.90360.76-.002203        0 2 0 1        0 2 2 0                    R 47e     3655431410 5 3 3 3   873.0  855.0
 41 2217.452380 1.666E-21 1.024E+02.07150.088 1543.16110.79-.001895        0 2 2 1        0 2 2 0                    R 29e     3655431410 5 3 3 3   549.0  531.0
 43 2217.453100 1.637E-23 1.046E+02.06770.079 1424.56450.76-.002174        0 1 1 1        0 1 1 0                    R 45f     3655431815 5 3 3 3   558.0  546.0
 44 2217.457364 1.586E-28 1.991E+00.07010.085 2793.52930.81-.001992        1 6 0 0        0 4 0 0                    P 35e     3655431310 5 3 3 3   621.0  639.0
 41 2217.461060 1.067E-24 9.365E+01.06600.074 3164.40130.74-.002310        1 1 1 1        1 1 1 0                    R 55e     3645431410 5 3 3 3  1017.0  999.0
 41 2217.462430 7.366E-27 2.032E+02.06520.072 4368.19740.72-.002379        0 1 1 2        0 1 1 1                    R 61e     3545431410 5 3 3 3  1125.0 1107.0
 41 2217.476710 9.040E-25 8.494E-02.07190.089 1623.60070.78-.000198        0 6 2 0        1 0 0 0                    R 28e     3655431410 5 3 3 3   531.0  513.0
 41 2217.494100 1.045E-24 9.298E+01.06600.074 3167.22940.74-.002310        1 1 1 1        1 1 1 0                    R 55f     3645431410 5 3 3 3  1017.0  999.0
 45 2217.495955 1.636E-28 9.808E+01.06490.071 3377.55260.72-.002400        0 3 1 1        0 3 1 0                    R 63e     3645431310 5 3 3 3  6966.0 6858.0
 44 2217.496100 1.839E-22 6.732E+01.09620.119    0.00000.69-.001089        0 0 0 1        0 0 0 0                    R  0e     3655431816 5 3 3 3    27.0    9.0
 41 2217.502940 7.261E-27 2.032E+02.06520.072 4371.11940.72-.002379        0 1 1 2        0 1 1 1                    R 61f     3545431410 5 3 3 3  1125.0 1107.0
 41 2217.508480 3.171E-24 1.009E+02.06630.075 2948.21300.74-.002285        0 3 1 1        0 3 1 0                    R 53e     3645431410 5 3 3 3   981.0  963.0
 43 2217.508855 2.217E-28 1.030E+02.06290.065 3845.49140.68-.002556        0 2 0 1        0 2 0 0                    R 81e     3644431310 5 3 3 3   990.0  978.0
 44 2217.523452 1.698E-28 9.508E-01.06500.071 2749.65950.72-.001096        0 6 0 0        0 2 0 0                    P 63e     3645431310 5 3 3 3  1125.0 1143.0
 41 2217.532750 4.772E-20 9.896E+01.08330.106  626.49240.72-.001414        0 1 1 1        0 1 1 0                    R  9e     3655431415 5 3 3 3   189.0  171.0
 41 2217.546900 4.771E-20 9.896E+01.08330.106  626.56370.72-.001414        0 1 1 1        0 1 1 0                    R  9f     3655431415 5 3 3 3   189.0  171.0
 45 2217.550673 1.591E-28 9.798E+01.06490.071 3382.97430.72-.002400        0 3 1 1        0 3 1 0                    R 63f     3645431310 5 3 3 3  6966.0 6858.0
 41 2217.570460 3.104E-24 1.008E+02.06630.075 2952.40270.74-.002285        0 3 1 1        0 3 1 0                    R 53f     3645431410 5 3 3 3   981.0  963.0
 44 2217.572664 1.320E-28 6.374E-01.06520.072 2715.88730.72-.001101        0 6 2 0        0 2 2 0                    P 62e     3645431310 5 3 3 3  1107.0 1125.0
 44 2217.580400 7.141E-25 9.888E+01.06810.080 1918.56140.77-.002143        0 2 2 1        0 2 2 0                    R 43f     3655431810 5 3 3 3   801.0  783.0
 44 2217.585800 7.136E-25 9.885E+01.06810.080 1918.66550.77-.002143        0 2 2 1        0 2 2 0                    R 43e     3655431810 5 3 3 3   801.0  783.0
 41 2217.589550 3.376E-26 1.011E-03.07770.100 1268.89900.73-.001578        0 2 2 1        0 2 0 0                    R 15e     3655431410 5 3 3 3   297.0  279.0
 45 2217.606249 3.146E-25 1.008E+02.06960.084 1715.78710.80-.002027        0 2 2 1        0 2 2 0                    R 36f     3655431310 5 3 3 3  4050.0 3942.0
 45 2217.613400 1.052E-22 1.237E+02.09220.114    4.88000.70-.001400        0 0 0 1        0 0 0 0                    P  3e     3655431816 5 3 3 3   270.0  378.0
 45 2217.614586 3.144E-25 1.008E+02.06960.084 1715.86060.80-.002027        0 2 2 1        0 2 2 0                    R 36e     3655431310 5 3 3 3  4050.0 3942.0
 43 2217.626063 1.117E-28 1.038E+02.06270.064 3992.93910.68-.002570        0 2 2 1        0 2 2 0                    R 83f     3644431310 5 3 3 3  1014.0 1002.0
 45 2217.650464 2.106E-27 2.015E+02.06850.081 2914.13240.78-.002112        0 0 0 2        0 0 0 1                    R 41e     3655431310 5 3 3 3  4590.0 4482.0
 42 2217.667800 4.935E-24 1.008E+02.06480.071 1739.91290.72-.002411        0 0 0 1        0 0 0 0                    R 64e     3645431816 5 3 3 3   786.0  774.0
 43 2217.675844 1.107E-28 1.037E+02.06270.064 3994.49830.68-.002570        0 2 2 1        0 2 2 0                    R 83e     3644431310 5 3 3 3  1014.0 1002.0
 44 2217.676716 2.996E-27 1.967E+02.06680.076 3216.17840.75-.002245        0 0 0 2        0 0 0 1                    R 50e     3645431310 5 3 3 3   927.0  909.0
 44 2217.693314 1.098E-28 7.463E-01.07330.092 2596.75480.74-.001309        0 8 4 0        0 4 4 0                    P 25f     3655431310 5 3 3 3   441.0  459.0
 44 2217.693334 1.098E-28 7.463E-01.07330.092 2596.75480.74-.001309        0 8 4 0        0 4 4 0                    P 25e     3655431310 5 3 3 3   441.0  459.0
 41 2217.706230 9.229E-22 9.437E+01.07150.088 1647.78470.79-.001895        1 0 0 1        1 0 0 0                    R 29e     3655431410 5 3 3 3   549.0  531.0
 45 2217.710600 1.663E-25 9.211E+01.06940.083 1833.89290.80-.002044        1 0 0 1        1 0 0 0                    R 37e     3655431810 5 3 3 3  4158.0 4050.0
 43 2217.711600 3.239E-21 1.045E+02.07450.094  187.00930.73-.001723        0 0 0 1        0 0 0 0                    R 21e     3655431816 5 3 3 3   270.0  258.0
 44 2217.713699 1.199E-28 6.284E-01.07150.088 2581.46060.79-.001290        0 4 0 1        0 0 0 1                    P 30e     3655431310 5 3 3 3   531.0  549.0
 41 2217.730790 1.912E-24 1.016E+02.06600.074 3060.99460.74-.002310        0 3 3 1        0 3 3 0                    R 55e     3645431410 5 3 3 3  1017.0  999.0
 41 2217.735610 1.437E-23 2.058E+02.07040.086 2689.79360.81-.001972        0 0 0 2        0 0 0 1                    R 33e     3655431410 5 3 3 3   621.0  603.0
 41 2217.736950 1.912E-24 1.015E+02.06600.074 3061.04120.74-.002310        0 3 3 1        0 3 3 0                    R 55f     3645431410 5 3 3 3  1017.0  999.0
 41 2217.745870 6.333E-19 1.132E+02.08680.109   23.46410.71-.001777        0 0 0 1        0 0 0 0                    P  7e     3655431416 5 3 3 3   117.0  135.0
 42 2217.746474 1.158E-28 4.743E-02.06670.076 2307.26970.75-.001154        0 6 2 0        0 2 2 0                    P 52f     3645431310 5 3 3 3   618.0  630.0
 44 2217.755200 2.884E-25 8.963E+01.06750.078 2098.25810.76-.002189        1 0 0 1        1 0 0 0                    R 46e     3655431810 5 3 3 3   855.0  837.0
 43 2217.760444 1.627E-28 1.030E+02.06280.065 3911.58100.68-.002563        0 2 0 1        0 2 0 0                    R 82e     3644431310 5 3 3 3  1002.0  990.0
 44 2217.791400 7.537E-25 9.733E+01.06810.080 1904.17040.77-.002143        0 2 0 1        0 2 0 0                    R 43e     3655431810 5 3 3 3   801.0  783.0
 41 2217.797360 1.036E-28 1.774E-01.06750.078 3735.36790.76-.001184        0 5 1 1        0 1 1 1                    P 47e     3655431410 5 3 3 3   837.0  855.0
 41 2217.828490 6.149E-28 2.555E-01.06500.071 3508.22130.72-.000546        0 7 1 0        1 1 1 0                    R 62e     3645431410 5 3 3 3  1143.0 1125.0
 41 2217.831540 2.247E-28 3.130E-03.06770.079 2745.56290.76-.000394        0 7 3 0        1 1 1 0                    R 45f     3655431410 5 3 3 3   837.0  819.0
 44 2217.846711 1.658E-28 1.631E+00.07090.087 2724.48400.81-.002001        1 6 2 0        0 4 2 0                    P 32f     3655431310 5 3 3 3   567.0  585.0
 41 2217.849180 8.763E-28 5.985E-04.07330.092 2001.63420.74-.001790        0 3 3 1        0 3 1 0                    R 24f     3655431410 5 3 3 3   459.0  441.0
 44 2217.853258 3.838E-28 7.253E-01.06870.081 2436.85910.78-.001223        0 7 3 0        0 3 3 0                    P 41e     3655431310 5 3 3 3   729.0  747.0
 41 2217.856010 5.829E-27 2.033E+02.06500.071 4419.58370.72-.002390        0 1 1 2        0 1 1 1                    R 62e     3545431410 5 3 3 3  1143.0 1125.0
 41 2217.876000 1.746E-21 1.023E+02.07150.088 1533.27680.79-.001895        0 2 0 1        0 2 0 0                    R 29e     3655431410 5 3 3 3   549.0  531.0
 45 2217.883130 1.290E-28 9.810E+01.06480.071 3429.46900.72-.002411        0 3 1 1        0 3 1 0                    R 64e     3645431310 5 3 3 3  7074.0 6966.0
 44 2217.884506 3.834E-28 7.246E-01.06870.081 2436.86200.78-.001223        0 7 3 0        0 3 3 0                    P 41f     3655431310 5 3 3 3   729.0  747.0
 41 2217.887320 1.560E-26 1.215E-02.06720.077 2165.17810.75-.002217        0 2 0 1        0 2 2 0                    R 48e     3655431410 5 3 3 3   891.0  873.0
 41 2217.896220 5.743E-27 2.032E+02.06500.071 4422.60090.72-.002390        0 1 1 2        0 1 1 1                    R 62f     3545431410 5 3 3 3  1143.0 1125.0
 41 2217.901140 8.655E-25 9.367E+01.06590.074 3211.03490.73-.002322        1 1 1 1        1 1 1 0                    R 56e     3645431410 5 3 3 3  1035.0 1017.0
 44 2217.908402 2.594E-28 6.508E-01.06560.073 2570.77040.73-.001116        0 6 2 0        0 2 2 0                    P 59f     3645431310 5 3 3 3  1053.0 1071.0
 43 2217.910900 1.408E-23 1.047E+02.06750.078 1460.22830.76-.002189        0 1 1 1        0 1 1 0                    R 46e     3655431815 5 3 3 3   570.0  558.0
 42 2217.930851 2.032E-28 6.620E-02.06680.076 2256.08920.75-.001160        0 6 0 0        0 2 0 0                    P 51e     3645431310 5 3 3 3   606.0  618.0
 44 2217.935700 1.001E-22 9.818E+01.07490.095  750.41550.73-.001700        0 1 1 1        0 1 1 0                    R 20e     3655431815 5 3 3 3   387.0  369.0
 45 2217.936218 1.254E-28 9.799E+01.06480.071 3435.05570.72-.002411        0 3 1 1        0 3 1 0                    R 64f     3645431310 5 3 3 3  7074.0 6966.0
 42 2217.939849 1.510E-28 3.224E-02.06520.072 2209.74850.72-.001101        0 5 1 0        0 1 1 0                    P 62e     3645431310 5 3 3 3   738.0  750.0
 41 2217.942950 8.282E-25 9.092E+01.06590.074 3213.96710.73-.002322        1 1 1 1        1 1 1 0                    R 56f     3645431410 5 3 3 3  1035.0 1017.0
 43 2217.947100 1.396E-23 1.047E+02.06750.078 1461.83150.76-.002189        0 1 1 1        0 1 1 0                    R 46f     3655431815 5 3 3 3   570.0  558.0
 44 2217.960500 9.999E-23 9.818E+01.07490.095  750.71410.73-.001700        0 1 1 1        0 1 1 0                    R 20f     3655431815 5 3 3 3   387.0  369.0
 42 2217.973775 1.288E-28 1.088E-01.06890.082 2401.51590.79-.001229        0 7 1 0        0 3 1 0                    P 40e     3655431310 5 3 3 3   474.0  486.0
 41 2217.975500 2.592E-24 1.009E+02.06620.075 2993.39830.74-.002297        0 3 1 1        0 3 1 0                    R 54e     3645431410 5 3 3 3   999.0  981.0
 45 2217.980000 3.309E-25 1.001E+02.06960.084 1703.92470.80-.002027        0 2 0 1        0 2 0 0                    R 36e     3655431810 5 3 3 3  4050.0 3942.0
 44 2217.992252 4.031E-28 1.391E+00.06770.079 2584.60130.76-.001946        1 5 1 0        0 3 1 0                    P 46e     3655431310 5 3 3 3   819.0  837.0
 44 2217.997255 2.427E-28 1.387E+00.06720.077 2701.50100.75-.001933        1 5 1 0        0 3 1 0                    P 49f     3655431310 5 3 3 3   873.0  891.0
 43 2218.005188 1.189E-28 1.030E+02.06270.064 3978.46630.68-.002570        0 2 0 1        0 2 0 0                    R 83e     3644431310 5 3 3 3  1014.0 1002.0
 41 2218.014870 6.981E-28 4.481E-04.07360.093 1980.61150.74-.001768        0 3 3 1        0 3 1 0                    R 23e     3655431410 5 3 3 3   441.0  423.0
 44 2218.027765 5.323E-27 1.940E+00.06730.078 2135.24300.76-.000415        0 6 0 0        1 0 0 0                    R 47e     3655431310 5 3 3 3   873.0  855.0
 41 2218.036360 2.536E-24 1.008E+02.06620.075 2997.74130.74-.002297        0 3 1 1        0 3 1 0                    R 54f     3645431410 5 3 3 3   999.0  981.0
 42 2218.058300 3.849E-24 1.009E+02.06460.070 1794.18680.71-.002421        0 0 0 1        0 0 0 0                    R 65e     3645431816 5 3 3 3   798.0  786.0
 41 2218.074800 1.524E-21 1.025E+02.07120.088 1568.30490.80-.001915        0 2 2 1        0 2 2 0                    R 30f     3655431410 5 3 3 3   567.0  549.0
 41 2218.082050 1.523E-21 1.025E+02.07120.088 1568.35520.80-.001915        0 2 2 1        0 2 2 0                    R 30e     3655431410 5 3 3 3   567.0  549.0
 44 2218.085900 6.165E-25 9.895E+01.06790.079 1953.41030.77-.002159        0 2 2 1        0 2 2 0                    R 44f     3655431810 5 3 3 3   819.0  801.0
 44 2218.088060 1.650E-28 1.624E+00.07090.087 2724.59270.81-.002001        1 6 2 0        0 4 2 0                    P 32e     3655431310 5 3 3 3   567.0  585.0
 44 2218.091500 6.160E-25 9.892E+01.06790.079 1953.52390.77-.002159        0 2 2 1        0 2 2 0                    R 44e     3655431810 5 3 3 3   819.0  801.0
 44 2218.120040 2.516E-27 1.968E+02.06670.076 3256.11440.75-.002259        0 0 0 2        0 0 0 1                    R 51e     3645431310 5 3 3 3   945.0  927.0
 45 2218.127900 2.057E-23 9.940E+01.07770.100  683.99560.73-.001578        0 1 1 1        0 1 1 0                    R 15e     3655431815 5 3 3 3  1782.0 1674.0
 45 2218.148200 2.055E-23 9.940E+01.07770.100  684.17590.73-.001578        0 1 1 1        0 1 1 0                    R 15f     3655431815 5 3 3 3  1782.0 1674.0
 45 2218.166326 1.829E-27 2.017E+02.06830.080 2947.96380.78-.002128        0 0 0 2        0 0 0 1                    R 42e     3655431310 5 3 3 3  4698.0 4590.0
 45 2218.171259 2.791E-25 1.009E+02.06940.083 1745.92670.80-.002044        0 2 2 1        0 2 2 0                    R 37f     3655431310 5 3 3 3  4158.0 4050.0
 45 2218.180219 2.789E-25 1.008E+02.06940.083 1746.00830.80-.002044        0 2 2 1        0 2 2 0                    R 37e     3655431310 5 3 3 3  4158.0 4050.0
 41 2218.185900 1.549E-24 1.016E+02.06590.074 3107.99130.73-.002322        0 3 3 1        0 3 3 0                    R 56e     3645431410 5 3 3 3  1035.0 1017.0
 41 2218.192570 1.548E-24 1.016E+02.06590.074 3108.04280.73-.002322        0 3 3 1        0 3 3 0                    R 56f     3645431410 5 3 3 3  1035.0 1017.0
 44 2218.220305 1.646E-28 6.370E-01.06530.072 2666.83760.72-.001106        0 6 2 0        0 2 2 0                    P 61e     3645431310 5 3 3 3  1089.0 1107.0
 44 2218.236200 2.411E-25 8.789E+01.06730.078 2135.24300.76-.002203        1 0 0 1        1 0 0 0                    R 47e     3655431810 5 3 3 3   873.0  855.0
 44 2218.239049 1.764E-28 1.995E+00.07040.086 2765.80180.81-.001995        1 6 0 0        0 4 0 0                    P 34e     3655431310 5 3 3 3   603.0  621.0
 41 2218.242530 4.594E-27 2.033E+02.06490.071 4471.79310.72-.002400        0 1 1 2        0 1 1 1                    R 63e     3545431410 5 3 3 3  1161.0 1143.0
 41 2218.255430 4.084E-25 5.556E+01.06570.073 3261.53500.73-.002334        1 1 1 1        1 1 1 0                    R 57f     3645431410 5 3 3 3  1053.0 1035.0
 45 2218.256500 1.469E-25 9.217E+01.06920.083 1864.64180.79-.002062        1 0 0 1        1 0 0 0                    R 38e     3655431810 5 3 3 3  4266.0 4158.0
 45 2218.263594 1.014E-28 9.811E+01.06460.070 3482.19020.71-.002421        0 3 1 1        0 3 1 0                    R 65e     3645431310 5 3 3 3  7182.0 7074.0
 44 2218.274300 3.665E-22 8.086E+01.09410.116    0.79120.70-.001133        0 0 0 1        0 0 0 0                    R  1e     3655431816 5 3 3 3    45.0   27.0
 41 2218.282400 4.524E-27 2.033E+02.06490.071 4474.90720.72-.002400        0 1 1 2        0 1 1 1                    R 63f     3545431410 5 3 3 3  1161.0 1143.0
 44 2218.293800 6.507E-25 9.738E+01.06790.079 1938.97410.77-.002159        0 2 0 1        0 2 0 0                    R 44e     3655431810 5 3 3 3   819.0  801.0
 41 2218.295920 5.049E-20 9.969E+01.08200.105  634.87530.72-.001443        0 1 1 1        0 1 1 0                    R 10e     3655431415 5 3 3 3   207.0  189.0
 41 2218.311320 5.047E-20 9.969E+01.08200.105  634.96240.72-.001443        0 1 1 1        0 1 1 0                    R 10f     3655431415 5 3 3 3   207.0  189.0
 41 2218.312290 1.342E-26 1.252E-02.06700.077 2206.28890.75-.002231        0 2 0 1        0 2 2 0                    R 49e     3645431410 5 3 3 3   909.0  891.0
 44 2218.317053 2.129E-28 9.523E-01.06520.072 2699.92690.72-.001101        0 6 0 0        0 2 0 0                    P 62e     3645431310 5 3 3 3  1107.0 1125.0
 41 2218.322160 1.290E-23 2.059E+02.07010.085 2718.02410.81-.001991        0 0 0 2        0 0 0 1                    R 34e     3655431410 5 3 3 3   639.0  621.0
 41 2218.323290 3.838E-26 1.158E-03.07700.099 1282.33230.73-.001603        0 2 2 1        0 2 0 0                    R 16e     3655431410 5 3 3 3   315.0  297.0
 41 2218.323850 8.446E-22 9.447E+01.07120.088 1672.80140.80-.001915        1 0 0 1        1 0 0 0                    R 30e     3655431410 5 3 3 3   567.0  549.0
 41 2218.334250 6.990E-25 9.370E+01.06570.073 3258.49670.73-.002334        1 1 1 1        1 1 1 0                    R 57e     3645431410 5 3 3 3  1053.0 1035.0
 41 2218.345060 1.028E-25 2.468E-02.06940.083 1871.22320.80-.000306        0 6 0 0        1 0 0 0                    R 37e     3655431410 5 3 3 3   693.0  675.0
 43 2218.365700 3.106E-21 1.047E+02.07410.094  204.81610.73-.001746        0 0 0 1        0 0 0 0                    R 22e     3655431816 5 3 3 3   282.0  270.0
 43 2218.398000 1.195E-23 1.048E+02.06730.078 1498.23300.76-.002203        0 1 1 1        0 1 1 0                    R 47e     3655431815 5 3 3 3   582.0  570.0
 44 2218.432000 1.304E-28 6.312E-01.07190.089 2557.93670.78-.001295        0 4 0 1        0 0 0 1                    P 29e     3655431310 5 3 3 3   513.0  531.0
 43 2218.434300 1.185E-23 1.048E+02.06730.078 1499.90570.76-.002203        0 1 1 1        0 1 1 0                    R 47f     3655431815 5 3 3 3   582.0  570.0
 41 2218.435620 2.110E-24 1.010E+02.06600.074 3039.41550.74-.002310        0 3 1 1        0 3 1 0                    R 55e     3645431410 5 3 3 3  1017.0  999.0
 45 2218.440100 7.104E-23 1.375E+02.09410.116    2.44000.70-.001273        0 0 0 1        0 0 0 0                    P  2e     3655431816 5 3 3 3   162.0  270.0
 42 2218.441900 2.990E-24 1.009E+02.06450.070 1849.28970.71-.002430        0 0 0 1        0 0 0 0                    R 66e     3645431816 5 3 3 3   810.0  798.0
 44 2218.465655 1.159E-28 7.458E-01.07360.093 2576.88130.74-.001312        0 8 4 0        0 4 4 0                    P 24f     3655431310 5 3 3 3   423.0  441.0
 44 2218.465668 1.159E-28 7.458E-01.07360.093 2576.88130.74-.001312        0 8 4 0        0 4 4 0                    P 24e     3655431310 5 3 3 3   423.0  441.0
 42 2218.491498 1.401E-28 4.739E-02.06680.076 2263.68810.75-.001160        0 6 2 0        0 2 2 0                    P 51f     3645431310 5 3 3 3   606.0  618.0
 41 2218.495290 2.062E-24 1.009E+02.06600.074 3043.91420.74-.002310        0 3 1 1        0 3 1 0                    R 55f     3645431410 5 3 3 3  1017.0  999.0
 41 2218.498840 9.033E-28 6.580E-04.07290.091 2022.67450.75-.001812        0 3 3 1        0 3 1 0                    R 25f     3655431410 5 3 3 3   477.0  459.0
 41 2218.500760 2.808E-25 3.820E+01.06570.073 3261.53500.73-.000506        0 7 1 0        1 1 1 0                    R 57f     3645431410 5 3 3 3  1053.0 1035.0
 41 2218.503920 1.596E-21 1.024E+02.07120.088 1558.44560.80-.001915        0 2 0 1        0 2 0 0                    R 30e     3655431410 5 3 3 3   567.0  549.0
 45 2218.541200 2.936E-25 1.002E+02.06940.083 1734.03420.80-.002044        0 2 0 1        0 2 0 0                    R 37e     3655431810 5 3 3 3  4158.0 4050.0
 44 2218.556680 2.103E-27 1.969E+02.06650.076 3296.83010.74-.002272        0 0 0 2        0 0 0 1                    R 52e     3645431310 5 3 3 3   963.0  945.0
 41 2218.572050 1.227E-28 1.777E-01.06770.079 3696.35920.76-.001190        0 5 1 1        0 1 1 1                    P 46e     3655431410 5 3 3 3   819.0  837.0
 41 2218.581580 1.944E-25 1.989E-02.07150.088 1647.78470.79-.000210        0 6 2 0        1 0 0 0                    R 29e     3655431410 5 3 3 3   549.0  531.0
 44 2218.585100 5.300E-25 9.901E+01.06770.079 1989.04850.76-.002174        0 2 2 1        0 2 2 0                    R 45f     3655431810 5 3 3 3   837.0  819.0
 44 2218.586100 9.678E-23 9.837E+01.07450.094  767.03150.73-.001723        0 1 1 1        0 1 1 0                    R 21e     3655431815 5 3 3 3   405.0  387.0
 44 2218.590800 5.295E-25 9.899E+01.06770.079 1989.17220.76-.002174        0 2 2 1        0 2 2 0                    R 45e     3655431810 5 3 3 3   837.0  819.0
 44 2218.599672 4.383E-28 7.257E-01.06890.082 2404.33480.79-.001229        0 7 3 0        0 3 3 0                    P 40e     3655431310 5 3 3 3   711.0  729.0
 44 2218.607648 1.816E-28 1.632E+00.07120.088 2699.09800.80-.002003        1 6 2 0        0 4 2 0                    P 31f     3655431310 5 3 3 3   549.0  567.0
 44 2218.611900 9.662E-23 9.837E+01.07450.094  767.36000.73-.001723        0 1 1 1        0 1 1 0                    R 21f     3655431815 5 3 3 3   405.0  387.0
 41 2218.621980 3.604E-27 2.034E+02.06480.071 4524.82550.72-.002411        0 1 1 2        0 1 1 1                    R 64e     3545431410 5 3 3 3  1179.0 1161.0
 41 2218.625220 5.587E-19 1.148E+02.08800.110   17.59820.71-.001699        0 0 0 1        0 0 0 0                    P  6e     3655431416 5 3 3 3    99.0  117.0
 44 2218.626547 4.379E-28 7.250E-01.06890.082 2404.33740.79-.001229        0 7 3 0        0 3 3 0                    P 40f     3655431310 5 3 3 3   711.0  729.0
 41 2218.634130 1.249E-24 1.017E+02.06570.073 3155.82280.73-.002334        0 3 3 1        0 3 3 0                    R 57e     3645431410 5 3 3 3  1053.0 1035.0
 41 2218.641330 1.248E-24 1.016E+02.06570.073 3155.87960.73-.002334        0 3 3 1        0 3 3 0                    R 57f     3645431410 5 3 3 3  1053.0 1035.0
 44 2218.651303 3.195E-28 6.505E-01.06570.073 2524.10070.73-.001121        0 6 2 0        0 2 2 0                    P 58f     3645431310 5 3 3 3  1035.0 1053.0
 41 2218.661490 3.548E-27 2.033E+02.06480.071 4528.03780.72-.002411        0 1 1 2        0 1 1 1                    R 64f     3545431410 5 3 3 3  1179.0 1161.0
 45 2218.675323 1.581E-27 2.018E+02.06810.080 2982.59830.77-.002143        0 0 0 2        0 0 0 1                    R 43e     3655431310 5 3 3 3  4806.0 4698.0
 44 2218.687200 2.069E-25 8.882E+01.06720.077 2173.01200.75-.002217        1 0 0 1        1 0 0 0                    R 48e     3655431810 5 3 3 3   891.0  873.0
 41 2218.696920 1.386E-21 1.027E+02.07090.087 1594.33110.81-.001934        0 2 2 1        0 2 2 0                    R 31f     3655431410 5 3 3 3   585.0  567.0
 44 2218.698900 2.870E-28 1.387E+00.06730.078 2662.65890.76-.001938        1 5 1 0        0 3 1 0                    P 48f     3655431310 5 3 3 3   855.0  873.0
 41 2218.704870 1.386E-21 1.027E+02.07090.087 1594.38820.81-.001934        0 2 2 1        0 2 2 0                    R 31e     3655431410 5 3 3 3   585.0  567.0
 41 2218.727150 1.146E-26 1.287E-02.06680.076 2248.23590.75-.002245        0 2 0 1        0 2 2 0                    R 50e     3645431410 5 3 3 3   927.0  909.0
 45 2218.729602 2.465E-25 1.010E+02.06920.083 1776.87890.79-.002062        0 2 2 1        0 2 2 0                    R 38f     3655431310 5 3 3 3  4266.0 4158.0
 42 2218.738374 1.907E-28 3.221E-02.06530.072 2157.94920.72-.001106        0 5 1 0        0 1 1 0                    P 61e     3645431310 5 3 3 3   726.0  738.0
 45 2218.739212 2.463E-25 1.009E+02.06920.083 1776.96920.79-.002062        0 2 2 1        0 2 2 0                    R 38e     3655431310 5 3 3 3  4266.0 4158.0
 41 2218.742930 7.143E-28 4.862E-04.07330.092 2000.73990.74-.001790        0 3 3 1        0 3 1 0                    R 24e     3655431410 5 3 3 3   459.0  441.0
 42 2218.755353 2.452E-28 6.628E-02.06700.077 2213.39430.75-.001166        0 6 0 0        0 2 0 0                    P 50e     3645431310 5 3 3 3   594.0  606.0
 41 2218.760420 5.621E-25 9.371E+01.06560.073 3306.78650.73-.002345        1 1 1 1        1 1 1 0                    R 58e     3645431410 5 3 3 3  1071.0 1053.0
 41 2218.762520 5.414E-25 9.166E+01.06560.073 3309.93290.73-.002345        1 1 1 1        1 1 1 0                    R 58f     3645431410 5 3 3 3  1071.0 1053.0
 44 2218.767592 4.702E-28 1.391E+00.06790.079 2548.25760.77-.001951        1 5 1 0        0 3 1 0                    P 45e     3655431310 5 3 3 3   801.0  819.0
 44 2218.789800 5.594E-25 9.743E+01.06770.079 1974.56550.76-.002174        0 2 0 1        0 2 0 0                    R 45e     3655431810 5 3 3 3   837.0  819.0
 42 2218.794809 1.476E-28 1.087E-01.06920.083 2368.00640.79-.001236        0 7 1 0        0 3 1 0                    P 39e     3655431310 5 3 3 3   462.0  474.0
 45 2218.795400 1.293E-25 9.223E+01.06890.082 1896.19800.79-.002079        1 0 0 1        1 0 0 0                    R 39e     3655431810 5 3 3 3  4374.0 4266.0
 42 2218.818500 2.313E-24 1.010E+02.06440.070 1905.22110.71-.002440        0 0 0 1        0 0 0 0                    R 67e     3645431816 5 3 3 3   822.0  810.0
 44 2218.820797 1.808E-28 1.625E+00.07120.088 2699.19430.80-.002003        1 6 2 0        0 4 2 0                    P 31e     3655431310 5 3 3 3   549.0  567.0
 45 2218.829300 2.052E-23 9.969E+01.07700.099  697.01190.73-.001603        0 1 1 1        0 1 1 0                    R 16e     3655431815 5 3 3 3  1890.0 1782.0
 45 2218.850600 2.050E-23 9.969E+01.07700.099  697.21620.73-.001603        0 1 1 1        0 1 1 0                    R 16f     3655431815 5 3 3 3  1890.0 1782.0
 44 2218.870094 2.044E-28 6.367E-01.06540.073 2618.57450.73-.001111        0 6 2 0        0 2 2 0                    P 60e     3645431310 5 3 3 3  1071.0 1089.0
 43 2218.878500 1.010E-23 1.049E+02.06720.077 1537.04320.75-.002217        0 1 1 1        0 1 1 0                    R 48e     3655431815 5 3 3 3   594.0  582.0
 41 2218.879140 8.707E-28 4.600E-01.06490.071 3560.64760.72-.000553        0 7 1 0        1 1 1 0                    R 63e     3645431410 5 3 3 3  1161.0 1143.0
 41 2218.888870 1.710E-24 1.010E+02.06590.074 3086.26440.73-.002322        0 3 1 1        0 3 1 0                    R 56e     3645431410 5 3 3 3  1035.0 1017.0
 41 2218.901650 1.152E-23 2.061E+02.06990.084 2747.08310.81-.002009        0 0 0 2        0 0 0 1                    R 35e     3655431410 5 3 3 3   657.0  639.0
 43 2218.914700 1.001E-23 1.048E+02.06720.077 1538.78690.75-.002217        0 1 1 1        0 1 1 0                    R 48f     3655431815 5 3 3 3   594.0  582.0
 41 2218.934390 7.689E-22 9.457E+01.07090.087 1698.65070.81-.001934        1 0 0 1        1 0 0 0                    R 31e     3655431410 5 3 3 3   585.0  567.0
 41 2218.947240 1.670E-24 1.009E+02.06590.074 3090.92120.73-.002322        0 3 1 1        0 3 1 0                    R 56f     3645431410 5 3 3 3  1035.0 1017.0
 44 2218.986635 1.751E-27 1.969E+02.06630.075 3338.32530.74-.002285        0 0 0 2        0 0 0 1                    R 53e     3645431310 5 3 3 3   981.0  963.0
 41 2218.994360 2.816E-27 2.034E+02.06460.070 4578.68050.71-.002421        0 1 1 2        0 1 1 1                    R 65e     3545431410 5 3 3 3  1197.0 1179.0
 41 2219.001170 1.628E-28 2.679E-03.06750.078 2783.98650.76-.000404        0 7 3 0        1 1 1 0                    R 46f     3655431410 5 3 3 3   855.0  837.0
 43 2219.013000 2.962E-21 1.048E+02.07360.093  223.43160.74-.001768        0 0 0 1        0 0 0 0                    R 23e     3655431816 5 3 3 3   294.0  282.0
 44 2219.019429 1.953E-28 1.998E+00.07070.086 2738.86390.81-.001998        1 6 0 0        0 4 0 0                    P 33e     3655431310 5 3 3 3   585.0  603.0
 44 2219.022129 2.454E-27 1.053E+00.06720.077 2173.01200.75-.000425        0 6 0 0        1 0 0 0                    R 48e     3655431310 5 3 3 3   891.0  873.0
 41 2219.033470 2.771E-27 2.034E+02.06460.070 4581.99270.71-.002421        0 1 1 2        0 1 1 1                    R 65f     3545431410 5 3 3 3  1197.0 1179.0
 45 2219.034016 1.182E-28 1.274E-01.06830.080 1995.70870.78-.000362        0 6 0 0        1 0 0 0                    R 42e     3655431310 5 3 3 3  4698.0 4590.0
 44 2219.046100 5.458E-22 8.673E+01.09220.114    2.37350.70-.001175        0 0 0 1        0 0 0 0                    R  2e     3655431816 5 3 3 3    63.0   45.0
 41 2219.051030 4.299E-26 1.316E-03.07650.098 1296.60480.73-.001628        0 2 2 1        0 2 0 0                    R 17e     3655431410 5 3 3 3   333.0  315.0
 41 2219.052230 5.275E-20 1.002E+02.08090.104  644.09620.72-.001471        0 1 1 1        0 1 1 0                    R 11e     3655431415 5 3 3 3   225.0  207.0
 41 2219.068840 5.272E-20 1.002E+02.08090.104  644.20080.72-.001471        0 1 1 1        0 1 1 0                    R 11f     3655431415 5 3 3 3   225.0  207.0
 41 2219.075470 1.003E-24 1.017E+02.06560.073 3204.48880.73-.002345        0 3 3 1        0 3 3 0                    R 58e     3645431410 5 3 3 3  1071.0 1053.0
 44 2219.077800 4.536E-25 9.908E+01.06750.078 2025.47600.76-.002189        0 2 2 1        0 2 2 0                    R 46f     3655431810 5 3 3 3   855.0  837.0
 41 2219.083220 1.002E-24 1.017E+02.06560.073 3204.55130.73-.002345        0 3 3 1        0 3 3 0                    R 58f     3645431410 5 3 3 3  1071.0 1053.0
 44 2219.083500 4.532E-25 9.905E+01.06750.078 2025.61040.76-.002189        0 2 2 1        0 2 2 0                    R 46e     3655431810 5 3 3 3   855.0  837.0
 44 2219.097650 2.660E-28 9.539E-01.06530.072 2650.98900.72-.001106        0 6 0 0        0 2 0 0                    P 61e     3645431310 5 3 3 3  1089.0 1107.0
 45 2219.101807 2.592E-25 1.002E+02.06920.083 1764.95490.79-.002062        0 2 0 1        0 2 0 0                    R 38e     3655431310 5 3 3 3  4266.0 4158.0
 41 2219.124920 1.452E-21 1.025E+02.07090.087 1584.45160.81-.001934        0 2 0 1        0 2 0 0                    R 31e     3655431410 5 3 3 3   585.0  567.0
 41 2219.131850 9.734E-27 1.320E-02.06670.076 2291.01890.75-.002259        0 2 0 1        0 2 2 0                    R 51e     3645431410 5 3 3 3   945.0  927.0
 41 2219.141360 9.234E-28 7.214E-04.07250.090 2044.55530.76-.001833        0 3 3 1        0 3 1 0                    R 26f     3655431410 5 3 3 3   495.0  477.0
 44 2219.150000 1.768E-25 8.974E+01.06700.077 2211.56520.75-.002231        1 0 0 1        1 0 0 0                    R 49e     3645431810 5 3 3 3   909.0  891.0
 44 2219.152032 1.411E-28 6.340E-01.07220.090 2535.19570.77-.001299        0 4 0 1        0 0 0 1                    P 28e     3655431310 5 3 3 3   495.0  513.0
 45 2219.177580 1.361E-27 2.019E+02.06790.079 3018.03560.77-.002159        0 0 0 2        0 0 0 1                    R 44e     3655431310 5 3 3 3  4914.0 4806.0
 41 2219.179650 4.500E-25 9.372E+01.06540.073 3355.90420.73-.002357        1 1 1 1        1 1 1 0                    R 59e     3645431410 5 3 3 3  1089.0 1071.0
 42 2219.188300 1.781E-24 1.011E+02.06430.069 1961.98090.71-.002450        0 0 0 1        0 0 0 0                    R 68e     3645431816 5 3 3 3   834.0  822.0
 41 2219.188600 4.407E-25 9.323E+01.06540.073 3359.16060.73-.002357        1 1 1 1        1 1 1 0                    R 59f     3645431410 5 3 3 3  1089.0 1071.0
 42 2219.213434 1.091E-28 1.077E-01.06870.081 2438.52210.78-.001223        0 7 1 0        0 3 1 0                    P 41f     3655431310 5 3 3 3   486.0  498.0
 44 2219.230100 9.300E-23 9.854E+01.07410.094  784.43810.73-.001746        0 1 1 1        0 1 1 0                    R 22e     3655431815 5 3 3 3   423.0  405.0
 42 2219.236905 1.687E-28 4.734E-02.06700.077 2220.94070.75-.001166        0 6 2 0        0 2 2 0                    P 50f     3645431310 5 3 3 3   594.0  606.0
 44 2219.238943 1.215E-28 7.452E-01.07410.094 2557.80190.73-.001313        0 8 4 0        0 4 4 0                    P 23f     3655431310 5 3 3 3   405.0  423.0
 44 2219.238954 1.215E-28 7.452E-01.07410.094 2557.80190.73-.001313        0 8 4 0        0 4 4 0                    P 23e     3655431310 5 3 3 3   405.0  423.0
 44 2219.256800 9.282E-23 9.853E+01.07410.094  784.79780.73-.001746        0 1 1 1        0 1 1 0                    R 22f     3655431815 5 3 3 3   423.0  405.0
 45 2219.260100 3.581E-23 2.065E+02.09620.119    0.81330.69-.001130        0 0 0 1        0 0 0 0                    P  1e     3655431816 5 3 3 3    54.0  162.0
 44 2219.279400 4.789E-25 9.748E+01.06750.078 2010.94450.76-.002189        0 2 0 1        0 2 0 0                    R 46e     3655431810 5 3 3 3   855.0  837.0
 45 2219.281276 2.166E-25 1.010E+02.06890.082 1808.64350.79-.002079        0 2 2 1        0 2 2 0                    R 39f     3655431310 5 3 3 3  4374.0 4266.0
 45 2219.291557 2.165E-25 1.010E+02.06890.082 1808.74320.79-.002079        0 2 2 1        0 2 2 0                    R 39e     3655431310 5 3 3 3  4374.0 4266.0
 41 2219.312170 1.255E-21 1.028E+02.07070.086 1621.19530.81-.001953        0 2 2 1        0 2 2 0                    R 32f     3655431410 5 3 3 3   603.0  585.0
 41 2219.320860 1.254E-21 1.028E+02.07070.086 1621.25990.81-.001953        0 2 2 1        0 2 2 0                    R 32e     3655431410 5 3 3 3   603.0  585.0
 45 2219.327600 1.132E-25 9.228E+01.06870.081 1928.56120.78-.002095        1 0 0 1        1 0 0 0                    R 40e     3655431810 5 3 3 3  4482.0 4374.0
 41 2219.335240 1.379E-24 1.010E+02.06570.073 3133.94470.73-.002334        0 3 1 1        0 3 1 0                    R 57e     3645431410 5 3 3 3  1053.0 1035.0
 44 2219.346824 4.984E-28 7.260E-01.06920.083 2372.60180.79-.001236        0 7 3 0        0 3 3 0                    P 39e     3655431310 5 3 3 3   693.0  711.0
 41 2219.347150 1.447E-28 1.781E-01.06790.079 3658.17740.77-.001197        0 5 1 1        0 1 1 1                    P 45e     3655431410 5 3 3 3   801.0  819.0
 43 2219.352200 8.499E-24 1.049E+02.06700.077 1576.65890.75-.002231        0 1 1 1        0 1 1 0                    R 49e     3645431815 5 3 3 3   606.0  594.0
 41 2219.359660 2.191E-27 2.035E+02.06450.070 4633.35800.71-.002430        0 1 1 2        0 1 1 1                    R 66e     3545431410 5 3 3 3  1215.0 1197.0
 44 2219.369219 1.979E-28 1.633E+00.07150.088 2674.50380.79-.002005        1 6 2 0        0 4 2 0                    P 30f     3655431310 5 3 3 3   531.0  549.0
 44 2219.370093 4.980E-28 7.255E-01.06920.083 2372.60400.79-.001236        0 7 3 0        0 3 3 0                    P 39f     3655431310 5 3 3 3   693.0  711.0
 43 2219.388200 8.422E-24 1.049E+02.06700.077 1578.47500.75-.002231        0 1 1 1        0 1 1 0                    R 49f     3645431815 5 3 3 3   606.0  594.0
 41 2219.392190 1.346E-24 1.009E+02.06570.073 3138.76190.73-.002334        0 3 1 1        0 3 1 0                    R 57f     3645431410 5 3 3 3  1053.0 1035.0
 44 2219.393821 3.920E-28 6.503E-01.06590.074 2478.21750.73-.001126        0 6 2 0        0 2 2 0                    P 57f     3645431310 5 3 3 3  1017.0 1035.0
 41 2219.398350 2.155E-27 2.034E+02.06450.070 4636.77140.71-.002430        0 1 1 2        0 1 1 1                    R 66f     3545431410 5 3 3 3  1215.0 1197.0
 41 2219.399240 1.151E-25 3.146E-02.06920.083 1902.89670.79-.000317        0 6 0 0        1 0 0 0                    R 38e     3655431410 5 3 3 3   711.0  693.0
 44 2219.400866 3.380E-28 1.388E+00.06750.078 2624.60590.76-.001942        1 5 1 0        0 3 1 0                    P 47f     3655431310 5 3 3 3   837.0  855.0
 44 2219.410002 1.452E-27 1.970E+02.06620.075 3380.59970.74-.002297        0 0 0 2        0 0 0 1                    R 54e     3645431310 5 3 3 3   999.0  981.0
 41 2219.466710 7.241E-28 5.255E-04.07290.091 2021.70600.75-.001812        0 3 3 1        0 3 1 0                    R 25e     3655431410 5 3 3 3   477.0  459.0
 41 2219.474090 1.024E-23 2.063E+02.06960.084 2776.97070.80-.002027        0 0 0 2        0 0 0 1                    R 36e     3655431410 5 3 3 3   675.0  657.0
 41 2219.497690 4.773E-19 1.171E+02.08920.111   12.57020.71-.001612        0 0 0 1        0 0 0 0                    P  5e     3655431416 5 3 3 3    81.0   99.0
 41 2219.509910 8.015E-25 1.017E+02.06540.073 3253.98900.73-.002357        0 3 3 1        0 3 3 0                    R 59e     3645431410 5 3 3 3  1089.0 1071.0
 41 2219.518250 8.011E-25 1.017E+02.06540.073 3254.05770.73-.002357        0 3 3 1        0 3 3 0                    R 59f     3645431410 5 3 3 3  1089.0 1071.0
 44 2219.521952 2.529E-28 6.365E-01.06560.073 2571.09840.73-.001116        0 6 2 0        0 2 2 0                    P 59e     3645431310 5 3 3 3  1053.0 1071.0
 45 2219.523900 2.033E-23 9.999E+01.07650.098  710.84140.73-.001628        0 1 1 1        0 1 1 0                    R 17e     3655431815 5 3 3 3  1998.0 1890.0
 41 2219.526320 8.212E-27 1.351E-02.06650.076 2334.63770.74-.002272        0 2 0 1        0 2 2 0                    R 52e     3645431410 5 3 3 3   963.0  945.0
 42 2219.536371 2.398E-28 3.218E-02.06540.073 2106.98010.73-.001111        0 5 1 0        0 1 1 0                    P 60e     3645431310 5 3 3 3   714.0  726.0
 41 2219.537860 6.964E-22 9.466E+01.07070.086 1725.33240.81-.001953        1 0 0 1        1 0 0 0                    R 32e     3655431410 5 3 3 3   603.0  585.0
 45 2219.546300 2.030E-23 9.999E+01.07650.098  711.07120.73-.001628        0 1 1 1        0 1 1 0                    R 17f     3655431815 5 3 3 3  1998.0 1890.0
 42 2219.551300 1.366E-24 1.011E+02.06420.069 2019.56860.71-.002459        0 0 0 1        0 0 0 0                    R 69e     3644431816 5 3 3 3   846.0  834.0
 44 2219.556547 1.971E-28 1.627E+00.07150.088 2674.58870.79-.002005        1 6 2 0        0 4 2 0                    P 30e     3655431310 5 3 3 3   531.0  549.0
 44 2219.558031 5.462E-28 1.392E+00.06810.080 2512.68550.77-.001955        1 5 1 0        0 3 1 0                    P 44e     3655431310 5 3 3 3   783.0  801.0
 44 2219.563900 3.866E-25 9.914E+01.06730.078 2062.69260.76-.002203        0 2 2 1        0 2 2 0                    R 47f     3655431810 5 3 3 3   873.0  855.0
 44 2219.569800 3.862E-25 9.911E+01.06730.078 2062.83830.76-.002203        0 2 2 1        0 2 2 0                    R 47e     3655431810 5 3 3 3   873.0  855.0
 42 2219.578812 2.946E-28 6.636E-02.06720.077 2171.53190.75-.001172        0 6 0 0        0 2 0 0                    P 49e     3655431310 5 3 3 3   582.0  594.0
 41 2219.592000 3.587E-25 9.371E+01.06530.072 3405.84940.72-.002368        1 1 1 1        1 1 1 0                    R 60e     3645431410 5 3 3 3  1107.0 1089.0
 41 2219.602210 3.524E-25 9.358E+01.06530.072 3409.21770.72-.002368        1 1 1 1        1 1 1 0                    R 60f     3645431410 5 3 3 3  1107.0 1089.0
 44 2219.603700 1.491E-25 8.988E+01.06680.076 2250.90230.75-.002245        1 0 0 1        1 0 0 0                    R 50e     3645431810 5 3 3 3   927.0  909.0
 41 2219.614280 1.260E-26 2.134E+00.06560.073 3309.93290.73-.000515        0 7 1 0        1 1 1 0                    R 58f     3645431410 5 3 3 3  1071.0 1053.0
 42 2219.615378 1.683E-28 1.087E-01.06940.083 2335.33200.80-.001242        0 7 1 0        0 3 1 0                    P 38e     3655431310 5 3 3 3   450.0  462.0
 45 2219.651695 2.278E-25 1.003E+02.06890.082 1796.68680.79-.002079        0 2 0 1        0 2 0 0                    R 39e     3655431310 5 3 3 3  4374.0 4266.0
 43 2219.653500 2.808E-21 1.050E+02.07330.092  242.85570.74-.001790        0 0 0 1        0 0 0 0                    R 24e     3655431816 5 3 3 3   306.0  294.0
 45 2219.672928 1.167E-27 2.020E+02.06770.079 3054.27570.76-.002174        0 0 0 2        0 0 0 1                    R 45e     3655431310 5 3 3 3  5022.0 4914.0
 41 2219.697110 8.085E-26 9.055E-03.07120.088 1672.80140.80-.000222        0 6 2 0        1 0 0 0                    R 30e     3655431410 5 3 3 3   567.0  549.0
 41 2219.717890 1.698E-27 2.035E+02.06440.070 4688.85750.71-.002440        0 1 1 2        0 1 1 1                    R 67e     3545431410 5 3 3 3  1233.0 1215.0
 41 2219.738990 1.314E-21 1.026E+02.07070.086 1611.29450.81-.001953        0 2 0 1        0 2 0 0                    R 32e     3655431410 5 3 3 3   603.0  585.0
 41 2219.756120 1.668E-27 2.035E+02.06440.070 4692.37370.71-.002440        0 1 1 2        0 1 1 1                    R 67f     3545431410 5 3 3 3  1233.0 1215.0
 44 2219.762300 4.081E-25 9.752E+01.06730.078 2048.11090.76-.002203        0 2 0 1        0 2 0 0                    R 47e     3655431810 5 3 3 3   873.0  855.0
 41 2219.772840 4.752E-26 1.487E-03.07590.097 1311.71610.73-.001653        0 2 2 1        0 2 0 0                    R 18e     3655431410 5 3 3 3   351.0  333.0
 41 2219.774720 1.108E-24 1.011E+02.06560.073 3182.45620.73-.002345        0 3 1 1        0 3 1 0                    R 58e     3645431410 5 3 3 3  1071.0 1053.0
 41 2219.776780 9.363E-28 7.887E-04.07220.090 2067.27640.77-.001854        0 3 3 1        0 3 1 0                    R 27f     3655431410 5 3 3 3   513.0  495.0
 44 2219.798509 2.152E-28 2.002E+00.07090.087 2712.71590.81-.002001        1 6 0 0        0 4 0 0                    P 32e     3655431310 5 3 3 3   567.0  585.0
 41 2219.801680 5.448E-20 1.007E+02.07990.103  654.15530.72-.001499        0 1 1 1        0 1 1 0                    R 12e     3655431415 5 3 3 3   243.0  225.0
 44 2219.811400 7.195E-22 9.003E+01.09060.112    4.74690.70-.001214        0 0 0 1        0 0 0 0                    R  3e     3655431816 5 3 3 3    81.0   63.0
 43 2219.818900 7.122E-24 1.050E+02.06680.076 1617.07980.75-.002245        0 1 1 1        0 1 1 0                    R 50e     3645431815 5 3 3 3   618.0  606.0
 41 2219.819470 5.444E-20 1.007E+02.07990.103  654.27880.72-.001499        0 1 1 1        0 1 1 0                    R 12f     3655431415 5 3 3 3   243.0  225.0
 45 2219.826279 1.895E-25 1.011E+02.06870.081 1841.22040.78-.002095        0 2 2 1        0 2 2 0                    R 40f     3655431310 5 3 3 3  4482.0 4374.0
 44 2219.826672 1.199E-27 1.971E+02.06600.074 3423.65320.74-.002310        0 0 0 2        0 0 0 1                    R 55e     3645431310 5 3 3 3  1017.0  999.0
 41 2219.830150 1.081E-24 1.010E+02.06560.073 3187.43610.73-.002345        0 3 1 1        0 3 1 0                    R 58f     3645431410 5 3 3 3  1071.0 1053.0
 45 2219.837253 1.894E-25 1.011E+02.06870.081 1841.33030.78-.002095        0 2 2 1        0 2 2 0                    R 40e     3655431310 5 3 3 3  4482.0 4374.0
 45 2219.852700 9.863E-26 9.232E+01.06850.081 1961.73150.78-.002112        1 0 0 1        1 0 0 0                    R 41e     3655431810 5 3 3 3  4590.0 4482.0
 43 2219.855000 7.055E-24 1.049E+02.06680.076 1618.96970.75-.002245        0 1 1 1        0 1 1 0                    R 50f     3645431815 5 3 3 3   618.0  606.0
 44 2219.867500 8.884E-23 9.871E+01.07360.093  802.63530.74-.001768        0 1 1 1        0 1 1 0                    R 23e     3655431815 5 3 3 3   441.0  423.0
 44 2219.873717 1.518E-28 6.368E-01.07250.090 2513.23790.76-.001303        0 4 0 1        0 0 0 1                    P 27e     3655431310 5 3 3 3   477.0  495.0
 44 2219.889123 3.310E-28 9.557E-01.06540.073 2602.82230.73-.001111        0 6 0 0        0 2 0 0                    P 60e     3645431310 5 3 3 3  1071.0 1089.0
 42 2219.895073 1.168E-28 4.808E-02.06670.076 2307.91530.75-.001154        0 6 2 0        0 2 2 0                    P 52e     3645431310 5 3 3 3   618.0  630.0
 44 2219.895100 8.866E-23 9.870E+01.07360.093  803.02770.74-.001768        0 1 1 1        0 1 1 0                    R 23f     3655431815 5 3 3 3   441.0  423.0
 42 2219.907200 1.042E-24 1.011E+02.06400.069 2077.98420.70-.002468        0 0 0 1        0 0 0 0                    R 70e     3644431816 5 3 3 3   858.0  846.0
 41 2219.910510 6.885E-27 1.381E-02.06630.075 2379.09200.74-.002285        0 2 0 1        0 2 2 0                    R 53e     3645431410 5 3 3 3   981.0  963.0
 41 2219.920530 1.130E-21 1.029E+02.07040.086 1648.89760.81-.001972        0 2 2 1        0 2 2 0                    R 33f     3655431410 5 3 3 3   621.0  603.0
 41 2219.928780 1.592E-27 1.074E+00.06480.071 3613.90050.72-.000561        0 7 1 0        1 1 1 0                    R 64e     3645431410 5 3 3 3  1179.0 1161.0
 41 2219.930000 1.130E-21 1.029E+02.07040.086 1648.97030.81-.001972        0 2 2 1        0 2 2 0                    R 33e     3655431410 5 3 3 3   621.0  603.0
 41 2219.937450 6.379E-25 1.018E+02.06530.072 3304.32330.72-.002368        0 3 3 1        0 3 3 0                    R 60e     3645431410 5 3 3 3  1107.0 1089.0
 41 2219.946400 6.376E-25 1.018E+02.06530.072 3304.39850.72-.002368        0 3 3 1        0 3 3 0                    R 60f     3645431410 5 3 3 3  1107.0 1089.0
 42 2219.946918 1.258E-28 1.078E-01.06890.082 2404.05320.79-.001229        0 7 1 0        0 3 1 0                    P 40f     3655431310 5 3 3 3   474.0  486.0
 42 2219.982594 2.024E-28 4.729E-02.06720.077 2179.02790.75-.001172        0 6 2 0        0 2 2 0                    P 49f     3655431310 5 3 3 3   582.0  594.0
 41 2219.997560 2.846E-25 9.369E+01.06520.072 3456.62180.72-.002379        1 1 1 1        1 1 1 0                    R 61e     3645431410 5 3 3 3  1125.0 1107.0
 44 2220.006740 3.407E-28 1.731E-01.06700.077 2211.56520.75-.000434        0 6 0 0        1 0 0 0                    R 49e     3645431310 5 3 3 3   909.0  891.0
 41 2220.007310 2.800E-25 9.372E+01.06520.072 3460.10420.72-.002379        1 1 1 1        1 1 1 0                    R 61f     3645431410 5 3 3 3  1125.0 1107.0
 44 2220.013190 1.267E-28 7.443E-01.07450.094 2539.51690.73-.001313        0 8 4 0        0 4 4 0                    P 22e     3655431310 5 3 3 3   387.0  405.0
 44 2220.013191 1.267E-28 7.443E-01.07450.094 2539.51690.73-.001313        0 8 4 0        0 4 4 0                    P 22f     3655431310 5 3 3 3   387.0  405.0
 41 2220.039460 9.056E-24 2.065E+02.06940.083 2807.68650.80-.002044        0 0 0 2        0 0 0 1                    R 37e     3655431410 5 3 3 3   693.0  675.0
 44 2220.043600 3.281E-25 9.920E+01.06720.077 2100.69800.75-.002217        0 2 2 1        0 2 2 0                    R 48f     3655431810 5 3 3 3   891.0  873.0
 41 2220.048040 1.038E-28 3.660E-01.07090.087 3803.57650.81-.001279        0 6 0 1        0 2 0 1                    P 32e     3655431410 5 3 3 3   567.0  585.0
 44 2220.049500 3.277E-25 9.917E+01.06720.077 2100.85560.75-.002217        0 2 2 1        0 2 2 0                    R 48e     3655431810 5 3 3 3   891.0  873.0
 44 2220.050500 1.251E-25 8.996E+01.06670.076 2291.02300.75-.002259        1 0 0 1        1 0 0 0                    R 51e     3645431810 5 3 3 3   945.0  927.0
 45 2220.057392 2.550E-28 3.185E-01.06810.080 2030.49230.77-.000373        0 6 0 0        1 0 0 0                    R 43e     3655431310 5 3 3 3  4806.0 4698.0
 41 2220.069040 1.310E-27 2.035E+02.06430.069 4745.17890.71-.002450        0 1 1 2        0 1 1 1                    R 68e     3545431410 5 3 3 3  1251.0 1233.0
 44 2220.095220 5.641E-28 7.264E-01.06940.083 2341.66020.80-.001242        0 7 3 0        0 3 3 0                    P 38e     3655431310 5 3 3 3   675.0  693.0
 44 2220.103254 3.963E-28 1.388E+00.06770.079 2587.34220.76-.001946        1 5 1 0        0 3 1 0                    P 46f     3655431310 5 3 3 3   819.0  837.0
 41 2220.106770 1.287E-27 2.035E+02.06430.069 4748.79930.71-.002450        0 1 1 2        0 1 1 1                    R 68f     3545431410 5 3 3 3  1251.0 1233.0
 44 2220.115134 5.637E-28 7.259E-01.06940.083 2341.66210.80-.001242        0 7 3 0        0 3 3 0                    P 38f     3655431310 5 3 3 3   675.0  693.0
 41 2220.122730 1.699E-28 1.785E-01.06810.080 3620.82280.77-.001203        0 5 1 1        0 1 1 1                    P 44e     3655431410 5 3 3 3   783.0  801.0
 44 2220.131472 2.147E-28 1.634E+00.07190.089 2650.70160.78-.002007        1 6 2 0        0 4 2 0                    P 29f     3655431310 5 3 3 3   513.0  531.0
 41 2220.134270 6.277E-22 9.475E+01.07040.086 1752.84640.81-.001972        1 0 0 1        1 0 0 0                    R 33e     3655431410 5 3 3 3   621.0  603.0
 44 2220.136017 4.790E-28 6.501E-01.06600.074 2433.12120.74-.001132        0 6 2 0        0 2 2 0                    P 56f     3645431310 5 3 3 3   999.0 1017.0
 45 2220.161372 9.954E-28 2.021E+02.06750.078 3091.31840.76-.002189        0 0 0 2        0 0 0 1                    R 46e     3655431310 5 3 3 3  5130.0 5022.0
 44 2220.176191 3.117E-28 6.363E-01.06570.073 2524.40930.73-.001121        0 6 2 0        0 2 2 0                    P 58e     3645431310 5 3 3 3  1035.0 1053.0
 41 2220.179100 1.197E-28 2.337E-03.06730.078 2823.24250.76-.000415        0 7 3 0        1 1 1 0                    R 47f     3655431410 5 3 3 3   873.0  855.0
 41 2220.186250 7.275E-28 5.659E-04.07250.090 2043.50960.76-.001833        0 3 3 1        0 3 1 0                    R 26e     3655431410 5 3 3 3   495.0  477.0
 45 2220.194877 1.994E-25 1.004E+02.06870.081 1829.22960.78-.002095        0 2 0 1        0 2 0 0                    R 40e     3655431310 5 3 3 3  4482.0 4374.0
 41 2220.207310 8.865E-25 1.011E+02.06540.073 3231.79850.73-.002357        0 3 1 1        0 3 1 0                    R 59e     3645431410 5 3 3 3  1089.0 1071.0
 45 2220.211900 2.000E-23 1.002E+02.07590.097  725.48400.73-.001653        0 1 1 1        0 1 1 0                    R 18e     3655431815 5 3 3 3  2106.0 1998.0
 45 2220.235300 1.997E-23 1.002E+02.07590.097  725.74080.73-.001653        0 1 1 1        0 1 1 0                    R 18f     3655431815 5 3 3 3  2106.0 1998.0
 44 2220.236534 9.863E-28 1.972E+02.06590.074 3467.48570.73-.002322        0 0 0 2        0 0 0 1                    R 56e     3645431310 5 3 3 3  1035.0 1017.0
 44 2220.238700 3.464E-25 9.757E+01.06720.077 2086.06450.75-.002217        0 2 0 1        0 2 0 0                    R 48e     3655431810 5 3 3 3   891.0  873.0
 42 2220.256200 7.930E-25 1.012E+02.06390.068 2137.22720.70-.002477        0 0 0 1        0 0 0 0                    R 71e     3644431816 5 3 3 3   870.0  858.0
 41 2220.261130 8.638E-25 1.010E+02.06540.073 3236.94340.73-.002357        0 3 1 1        0 3 1 0                    R 59f     3645431410 5 3 3 3  1089.0 1071.0
 43 2220.278900 5.942E-24 1.050E+02.06670.076 1658.30570.75-.002259        0 1 1 1        0 1 1 0                    R 51e     3645431815 5 3 3 3   630.0  618.0
 41 2220.284350 5.735E-27 1.408E-02.06620.075 2424.38170.74-.002297        0 2 0 1        0 2 2 0                    R 54e     3645431410 5 3 3 3   999.0  981.0
 43 2220.287200 2.647E-21 1.051E+02.07290.091  263.08830.75-.001812        0 0 0 1        0 0 0 0                    R 25e     3655431816 5 3 3 3   318.0  306.0
 44 2220.295251 2.139E-28 1.628E+00.07190.089 2650.77610.78-.002007        1 6 2 0        0 4 2 0                    P 29e     3655431310 5 3 3 3   513.0  531.0
 43 2220.314900 5.885E-24 1.050E+02.06670.076 1660.27090.75-.002259        0 1 1 1        0 1 1 0                    R 51f     3645431815 5 3 3 3   630.0  618.0
 42 2220.334025 3.004E-28 3.214E-02.06560.073 2056.84130.73-.001116        0 5 1 0        0 1 1 0                    P 59e     3645431310 5 3 3 3   702.0  714.0
 41 2220.346130 1.184E-21 1.027E+02.07040.086 1638.97410.81-.001972        0 2 0 1        0 2 0 0                    R 33e     3655431410 5 3 3 3   621.0  603.0
 44 2220.347614 6.317E-28 1.392E+00.06830.080 2477.90100.78-.001959        1 5 1 0        0 3 1 0                    P 43e     3655431310 5 3 3 3   765.0  783.0
 41 2220.358100 5.055E-25 1.018E+02.06520.072 3355.49130.72-.002379        0 3 3 1        0 3 3 0                    R 61e     3645431410 5 3 3 3  1125.0 1107.0
 41 2220.363280 3.898E-19 1.205E+02.09060.112    8.38020.70-.001513        0 0 0 1        0 0 0 0                    P  4e     3655431416 5 3 3 3    63.0   81.0
 45 2220.364605 1.651E-25 1.012E+02.06850.081 1874.60950.78-.002112        0 2 2 1        0 2 2 0                    R 41f     3655431310 5 3 3 3  4590.0 4482.0
 41 2220.367690 5.052E-25 1.018E+02.06520.072 3355.57360.72-.002379        0 3 3 1        0 3 3 0                    R 61f     3645431410 5 3 3 3  1125.0 1107.0
 45 2220.371900 8.555E-26 9.232E+01.06830.080 1995.70870.78-.002128        1 0 0 1        1 0 0 0                    R 42e     3655431810 5 3 3 3  4698.0 4590.0
 45 2220.376298 1.649E-25 1.012E+02.06850.081 1874.73020.78-.002112        0 2 2 1        0 2 2 0                    R 41e     3655431310 5 3 3 3  4590.0 4482.0
 41 2220.396500 2.248E-25 9.362E+01.06500.071 3508.22130.72-.002390        1 1 1 1        1 1 1 0                    R 62e     3645431410 5 3 3 3  1143.0 1125.0
 42 2220.401331 3.525E-28 6.646E-02.06730.078 2130.50210.76-.001178        0 6 0 0        0 2 0 0                    P 48e     3655431310 5 3 3 3   570.0  582.0
 41 2220.404730 2.213E-25 9.380E+01.06500.071 3511.81970.72-.002390        1 1 1 1        1 1 1 0                    R 62f     3645431410 5 3 3 3  1143.0 1125.0
 41 2220.405120 9.420E-28 8.600E-04.07190.089 2090.83760.78-.001875        0 3 3 1        0 3 1 0                    R 28f     3655431410 5 3 3 3   531.0  513.0
 41 2220.413100 1.006E-27 2.036E+02.06420.069 4802.32180.71-.002459        0 1 1 2        0 1 1 1                    R 69e     3544431410 5 3 3 3  1269.0 1251.0
 42 2220.435631 1.910E-28 1.086E-01.06960.084 2303.49300.80-.001248        0 7 1 0        0 3 1 0                    P 37e     3655431310 5 3 3 3   438.0  450.0
 41 2220.450300 9.879E-28 2.035E+02.06420.069 4806.04800.71-.002459        0 1 1 2        0 1 1 1                    R 69f     3544431410 5 3 3 3  1269.0 1251.0
 41 2220.455820 1.340E-25 4.186E-02.06890.082 1935.40170.79-.000329        0 6 0 0        1 0 0 0                    R 39e     3655431410 5 3 3 3   729.0  711.0
 41 2220.488770 5.188E-26 1.669E-03.07540.096 1327.66630.73-.001677        0 2 2 1        0 2 0 0                    R 19e     3655431410 5 3 3 3   369.0  351.0
 44 2220.490600 1.045E-25 9.001E+01.06650.076 2331.92730.74-.002272        1 0 0 1        1 0 0 0                    R 52e     3645431810 5 3 3 3   963.0  945.0
 44 2220.494200 1.242E-28 5.139E-01.06380.068 2717.43400.70-.001053        0 5 1 0        0 1 1 0                    P 73e     3644431310 5 3 3 3  1305.0 1323.0
 44 2220.498600 8.441E-23 9.886E+01.07330.092  821.62290.74-.001790        0 1 1 1        0 1 1 0                    R 24e     3655431815 5 3 3 3   459.0  441.0
 44 2220.516800 2.772E-25 9.925E+01.06700.077 2139.49200.75-.002231        0 2 2 1        0 2 2 0                    R 49f     3645431810 5 3 3 3   909.0  891.0
 41 2220.519210 1.015E-28 1.756E-01.06750.078 3737.11460.76-.001184        0 5 1 1        0 1 1 1                    P 47f     3655431410 5 3 3 3   837.0  855.0
 41 2220.522000 1.013E-21 1.030E+02.07010.085 1677.43760.81-.001991        0 2 2 1        0 2 2 0                    R 34f     3655431410 5 3 3 3   639.0  621.0
 42 2220.522210 1.409E-28 4.788E-02.06680.076 2264.28560.75-.001160        0 6 2 0        0 2 2 0                    P 51e     3645431310 5 3 3 3   606.0  618.0
 44 2220.522700 2.769E-25 9.922E+01.06700.077 2139.66240.75-.002231        0 2 2 1        0 2 2 0                    R 49e     3645431810 5 3 3 3   909.0  891.0
 44 2220.527000 8.422E-23 9.886E+01.07330.092  822.04940.74-.001790        0 1 1 1        0 1 1 0                    R 24f     3655431815 5 3 3 3   459.0  441.0
 41 2220.532290 1.012E-21 1.030E+02.07010.085 1677.51920.81-.001991        0 2 2 1        0 2 2 0                    R 34e     3655431410 5 3 3 3   639.0  621.0
 41 2220.544260 5.570E-20 1.012E+02.07910.102  665.05230.72-.001526        0 1 1 1        0 1 1 0                    R 13e     3655431415 5 3 3 3   261.0  243.0
 41 2220.563200 5.566E-20 1.012E+02.07910.102  665.19650.72-.001526        0 1 1 1        0 1 1 0                    R 13f     3655431415 5 3 3 3   261.0  243.0
 44 2220.570200 8.860E-22 9.217E+01.08920.111    7.91150.71-.001251        0 0 0 1        0 0 0 0                    R  4e     3655431816 5 3 3 3    99.0   81.0
 44 2220.576498 2.359E-28 2.006E+00.07120.088 2687.35790.80-.002003        1 6 0 0        0 4 0 0                    P 31e     3655431310 5 3 3 3   549.0  567.0
 44 2220.596965 1.625E-28 6.396E-01.07290.091 2492.06350.75-.001307        0 4 0 1        0 0 0 1                    P 26e     3655431310 5 3 3 3   459.0  477.0
 41 2220.597760 7.972E-24 2.066E+02.06920.083 2839.23050.79-.002062        0 0 0 2        0 0 0 1                    R 38e     3655431410 5 3 3 3   711.0  693.0
 42 2220.598400 6.005E-25 1.012E+02.06380.068 2197.29730.70-.002486        0 0 0 1        0 0 0 0                    R 72e     3644431816 5 3 3 3   882.0  870.0
 41 2220.633020 7.060E-25 1.011E+02.06530.072 3281.97140.72-.002368        0 3 1 1        0 3 1 0                    R 60e     3645431410 5 3 3 3  1107.0 1089.0
 44 2220.639872 8.078E-28 1.972E+02.06570.073 3512.09670.73-.002334        0 0 0 2        0 0 0 1                    R 57e     3645431310 5 3 3 3  1053.0 1035.0
 45 2220.642930 8.457E-28 2.022E+02.06730.078 3129.16350.76-.002203        0 0 0 2        0 0 0 1                    R 47e     3655431310 5 3 3 3  5238.0 5130.0
 41 2220.647800 4.747E-27 1.433E-02.06600.074 2470.50660.74-.002310        0 2 0 1        0 2 2 0                    R 55e     3645431410 5 3 3 3  1017.0  999.0
 44 2220.677461 4.102E-28 9.576E-01.06560.073 2555.44100.73-.001116        0 6 0 0        0 2 0 0                    P 59e     3645431310 5 3 3 3  1053.0 1071.0
 42 2220.680199 1.445E-28 1.079E-01.06920.083 2370.42200.79-.001236        0 7 1 0        0 3 1 0                    P 39f     3655431310 5 3 3 3   462.0  474.0
 41 2220.685110 6.874E-25 1.010E+02.06530.072 3287.28360.72-.002368        0 3 1 1        0 3 1 0                    R 60f     3645431410 5 3 3 3  1107.0 1089.0
 44 2220.708600 2.927E-25 9.761E+01.06700.077 2124.80500.75-.002231        0 2 0 1        0 2 0 0                    R 49e     3645431810 5 3 3 3   909.0  891.0
 41 2220.723610 5.629E-22 9.483E+01.07010.085 1781.19270.81-.001991        1 0 0 1        1 0 0 0                    R 34e     3655431410 5 3 3 3   639.0  621.0
 42 2220.728763 2.416E-28 4.725E-02.06730.078 2137.94980.76-.001178        0 6 2 0        0 2 2 0                    P 48f     3655431310 5 3 3 3   570.0  582.0
 45 2220.731353 1.736E-25 1.004E+02.06850.081 1862.58310.78-.002112        0 2 0 1        0 2 0 0                    R 41e     3655431310 5 3 3 3  4590.0 4482.0
 43 2220.732000 4.937E-24 1.051E+02.06650.076 1700.33640.74-.002272        0 1 1 1        0 1 1 0                    R 52e     3645431815 5 3 3 3   642.0  630.0
 41 2220.750080 7.697E-28 2.036E+02.06400.069 4860.28590.70-.002468        0 1 1 2        0 1 1 1                    R 70e     3544431410 5 3 3 3  1287.0 1269.0
 42 2220.753007 1.075E-28 5.794E-02.06990.084 2286.67040.81-.001255        0 7 3 0        0 3 3 0                    P 36e     3655431310 5 3 3 3   426.0  438.0
 43 2220.767800 4.887E-24 1.050E+02.06650.076 1702.37840.74-.002272        0 1 1 1        0 1 1 0                    R 52f     3645431815 5 3 3 3   642.0  630.0
 41 2220.771830 3.989E-25 1.018E+02.06500.071 3407.49270.72-.002390        0 3 3 1        0 3 3 0                    R 62e     3645431410 5 3 3 3  1143.0 1125.0
 41 2220.782090 3.986E-25 1.018E+02.06500.071 3407.58260.72-.002390        0 3 3 1        0 3 3 0                    R 62f     3645431410 5 3 3 3  1143.0 1125.0
 41 2220.786720 7.554E-28 2.035E+02.06400.069 4864.11940.70-.002468        0 1 1 2        0 1 1 1                    R 70f     3544431410 5 3 3 3  1287.0 1269.0
 44 2220.788335 1.312E-28 7.432E-01.07490.095 2522.02620.73-.001312        0 8 4 0        0 4 4 0                    P 21f     3655431310 5 3 3 3   369.0  387.0
 44 2220.788394 1.312E-28 7.432E-01.07490.095 2522.02620.73-.001312        0 8 4 0        0 4 4 0                    P 21e     3655431310 5 3 3 3   369.0  387.0
 41 2220.789240 1.766E-25 9.343E+01.06490.071 3560.64760.72-.002400        1 1 1 1        1 1 1 0                    R 63e     3645431410 5 3 3 3  1161.0 1143.0
 41 2220.794760 1.742E-25 9.385E+01.06490.071 3564.36400.72-.002400        1 1 1 1        1 1 1 0                    R 63f     3645431410 5 3 3 3  1161.0 1143.0
 41 2220.802140 2.755E-27 5.838E-01.06540.073 3359.16060.73-.000523        0 7 1 0        1 1 1 0                    R 59f     3645431410 5 3 3 3  1089.0 1071.0
 44 2220.806168 4.626E-28 1.389E+00.06790.079 2550.86810.77-.001951        1 5 1 0        0 3 1 0                    P 45f     3655431310 5 3 3 3   801.0  819.0
 41 2220.823250 4.309E-26 5.310E-03.07090.087 1698.65070.81-.000234        0 6 2 0        1 0 0 0                    R 31e     3655431410 5 3 3 3   585.0  567.0
 41 2220.828160 1.147E-28 3.674E-01.07120.088 3776.94960.80-.001284        0 6 0 1        0 2 0 1                    P 31e     3655431410 5 3 3 3   549.0  567.0
 44 2220.832751 3.826E-28 6.363E-01.06590.074 2478.50750.73-.001126        0 6 2 0        0 2 2 0                    P 57e     3645431310 5 3 3 3  1017.0 1035.0
 42 2220.836730 1.071E-28 5.777E-02.06990.084 2286.68010.81-.001255        0 7 3 0        0 3 3 0                    P 36f     3655431310 5 3 3 3   426.0  438.0
 44 2220.844583 6.356E-28 7.268E-01.06960.084 2311.51020.80-.001248        0 7 3 0        0 3 3 0                    P 37e     3655431310 5 3 3 3   657.0  675.0
 44 2220.861634 6.353E-28 7.264E-01.06960.084 2311.51180.80-.001248        0 7 3 0        0 3 3 0                    P 37f     3655431310 5 3 3 3   657.0  675.0
 44 2220.877949 5.829E-28 6.499E-01.06620.075 2388.81180.74-.001137        0 6 2 0        0 2 2 0                    P 55f     3645431310 5 3 3 3   981.0  999.0
 45 2220.880100 3.598E-23 6.898E+01.09620.119    0.00000.69-.001089        0 0 0 1        0 0 0 0                    R  0e     3655431816 5 3 3 3   162.0   54.0
 45 2220.885300 7.376E-26 9.218E+01.06810.080 2030.49230.77-.002143        1 0 0 1        1 0 0 0                    R 43e     3655431810 5 3 3 3  4806.0 4698.0
 45 2220.893300 1.953E-23 1.005E+02.07540.096  740.93950.73-.001677        0 1 1 1        0 1 1 0                    R 19e     3655431815 5 3 3 3  2214.0 2106.0
 44 2220.894445 2.316E-28 1.635E+00.07220.090 2627.69150.77-.002007        1 6 2 0        0 4 2 0                    P 28f     3655431310 5 3 3 3   495.0  513.0
 45 2220.896252 1.431E-25 1.013E+02.06830.080 1908.81060.78-.002128        0 2 2 1        0 2 2 0                    R 42f     3655431310 5 3 3 3  4698.0 4590.0
 41 2220.898820 1.985E-28 1.788E-01.06830.080 3584.29540.78-.001210        0 5 1 1        0 1 1 1                    P 43e     3655431410 5 3 3 3   765.0  783.0
 41 2220.901560 7.243E-28 6.073E-04.07220.090 2066.15060.77-.001854        0 3 3 1        0 3 1 0                    R 27e     3655431410 5 3 3 3   513.0  495.0
 45 2220.908682 1.430E-25 1.013E+02.06830.080 1908.94280.78-.002128        0 2 2 1        0 2 2 0                    R 42e     3655431310 5 3 3 3  4698.0 4590.0
 43 2220.914100 2.482E-21 1.054E+02.07250.090  284.12940.76-.001833        0 0 0 1        0 0 0 0                    R 26e     3655431816 5 3 3 3   330.0  318.0
 45 2220.917700 1.950E-23 1.005E+02.07540.096  741.22480.73-.001677        0 1 1 1        0 1 1 0                    R 19f     3655431815 5 3 3 3  2214.0 2106.0
 44 2220.924300 8.695E-26 9.005E+01.06630.075 2373.61490.74-.002285        1 0 0 1        1 0 0 0                    R 53e     3645431810 5 3 3 3   981.0  963.0
 42 2220.933700 4.528E-25 1.013E+02.06370.067 2258.19430.70-.002494        0 0 0 1        0 0 0 0                    R 73e     3644431816 5 3 3 3   894.0  882.0
 41 2220.946330 1.061E-21 1.028E+02.07010.085 1667.49040.81-.001991        0 2 0 1        0 2 0 0                    R 34e     3655431410 5 3 3 3   639.0  621.0
 41 2220.969800 5.458E-27 4.721E+00.06460.070 3667.97950.71-.000568        0 7 1 0        1 1 1 0                    R 65e     3645431410 5 3 3 3  1197.0 1179.0
 44 2220.983500 2.333E-25 9.931E+01.06680.076 2179.07460.75-.002245        0 2 2 1        0 2 2 0                    R 50f     3645431810 5 3 3 3   927.0  909.0
 44 2220.989400 2.330E-25 9.927E+01.06680.076 2179.25820.75-.002245        0 2 2 1        0 2 2 0                    R 50e     3645431810 5 3 3 3   927.0  909.0
 44 2220.993821 1.233E-28 7.444E-02.06680.076 2250.90230.75-.000444        0 6 0 0        1 0 0 0                    R 50e     3645431310 5 3 3 3   927.0  909.0
