 44 2156.001990 1.523E-26 8.911E+01.08570.108 2334.00270.71-.001845        0 4 2 1        0 4 2 0                    P  8e     3655431310 5 3 3 3   135.0  153.0
 44 2156.002199 1.523E-26 8.911E+01.08570.108 2334.00220.71-.001845        0 4 2 1        0 4 2 0                    P  8f     3655431310 5 3 3 3   135.0  153.0
 43 2156.003190 4.979E-28 8.548E+01.07040.086 3472.83530.81-.001972        1 3 1 1        1 3 1 0                    R 33e     3655431910 5 3 3 3   414.0  402.0
 44 2156.007921 5.862E-27 8.143E+01.08800.110 2448.09600.71-.001699        1 2 2 1        1 2 2 0                    P  6e     3655431310 5 3 3 3    99.0  117.0
 44 2156.008100 5.862E-27 8.143E+01.08800.110 2448.09580.71-.001699        1 2 2 1        1 2 2 0                    P  6f     3655431310 5 3 3 3    99.0  117.0
 43 2156.009400 3.417E-25 1.032E+02.08920.111 1748.80990.71-.001612        0 3 1 1        0 3 1 0                    P  5e     3655431810 5 3 3 3    54.0   66.0
 41 2156.009790 6.459E-26 1.368E-02.06990.084 1840.38120.81-.000522        0 6 0 0        1 0 0 0                    P 36e     3655431410 5 3 3 3   639.0  657.0
 44 2156.012446 6.653E-28 7.614E+01.08200.105 3033.70730.72-.001443        1 3 1 1        1 3 1 0                    R 10f     3655431310 5 3 3 3   207.0  189.0
 42 2156.030900 7.546E-24 8.634E+01.08800.110 1156.93080.71-.001286        0 2 0 1        0 2 0 0                    R  5e     3655431810 5 3 3 3    78.0   66.0
 44 2156.033300 2.629E-26 1.882E+02.07040.086 2683.38470.81-.002253        0 0 0 2        0 0 0 1                    P 34e     3655431810 5 3 3 3   603.0  621.0
 43 2156.037680 5.537E-27 1.760E+00.07120.088 2159.65660.80-.002086        0 3 3 1        0 3 3 0                    Q 31f     3655431910 5 3 3 3   378.0  378.0
 42 2156.037700 5.451E-28 4.553E-03.07490.095 1338.27710.73-.001965        0 2 2 1        0 2 0 0                    Q 21e     3655431810 5 3 3 3   258.0  258.0
 43 2156.039950 5.537E-27 1.760E+00.07120.088 2159.65540.80-.002086        0 3 3 1        0 3 3 0                    Q 31e     3655431910 5 3 3 3   378.0  378.0
 41 2156.040440 9.263E-27 1.955E+01.07700.099 3589.02810.73-.002423        3 3 1 0        0 6 2 0                    R 16f     3655431410 5 3 3 3   315.0  297.0
 43 2156.041500 1.273E-28 1.264E-01.06960.084 2429.75540.80-.002136        1 1 1 1        1 1 1 0                    Q 37e     3655431810 5 3 3 3   450.0  450.0
 43 2156.042140 4.484E-27 6.637E-02.07650.098 1407.78950.73-.000643        0 6 0 0        1 0 0 0                    P 18e     3655431910 5 3 3 3   210.0  222.0
 43 2156.043041 7.359E-28 9.195E+01.07010.085 3413.32740.81-.001991        0 5 5 1        0 5 5 0                    R 34e     3655431310 5 3 3 3   426.0  414.0
 43 2156.043082 7.359E-28 9.195E+01.07010.085 3413.32740.81-.001991        0 5 5 1        0 5 5 0                    R 34f     3655431310 5 3 3 3   426.0  414.0
 41 2156.045070 5.241E-28 8.139E-03.07650.098 2589.92700.73-.000078        0 8 0 0        1 2 0 0                    R 17e     3655431410 5 3 3 3   333.0  315.0
 44 2156.046100 3.086E-25 9.211E+01.07410.094 1947.87730.73-.002244        0 3 1 1        0 3 1 0                    P 23e     3655431810 5 3 3 3   405.0  423.0
 41 2156.050470 1.213E-28 1.503E+02.07330.092 4978.03800.74-.001790        2 0 0 2        2 0 0 1                    R 24e     3555431410 5 3 3 3   459.0  441.0
 43 2156.053360 4.936E-28 8.544E+01.07040.086 3474.51840.81-.001972        1 3 1 1        1 3 1 0                    R 33f     3655431910 5 3 3 3   414.0  402.0
 45 2156.060658 1.013E-28 7.482E+01.09060.112 2884.17130.70-.001214        0 5 1 1        0 5 1 0                    R  3e     3655431310 5 3 3 3   486.0  378.0
 41 2156.060670 2.206E-22 9.021E+01.06870.081 2002.90540.78-.002232        1 0 0 1        1 0 0 0                    P 41e     3655431410 5 3 3 3   729.0  747.0
 41 2156.061680 4.030E-28 4.215E-04.06700.077 2237.35920.75-.002200        0 2 2 1        0 2 0 0                    P 50e     3645431410 5 3 3 3   891.0  909.0
 42 2156.064800 6.894E-27 1.817E+02.07220.090 3053.86000.77-.001854        0 1 1 2        0 1 1 1                    R 27e     3655431910 5 3 3 3   342.0  330.0
 42 2156.065500 1.679E-26 9.426E-02.06810.080 1406.16910.77-.002182        0 1 1 1        0 1 1 0                    Q 44f     3655431815 5 3 3 3   534.0  534.0
 41 2156.069560 1.401E-26 8.085E+01.07490.095 3838.38970.73-.001700        1 4 4 1        1 4 4 0                    R 20f     3655431410 5 3 3 3   387.0  369.0
 41 2156.069570 1.401E-26 8.085E+01.07490.095 3838.38970.73-.001700        1 4 4 1        1 4 4 0                    R 20e     3655431410 5 3 3 3   387.0  369.0
 41 2156.070550 1.614E-28 1.973E-01.06590.074 3721.45920.73-.002249        0 4 2 1        0 4 2 0                    Q 57e     3645431410 5 3 3 3  1035.0 1035.0
 43 2156.071208 3.557E-26 8.562E+01.07910.102 2416.57950.72-.001526        0 4 4 1        0 4 4 0                    R 13e     3655431310 5 3 3 3   174.0  162.0
 43 2156.071215 3.557E-26 8.562E+01.07910.102 2416.57950.72-.001526        0 4 4 1        0 4 4 0                    R 13f     3655431310 5 3 3 3   174.0  162.0
 45 2156.075756 1.013E-28 7.482E+01.09060.112 2884.19540.70-.001214        0 5 1 1        0 5 1 0                    R  3f     3655431310 5 3 3 3   486.0  378.0
 41 2156.077130 1.843E-26 8.177E+01.07590.097 3764.12330.73-.001653        1 4 0 1        1 4 0 0                    R 18e     3655431410 5 3 3 3   351.0  333.0
 43 2156.078720 2.045E-26 8.471E+01.07910.102 2528.22490.72-.001526        1 2 2 1        1 2 2 0                    R 13f     3655431910 5 3 3 3   174.0  162.0
 43 2156.079190 2.045E-26 8.471E+01.07910.102 2528.22610.72-.001526        1 2 2 1        1 2 2 0                    R 13e     3655431910 5 3 3 3   174.0  162.0
 41 2156.081520 6.947E-28 1.872E-02.07040.086 2831.53500.81-.002113        0 4 0 1        0 4 2 0                    Q 34f     3655431410 5 3 3 3   621.0  621.0
 43 2156.084300 6.755E-23 1.001E+02.07040.086 1067.95550.81-.002253        0 1 1 1        0 1 1 0                    P 34f     3655431815 5 3 3 3   402.0  414.0
 43 2156.084470 3.433E-28 1.705E+02.07770.100 3539.61280.73-.001578        1 0 0 2        1 0 0 1                    R 15e     3655431910 5 3 3 3   198.0  186.0
 41 2156.087890 1.049E-22 9.692E+01.07220.090 2090.83760.77-.002259        0 3 1 1        0 3 1 0                    P 28f     3655431410 5 3 3 3   495.0  513.0
 42 2156.097060 6.873E-27 1.817E+02.07220.090 3054.45990.77-.001854        0 1 1 2        0 1 1 1                    R 27f     3655431910 5 3 3 3   342.0  330.0
 45 2156.102000 5.437E-25 9.602E+01.06680.076 1666.10980.75-.002196        0 1 1 1        0 1 1 0                    P 51f     3645431815 5 3 3 3  5454.0 5562.0
 42 2156.104766 3.091E-27 8.936E+01.06770.079 3173.57990.76-.002174        0 4 4 1        0 4 4 0                    R 45f     3655431310 5 3 3 3   558.0  546.0
 42 2156.105295 3.091E-27 8.936E+01.06770.079 3173.58200.76-.002174        0 4 4 1        0 4 4 0                    R 45e     3655431310 5 3 3 3   558.0  546.0
 43 2156.108300 9.204E-28 2.231E-01.07190.089 2090.41190.78-.002067        0 3 1 1        0 3 1 0                    Q 29f     3655431810 5 3 3 3   354.0  354.0
 41 2156.112020 2.172E-28 8.773E+01.06850.081 4852.53820.78-.002112        0 7 7 1        0 7 7 0                    R 41e     3555431410 5 3 3 3   765.0  747.0
 41 2156.112020 2.172E-28 8.773E+01.06850.081 4852.53820.78-.002112        0 7 7 1        0 7 7 0                    R 41f     3555431410 5 3 3 3   765.0  747.0
 43 2156.113800 5.437E-28 2.224E-01.07220.090 2191.00240.77-.002056        1 1 1 1        1 1 1 0                    Q 28f     3655431810 5 3 3 3   342.0  342.0
 41 2156.123460 6.696E-24 1.965E+02.06920.083 2871.60250.79-.002239        0 0 0 2        0 0 0 1                    P 39e     3655431410 5 3 3 3   693.0  711.0
 41 2156.132490 4.405E-27 1.626E+02.08920.111 3939.57280.71-.001251        0 3 1 2        0 3 1 1                    R  4e     3655431410 5 3 3 3    99.0   81.0
 41 2156.135160 3.850E-28 1.773E+02.07330.092 4774.39030.74-.001790        0 4 4 2        0 4 4 1                    R 24f     3555431410 5 3 3 3   459.0  441.0
 41 2156.135170 3.850E-28 1.773E+02.07330.092 4774.39030.74-.001790        0 4 4 2        0 4 4 1                    R 24e     3555431410 5 3 3 3   459.0  441.0
 44 2156.135226 1.075E-27 8.031E+01.08570.108 2883.77790.71-.001352        0 5 1 1        0 5 1 0                    R  7e     3655431310 5 3 3 3   153.0  135.0
 41 2156.137360 2.862E-24 8.350E+01.07990.103 2638.97420.72-.002078        2 0 0 1        2 0 0 0                    P 13e     3655431410 5 3 3 3   225.0  243.0
 42 2156.140770 4.834E-27 8.937E+01.06810.080 3072.53490.77-.002143        0 4 0 1        0 4 0 0                    R 43e     3655431910 5 3 3 3   534.0  522.0
 42 2156.141300 1.375E-25 1.778E+02.08460.107 2207.58300.72-.001384        0 0 0 2        0 0 0 1                    R  8e     3655431810 5 3 3 3   114.0  102.0
 41 2156.142580 4.087E-28 8.759E+01.06920.083 4707.08690.79-.002062        0 7 5 1        0 7 5 0                    R 38e     3555431410 5 3 3 3   711.0  693.0
 41 2156.142590 4.087E-28 8.759E+01.06920.083 4707.08690.79-.002062        0 7 5 1        0 7 5 0                    R 38f     3555431410 5 3 3 3   711.0  693.0
 41 2156.146320 4.404E-27 1.626E+02.08920.111 3939.60210.71-.001251        0 3 1 2        0 3 1 1                    R  4f     3655431410 5 3 3 3    99.0   81.0
 43 2156.151000 6.781E-23 1.001E+02.07040.086 1067.07190.81-.002253        0 1 1 1        0 1 1 0                    P 34e     3655431815 5 3 3 3   402.0  414.0
 43 2156.157250 6.352E-28 1.855E+02.07770.100 3430.30820.73-.001578        0 2 0 2        0 2 0 1                    R 15e     3655431910 5 3 3 3   198.0  186.0
 41 2156.160280 3.760E-27 1.302E+02.08800.110 3960.80520.71-.001286        0 3 3 2        0 3 3 1                    R  5e     3655431410 5 3 3 3   117.0   99.0
 41 2156.160280 3.760E-27 1.302E+02.08800.110 3960.80520.71-.001286        0 3 3 2        0 3 3 1                    R  5f     3655431410 5 3 3 3   117.0   99.0
 44 2156.162070 1.074E-27 8.030E+01.08570.108 2883.88160.71-.001352        0 5 1 1        0 5 1 0                    R  7f     3655431310 5 3 3 3   153.0  135.0
 45 2156.163851 3.546E-27 9.301E+01.08200.105 2371.79420.72-.002003        0 4 2 1        0 4 2 0                    P 11e     3655431310 5 3 3 3  1134.0 1242.0
 45 2156.164442 3.546E-27 9.301E+01.08200.105 2371.79190.72-.002003        0 4 2 1        0 4 2 0                    P 11f     3655431310 5 3 3 3  1134.0 1242.0
 42 2156.165800 5.164E-28 4.152E-03.07540.096 1320.65080.73-.001948        0 2 2 1        0 2 0 0                    Q 20e     3655431810 5 3 3 3   246.0  246.0
 41 2156.166680 1.655E-28 3.807E-03.06680.076 2881.36000.75-.002221        0 3 1 1        0 3 3 0                    Q 51e     3645431410 5 3 3 3   927.0  927.0
 45 2156.169355 1.807E-27 8.882E+01.08330.106 2480.36090.72-.001957        1 2 0 1        1 2 0 0                    P 10e     3655431310 5 3 3 3  1026.0 1134.0
 44 2156.173500 3.115E-27 8.711E+01.09060.112 2499.04550.70-.001513        2 0 0 1        2 0 0 0                    P  4e     3655431810 5 3 3 3    63.0   81.0
 44 2156.175254 9.690E-28 7.409E+01.08460.107 2911.41110.72-.001384        0 5 3 1        0 5 3 0                    R  8e     3655431310 5 3 3 3   171.0  153.0
 44 2156.175255 9.690E-28 7.409E+01.08460.107 2911.41110.72-.001384        0 5 3 1        0 5 3 0                    R  8f     3655431310 5 3 3 3   171.0  153.0
 44 2156.176077 7.047E-27 8.883E+01.08800.110 2428.07990.71-.001699        1 2 0 1        1 2 0 0                    P  6e     3655431310 5 3 3 3    99.0  117.0
 41 2156.182710 1.287E-25 1.981E+02.08200.105 3418.95780.72-.002003        0 2 0 2        0 2 0 1                    P 11e     3655431410 5 3 3 3   189.0  207.0
 41 2156.184700 2.657E-26 8.326E+01.07490.095 3712.69000.73-.001700        0 6 6 1        0 6 6 0                    R 20e     3655431410 5 3 3 3   387.0  369.0
 41 2156.184700 2.657E-26 8.326E+01.07490.095 3712.69000.73-.001700        0 6 6 1        0 6 6 0                    R 20f     3655431410 5 3 3 3   387.0  369.0
 41 2156.185540 7.511E-28 8.770E+01.06990.084 4565.90100.81-.002742        1 5 1 1        0 7 1 0                    R 35e     3555431410 5 3 3 3   657.0  639.0
 43 2156.186150 1.946E-28 8.048E+01.06960.084 3670.85620.80-.002027        2 1 1 1        2 1 1 0                    R 36e     3655431910 5 3 3 3   450.0  438.0
 41 2156.189580 4.991E-28 8.602E-01.06570.073 3795.62200.73-.002253        0 4 4 1        0 4 4 0                    Q 58e     3645431410 5 3 3 3  1053.0 1053.0
 41 2156.190800 1.029E-23 9.567E+01.07910.102 2419.48210.72-.002108        0 4 2 1        0 4 2 0                    P 14e     3655431410 5 3 3 3   243.0  261.0
 41 2156.192810 1.029E-23 9.567E+01.07910.102 2419.47390.72-.002108        0 4 2 1        0 4 2 0                    P 14f     3655431410 5 3 3 3   243.0  261.0
 41 2156.193610 1.055E-22 9.689E+01.07220.090 2089.62890.77-.002259        0 3 1 1        0 3 1 0                    P 28e     3655431410 5 3 3 3   495.0  513.0
 41 2156.197990 4.991E-28 8.602E-01.06570.073 3795.61780.73-.002253        0 4 4 1        0 4 4 0                    Q 58f     3645431410 5 3 3 3  1053.0 1053.0
 41 2156.198790 2.274E-28 1.645E+02.07360.093 4859.03650.74-.001768        1 2 0 2        1 2 0 1                    R 23e     3555431410 5 3 3 3   441.0  423.0
 43 2156.198870 1.467E-27 1.950E+02.09410.116 2775.11730.70-.001273        0 1 1 2        0 1 1 1                    P  2f     3655431910 5 3 3 3    18.0   30.0
 43 2156.201740 1.467E-27 1.950E+02.09410.116 2775.11300.70-.001273        0 1 1 2        0 1 1 1                    P  2e     3655431910 5 3 3 3    18.0   30.0
 43 2156.202110 4.326E-26 9.123E+01.08090.104 2358.79670.72-.001471        0 4 0 1        0 4 0 0                    R 11e     3655431910 5 3 3 3   150.0  138.0
 44 2156.211319 4.259E-28 7.315E+01.07910.102 3164.89930.72-.001526        2 1 1 1        2 1 1 0                    R 13e     3655431310 5 3 3 3   261.0  243.0
 45 2156.211600 5.488E-25 9.599E+01.06680.076 1664.13650.75-.002196        0 1 1 1        0 1 1 0                    P 51e     3645431815 5 3 3 3  5454.0 5562.0
 42 2156.213000 2.368E-28 1.695E-03.07830.101 1239.23350.72-.001552        0 2 0 1        0 2 2 0                    R 14e     3655431810 5 3 3 3   186.0  174.0
 41 2156.213430 6.105E-28 8.752E+01.06960.084 4613.66790.80-.002027        0 7 3 1        0 7 3 0                    R 36e     3555431410 5 3 3 3   675.0  657.0
 42 2156.215200 1.105E-27 5.694E-02.06600.074 1911.40980.74-.002244        0 1 1 1        0 1 1 0                    Q 56e     3645431815 5 3 3 3   678.0  678.0
 43 2156.215290 1.932E-28 8.049E+01.06960.084 3672.27430.80-.002027        2 1 1 1        2 1 1 0                    R 36f     3655431910 5 3 3 3   450.0  438.0
 41 2156.219330 4.853E-26 5.146E+01.09410.116 3047.04840.70-.001133        1 3 1 1        1 3 1 0                    R  1e     3655431410 5 3 3 3    45.0   27.0
 41 2156.223530 6.104E-28 8.753E+01.06960.084 4613.71800.80-.002027        0 7 3 1        0 7 3 0                    R 36f     3555431410 5 3 3 3   675.0  657.0
 43 2156.224400 1.514E-28 1.335E-01.06990.084 2399.92970.81-.002129        1 1 1 1        1 1 1 0                    Q 36e     3655431810 5 3 3 3   438.0  438.0
 41 2156.225320 2.844E-28 1.410E-03.06850.081 2526.11300.78-.002170        0 3 1 1        0 3 3 0                    Q 42f     3655431410 5 3 3 3   765.0  765.0
 41 2156.225540 4.853E-26 5.146E+01.09410.116 3047.05160.70-.001133        1 3 1 1        1 3 1 0                    R  1f     3655431410 5 3 3 3    45.0   27.0
 44 2156.238693 4.254E-28 7.315E+01.07910.102 3165.10030.72-.001526        2 1 1 1        2 1 1 0                    R 13f     3655431310 5 3 3 3   261.0  243.0
 43 2156.239400 6.467E-27 1.878E+00.07150.088 2134.47290.79-.002077        0 3 3 1        0 3 3 0                    Q 30f     3655431910 5 3 3 3   366.0  366.0
 43 2156.241260 6.467E-27 1.878E+00.07150.088 2134.47200.79-.002077        0 3 3 1        0 3 3 0                    Q 30e     3655431910 5 3 3 3   366.0  366.0
 41 2156.244990 5.071E-28 1.788E+02.07410.094 4702.60640.73-.001746        0 4 0 2        0 4 0 1                    R 22e     3555431410 5 3 3 3   423.0  405.0
 43 2156.245929 1.074E-27 9.180E+01.07070.086 3323.33480.81-.001953        0 5 3 1        0 5 3 0                    R 32e     3655431910 5 3 3 3   402.0  390.0
 43 2156.247700 1.379E-25 9.692E+01.09060.112 1870.85420.70-.001513        1 1 1 1        1 1 1 0                    P  4f     3655431810 5 3 3 3    42.0   54.0
 43 2156.255100 1.379E-25 9.692E+01.09060.112 1870.83680.70-.001513        1 1 1 1        1 1 1 0                    P  4e     3655431810 5 3 3 3    42.0   54.0
 41 2156.255290 4.631E-27 7.058E+01.07360.093 4064.94350.74-.001768        3 0 0 1        3 0 0 0                    R 23e     3555431410 5 3 3 3   441.0  423.0
 42 2156.255330 1.860E-27 8.291E+01.06790.079 3258.10190.77-.002159        1 2 0 1        1 2 0 0                    R 44e     3655431910 5 3 3 3   546.0  534.0
 41 2156.255710 4.693E-24 8.926E+01.07990.103 2550.96730.72-.002078        1 2 2 1        1 2 2 0                    P 13e     3655431410 5 3 3 3   225.0  243.0
 41 2156.256180 4.693E-24 8.926E+01.07990.103 2550.96550.72-.002078        1 2 2 1        1 2 2 0                    P 13f     3655431410 5 3 3 3   225.0  243.0
 43 2156.267472 1.073E-27 9.180E+01.07070.086 3323.34090.81-.001953        0 5 3 1        0 5 3 0                    R 32f     3655431310 5 3 3 3   402.0  390.0
 41 2156.283180 7.376E-28 8.762E+01.06990.084 4569.41930.81-.002742        1 5 1 1        0 7 1 0                    R 35f     3555431410 5 3 3 3   657.0  639.0
 42 2156.288300 4.835E-28 3.768E-03.07590.097 1303.86290.73-.001930        0 2 2 1        0 2 0 0                    Q 19e     3655431810 5 3 3 3   234.0  234.0
 41 2156.291810 1.664E-28 1.790E-03.07410.094 2554.63650.73-.002244        0 4 2 1        0 4 0 0                    P 23e     3655431410 5 3 3 3   405.0  423.0
 43 2156.296400 1.104E-23 1.006E+02.07540.096 1330.33190.73-.002219        0 2 0 1        0 2 0 0                    P 20e     3655431810 5 3 3 3   234.0  246.0
 41 2156.296760 4.341E-26 8.817E+01.07700.099 3581.11790.73-.001603        0 6 0 1        0 6 0 0                    R 16e     3655431410 5 3 3 3   315.0  297.0
 42 2156.299890 8.304E-28 7.627E+01.06770.079 3411.33650.76-.002174        2 0 0 1        2 0 0 0                    R 45e     3655431910 5 3 3 3   558.0  546.0
 41 2156.328040 1.039E-22 9.676E+01.07250.090 2084.84530.76-.002258        0 3 3 1        0 3 3 0                    P 27f     3655431410 5 3 3 3   477.0  495.0
 41 2156.328180 1.039E-22 9.676E+01.07250.090 2084.84450.76-.002258        0 3 3 1        0 3 3 0                    P 27e     3655431410 5 3 3 3   477.0  495.0
 43 2156.333407 3.562E-28 8.660E+01.06990.084 3555.89890.81-.002009        1 3 3 1        1 3 3 0                    R 35e     3655431310 5 3 3 3   438.0  426.0
 43 2156.333664 3.562E-28 8.660E+01.06990.084 3555.90060.81-.002009        1 3 3 1        1 3 3 0                    R 35f     3655431310 5 3 3 3   438.0  426.0
 41 2156.340750 7.397E-28 1.787E-02.07070.086 2802.95630.81-.002104        0 4 0 1        0 4 2 0                    Q 33f     3655431410 5 3 3 3   603.0  603.0
 43 2156.348700 6.029E-24 9.332E+01.07540.096 1439.23450.73-.002219        1 0 0 1        1 0 0 0                    P 20e     3655431810 5 3 3 3   234.0  246.0
 43 2156.348900 6.291E-28 2.390E-01.07250.090 2168.37220.76-.002045        1 1 1 1        1 1 1 0                    Q 27f     3655431810 5 3 3 3   330.0  330.0
 42 2156.350360 6.425E-25 9.016E+01.07360.093 1945.55360.74-.001768        0 3 1 1        0 3 1 0                    R 23e     3655431810 5 3 3 3   294.0  282.0
 44 2156.351609 1.701E-26 9.418E+01.08570.108 2322.58510.71-.001845        0 4 0 1        0 4 0 0                    P  8e     3655431310 5 3 3 3   135.0  153.0
 43 2156.352300 1.985E-22 9.954E+01.06750.078  912.52550.76-.002211        0 0 0 1        0 0 0 0                    P 47e     3655431816 5 3 3 3   558.0  570.0
 41 2156.354590 1.524E-28 8.141E+01.06870.081 4905.17340.78-.002841        2 3 3 1        1 5 3 0                    R 40e     3555431410 5 3 3 3   747.0  729.0
 44 2156.354783 5.837E-28 7.493E+01.08090.104 3074.39480.72-.001471        1 3 3 1        1 3 3 0                    R 11f     3655431310 5 3 3 3   225.0  207.0
 44 2156.354788 5.837E-28 7.493E+01.08090.104 3074.39480.72-.001471        1 3 3 1        1 3 3 0                    R 11e     3655431310 5 3 3 3   225.0  207.0
 41 2156.357730 1.523E-28 8.141E+01.06870.081 4905.20070.78-.002841        2 3 3 1        1 5 3 0                    R 40f     3555431410 5 3 3 3   747.0  729.0
 41 2156.367280 3.488E-26 8.543E+01.07590.097 3641.86080.73-.001653        0 6 4 1        0 6 4 0                    R 18e     3655431410 5 3 3 3   351.0  333.0
 41 2156.367280 3.488E-26 8.543E+01.07590.097 3641.86080.73-.001653        0 6 4 1        0 6 4 0                    R 18f     3655431410 5 3 3 3   351.0  333.0
 42 2156.368800 1.577E-22 9.823E+01.08460.107  613.22490.72-.001904        0 1 1 1        0 1 1 0                    P  9f     3655431815 5 3 3 3   102.0  114.0
 44 2156.375024 2.880E-25 9.288E+01.07450.094 1954.33260.73-.002237        0 3 3 1        0 3 3 0                    P 22f     3655431310 5 3 3 3   387.0  405.0
 44 2156.375036 2.880E-25 9.288E+01.07450.094 1954.33250.73-.002237        0 3 3 1        0 3 3 0                    P 22e     3655431310 5 3 3 3   387.0  405.0
 43 2156.375800 1.068E-27 2.390E-01.07220.090 2066.83710.77-.002056        0 3 1 1        0 3 1 0                    Q 28f     3655431810 5 3 3 3   342.0  342.0
 43 2156.381750 1.289E-27 9.115E+01.07090.087 3277.97240.81-.001934        0 5 1 1        0 5 1 0                    R 31e     3655431910 5 3 3 3   390.0  378.0
 41 2156.382310 1.941E-28 8.100E+01.06890.082 4849.33700.79-.001336        0 7 1 1        1 5 1 0                    R 39e     3555431410 5 3 3 3   729.0  711.0
 41 2156.382760 2.005E-28 4.130E-03.07360.093 2705.77450.74-.000831        1 6 2 0        1 2 2 0                    R 23f     3655431410 5 3 3 3   441.0  423.0
 42 2156.384500 1.578E-22 9.823E+01.08460.107  613.15200.72-.001904        0 1 1 1        0 1 1 0                    P  9e     3655431815 5 3 3 3   102.0  114.0
 44 2156.386045 4.238E-27 1.880E+02.07590.097 2936.43730.73-.002207        0 1 1 2        0 1 1 1                    P 19f     3655431310 5 3 3 3   333.0  351.0
 41 2156.402030 1.343E-21 9.763E+01.06490.071 1740.03700.72-.002154        0 0 0 1        0 0 0 0                    P 64e     3645431416 5 3 3 3  1143.0 1161.0
 43 2156.402300 1.794E-28 1.413E-01.07010.085 2370.90850.81-.002121        1 1 1 1        1 1 1 0                    Q 35e     3655431810 5 3 3 3   426.0  426.0
 42 2156.402560 5.635E-25 8.941E+01.07330.092 1979.04670.74-.001790        0 3 3 1        0 3 3 0                    R 24e     3655431910 5 3 3 3   306.0  294.0
 42 2156.402860 5.635E-25 8.941E+01.07330.092 1979.04760.74-.001790        0 3 3 1        0 3 3 0                    R 24f     3655431910 5 3 3 3   306.0  294.0
 41 2156.403340 1.699E-26 8.163E+01.07540.096 3790.79100.73-.001677        1 4 2 1        1 4 2 0                    R 19f     3655431410 5 3 3 3   369.0  351.0
 42 2156.404900 4.472E-28 3.399E-03.07650.098 1287.91360.73-.001911        0 2 2 1        0 2 0 0                    Q 18e     3655431810 5 3 3 3   222.0  222.0
 42 2156.405300 6.396E-25 9.014E+01.07360.093 1946.41560.74-.001768        0 3 1 1        0 3 1 0                    R 23f     3655431810 5 3 3 3   294.0  282.0
 41 2156.408050 1.698E-26 8.162E+01.07540.096 3790.81540.73-.001677        1 4 2 1        1 4 2 0                    R 19e     3655431410 5 3 3 3   369.0  351.0
 42 2156.408055 3.990E-27 8.942E+01.06790.079 3116.64500.77-.002159        0 4 2 1        0 4 2 0                    R 44f     3655431910 5 3 3 3   546.0  534.0
 43 2156.414570 5.987E-28 1.847E+02.07700.099 3453.63090.73-.001603        0 2 2 2        0 2 2 1                    R 16f     3655431910 5 3 3 3   210.0  198.0
 44 2156.415020 4.243E-27 1.880E+02.07590.097 2936.17130.73-.002207        0 1 1 2        0 1 1 1                    P 19e     3655431310 5 3 3 3   333.0  351.0
 43 2156.415180 5.987E-28 1.847E+02.07700.099 3453.63460.73-.001603        0 2 2 2        0 2 2 1                    R 16e     3655431910 5 3 3 3   210.0  198.0
 42 2156.425100 2.056E-26 9.871E-02.06830.080 1369.27740.78-.002176        0 1 1 1        0 1 1 0                    Q 43f     3655431815 5 3 3 3   522.0  522.0
 41 2156.427560 1.092E-28 2.084E-01.06600.074 3809.43050.74-.002244        1 2 2 1        1 2 2 0                    Q 56e     3645431410 5 3 3 3  1017.0 1017.0
 42 2156.430900 2.948E-25 8.369E+01.07360.093 2090.47190.74-.001768        1 1 1 1        1 1 1 0                    R 23e     3655431810 5 3 3 3   294.0  282.0
 43 2156.434590 7.532E-27 2.010E+00.07190.089 2110.10060.78-.002067        0 3 3 1        0 3 3 0                    Q 29f     3655431910 5 3 3 3   354.0  354.0
 43 2156.436120 7.532E-27 2.010E+00.07190.089 2110.09980.78-.002067        0 3 3 1        0 3 3 0                    Q 29e     3655431910 5 3 3 3   354.0  354.0
 41 2156.436130 6.688E-26 1.814E+02.08200.105 3535.43590.72-.002003        1 0 0 2        1 0 0 1                    P 11e     3655431410 5 3 3 3   189.0  207.0
 41 2156.437860 2.035E-28 1.656E+02.07330.092 4891.49040.74-.001790        1 2 2 2        1 2 2 1                    R 24f     3555431410 5 3 3 3   459.0  441.0
 41 2156.438470 1.903E-28 8.081E+01.06890.082 4852.89840.79-.001336        0 7 1 1        1 5 1 0                    R 39f     3555431410 5 3 3 3   729.0  711.0
 41 2156.440700 2.035E-28 1.656E+02.07330.092 4891.50890.74-.001790        1 2 2 2        1 2 2 1                    R 24e     3555431410 5 3 3 3   459.0  441.0
 41 2156.442520 8.353E-27 7.573E+01.07450.094 3940.54570.73-.001723        2 2 0 1        2 2 0 0                    R 21e     3655431410 5 3 3 3   405.0  387.0
 42 2156.446050 1.520E-27 8.317E+01.06770.079 3304.67300.76-.002174        1 2 2 1        1 2 2 0                    R 45f     3655431910 5 3 3 3   558.0  546.0
 44 2156.452000 1.835E-25 8.643E+01.07490.095 2022.49580.73-.002229        1 1 1 1        1 1 1 0                    P 21f     3655431810 5 3 3 3   369.0  387.0
 43 2156.454140 1.284E-27 9.170E+01.07090.087 3279.95470.81-.001934        0 5 1 1        0 5 1 0                    R 31f     3655431910 5 3 3 3   390.0  378.0
 42 2156.459200 2.941E-25 8.368E+01.07360.093 2090.96480.74-.001768        1 1 1 1        1 1 1 0                    R 23f     3655431810 5 3 3 3   294.0  282.0
 45 2156.467600 1.411E-25 8.811E+01.06940.083 1864.64180.80-.002242        1 0 0 1        1 0 0 0                    P 38e     3655431810 5 3 3 3  4050.0 4158.0
 42 2156.467700 7.654E-24 8.039E+01.08680.109 1168.67200.71-.001320        0 2 2 1        0 2 2 0                    R  6f     3655431810 5 3 3 3    90.0   78.0
 44 2156.467700 1.690E-24 9.439E+01.06990.084 1696.78920.81-.002248        0 2 2 1        0 2 2 0                    P 36e     3655431810 5 3 3 3   639.0  657.0
 42 2156.468100 7.654E-24 8.039E+01.08680.109 1168.67210.71-.001320        0 2 2 1        0 2 2 0                    R  6e     3655431810 5 3 3 3    90.0   78.0
 42 2156.471370 1.517E-27 8.314E+01.06770.079 3305.01770.76-.002174        1 2 2 1        1 2 2 0                    R 45e     3655431910 5 3 3 3   558.0  546.0
 44 2156.474600 1.690E-24 9.439E+01.06990.084 1696.73660.81-.002248        0 2 2 1        0 2 2 0                    P 36f     3655431810 5 3 3 3   639.0  657.0
 41 2156.493890 1.912E-28 3.644E-03.06700.077 2838.54050.75-.002216        0 3 1 1        0 3 3 0                    Q 50e     3645431410 5 3 3 3   909.0  909.0
 44 2156.494000 4.600E-24 9.421E+01.06720.077 1554.61220.75-.002203        0 1 1 1        0 1 1 0                    P 49f     3655431815 5 3 3 3   873.0  891.0
 42 2156.494200 1.414E-27 5.910E-02.06620.075 1864.59500.74-.002240        0 1 1 1        0 1 1 0                    Q 55e     3645431815 5 3 3 3   666.0  666.0
 44 2156.495500 1.838E-25 8.641E+01.07490.095 2022.09270.73-.002229        1 1 1 1        1 1 1 0                    P 21e     3655431810 5 3 3 3   369.0  387.0
 45 2156.498447 7.184E-28 1.922E+02.07450.094 2996.89830.73-.002237        0 1 1 2        0 1 1 1                    P 22f     3655431310 5 3 3 3  2322.0 2430.0
 45 2156.505990 2.361E-25 9.626E+01.06940.083 1776.96920.80-.002242        0 2 2 1        0 2 2 0                    P 38e     3655431310 5 3 3 3  4050.0 4158.0
 43 2156.510730 4.184E-26 8.976E+01.07990.103 2378.09360.72-.001499        0 4 2 1        0 4 2 0                    R 12f     3655431910 5 3 3 3   162.0  150.0
 43 2156.512000 4.184E-26 8.976E+01.07990.103 2378.09710.72-.001499        0 4 2 1        0 4 2 0                    R 12e     3655431910 5 3 3 3   162.0  150.0
 45 2156.514532 2.362E-25 9.626E+01.06940.083 1776.87890.80-.002242        0 2 2 1        0 2 2 0                    P 38f     3655431310 5 3 3 3  4050.0 4158.0
 42 2156.515600 4.082E-28 3.048E-03.07700.099 1272.80300.73-.001890        0 2 2 1        0 2 0 0                    Q 17e     3655431810 5 3 3 3   210.0  210.0
 42 2156.518120 3.970E-27 8.937E+01.06790.079 3117.57010.77-.002159        0 4 2 1        0 4 2 0                    R 44e     3655431910 5 3 3 3   546.0  534.0
 43 2156.520600 1.483E-25 2.028E+02.07650.098 2338.89810.73-.002193        0 0 0 2        0 0 0 1                    P 18e     3655431810 5 3 3 3   210.0  222.0
 41 2156.532010 1.627E-24 1.959E+02.07330.092 3068.97300.74-.002253        0 1 1 2        0 1 1 1                    P 25f     3655431410 5 3 3 3   441.0  459.0
 41 2156.534490 4.618E-28 1.785E+02.07360.093 4730.07430.74-.001768        0 4 2 2        0 4 2 1                    R 23f     3555431410 5 3 3 3   441.0  423.0
 45 2156.536552 7.196E-28 1.921E+02.07450.094 2996.52530.73-.002237        0 1 1 2        0 1 1 1                    P 22e     3655431310 5 3 3 3  2322.0 2430.0
 41 2156.538050 2.086E-28 2.057E-01.06600.074 3673.55740.74-.002244        0 4 2 1        0 4 2 0                    Q 56e     3645431410 5 3 3 3  1017.0 1017.0
 44 2156.538938 8.289E-28 6.872E+01.08200.105 2967.26690.72-.001443        0 5 5 1        0 5 5 0                    R 10f     3655431310 5 3 3 3   207.0  189.0
 44 2156.538955 8.289E-28 6.872E+01.08200.105 2967.26690.72-.001443        0 5 5 1        0 5 5 0                    R 10e     3655431310 5 3 3 3   207.0  189.0
 41 2156.545210 4.617E-28 1.785E+02.07360.093 4730.13060.74-.001768        0 4 2 2        0 4 2 1                    R 23e     3555431410 5 3 3 3   441.0  423.0
 41 2156.555570 4.540E-22 9.809E+01.06890.082 1866.41500.79-.002236        0 2 2 1        0 2 2 0                    P 40e     3655431410 5 3 3 3   711.0  729.0
 45 2156.566753 3.826E-27 9.567E+01.08200.105 2361.85730.72-.002003        0 4 0 1        0 4 0 0                    P 11e     3655431310 5 3 3 3  1134.0 1242.0
 41 2156.568560 4.543E-22 9.809E+01.06890.082 1866.26310.79-.002236        0 2 2 1        0 2 2 0                    P 40f     3655431410 5 3 3 3   711.0  729.0
 41 2156.571350 6.445E-28 8.921E-01.06590.074 3746.89510.73-.002249        0 4 4 1        0 4 4 0                    Q 57e     3645431410 5 3 3 3  1035.0 1035.0
 43 2156.575300 2.120E-28 1.498E-01.07040.086 2342.69180.81-.002113        1 1 1 1        1 1 1 0                    Q 34e     3655431810 5 3 3 3   414.0  414.0
 43 2156.575700 7.261E-28 2.575E-01.07290.091 2146.54920.75-.002034        1 1 1 1        1 1 1 0                    Q 26f     3655431810 5 3 3 3   318.0  318.0
 41 2156.578440 6.192E-26 6.660E+01.09060.112 3170.84360.70-.001214        2 1 1 1        2 1 1 0                    R  3e     3655431410 5 3 3 3    81.0   63.0
 41 2156.578740 6.445E-28 8.921E-01.06590.074 3746.89150.73-.002249        0 4 4 1        0 4 4 0                    Q 57f     3645431410 5 3 3 3  1035.0 1035.0
 41 2156.579040 1.631E-24 1.958E+02.07330.092 3068.46860.74-.002253        0 1 1 2        0 1 1 1                    P 25e     3655431410 5 3 3 3   441.0  459.0
 43 2156.581380 4.485E-28 8.555E+01.07010.085 3500.25860.81-.001991        1 3 1 1        1 3 1 0                    R 34e     3655431910 5 3 3 3   426.0  414.0
 41 2156.586370 6.192E-26 6.660E+01.09060.112 3170.85650.70-.001214        2 1 1 1        2 1 1 0                    R  3f     3655431410 5 3 3 3    81.0   63.0
 44 2156.590400 4.636E-24 9.418E+01.06720.077 1552.87540.75-.002203        0 1 1 1        0 1 1 0                    P 49e     3655431815 5 3 3 3   873.0  891.0
 41 2156.591190 7.817E-28 1.702E-02.07090.087 2775.21630.81-.002095        0 4 0 1        0 4 2 0                    Q 32f     3655431410 5 3 3 3   585.0  585.0
 45 2156.592646 5.026E-26 9.479E+01.07330.092 2004.45960.74-.002253        0 3 1 1        0 3 1 0                    P 25f     3655431310 5 3 3 3  2646.0 2754.0
 41 2156.595280 1.092E-23 9.735E+01.07910.102 2410.88580.72-.002108        0 4 0 1        0 4 0 0                    P 14e     3655431410 5 3 3 3   243.0  261.0
 41 2156.599880 2.000E-28 4.121E-03.07360.093 2705.79030.74-.000831        1 6 2 0        1 2 2 0                    R 23e     3655431410 5 3 3 3   441.0  423.0
 45 2156.604861 1.516E-27 8.655E+01.08460.107 2488.27540.72-.001904        1 2 2 1        1 2 2 0                    P  9f     3655431310 5 3 3 3   918.0 1026.0
 45 2156.604878 1.516E-27 8.655E+01.08460.107 2488.27560.72-.001904        1 2 2 1        1 2 2 0                    P  9e     3655431310 5 3 3 3   918.0 1026.0
 41 2156.609090 3.204E-28 1.371E-03.06870.081 2490.82460.78-.002164        0 3 1 1        0 3 3 0                    Q 41f     3655431410 5 3 3 3   747.0  747.0
 42 2156.620400 3.673E-28 2.714E-03.07770.100 1258.53120.73-.001868        0 2 2 1        0 2 0 0                    Q 16e     3655431810 5 3 3 3   198.0  198.0
 43 2156.623100 1.322E-26 7.962E+01.07830.101 2618.90690.72-.001552        2 0 0 1        2 0 0 0                    R 14e     3655431810 5 3 3 3   186.0  174.0
 43 2156.623260 8.747E-27 2.155E+00.07220.090 2086.53960.77-.002056        0 3 3 1        0 3 3 0                    Q 28f     3655431910 5 3 3 3   342.0  342.0
 43 2156.624510 8.747E-27 2.155E+00.07220.090 2086.53890.77-.002056        0 3 3 1        0 3 3 0                    Q 28e     3655431910 5 3 3 3   342.0  342.0
 41 2156.627540 1.709E-26 3.660E+01.07650.098 3603.34770.73-.002456        3 3 1 0        0 6 2 0                    R 17f     3655431410 5 3 3 3   333.0  315.0
 43 2156.627690 6.598E-28 9.214E+01.06990.084 3441.82570.81-.002009        0 5 5 1        0 5 5 0                    R 35f     3655431310 5 3 3 3   438.0  426.0
 43 2156.627708 6.598E-28 9.214E+01.06990.084 3441.82570.81-.002009        0 5 5 1        0 5 5 0                    R 35e     3655431310 5 3 3 3   438.0  426.0
 41 2156.630530 6.289E-26 1.185E-02.07010.085 1810.37100.81-.000531        0 6 0 0        1 0 0 0                    P 35e     3655431410 5 3 3 3   621.0  639.0
 43 2156.631460 4.444E-28 8.551E+01.07010.085 3502.04310.81-.001991        1 3 1 1        1 3 1 0                    R 34f     3655431910 5 3 3 3   426.0  414.0
 45 2156.633034 3.816E-27 1.927E+02.06990.084 2757.02750.81-.002248        0 0 0 2        0 0 0 1                    P 36e     3655431310 5 3 3 3  3834.0 3942.0
 43 2156.634300 1.236E-27 2.567E-01.07250.090 2044.07390.76-.002045        0 3 1 1        0 3 1 0                    Q 27f     3655431810 5 3 3 3   330.0  330.0
 42 2156.644958 2.617E-27 8.944E+01.06750.078 3212.25500.76-.002189        0 4 4 1        0 4 4 0                    R 46f     3655431310 5 3 3 3   570.0  558.0
 42 2156.645580 2.617E-27 8.944E+01.06750.078 3212.25750.76-.002189        0 4 4 1        0 4 4 0                    R 46e     3655431310 5 3 3 3   570.0  558.0
 41 2156.657180 1.130E-25 1.923E+02.08330.106 3418.98240.72-.001957        0 2 2 2        0 2 2 1                    P 10e     3655431410 5 3 3 3   171.0  189.0
 41 2156.657410 1.130E-25 1.923E+02.08330.106 3418.98170.72-.001957        0 2 2 2        0 2 2 1                    P 10f     3655431410 5 3 3 3   171.0  189.0
 45 2156.661078 2.790E-26 8.833E+01.07360.093 2102.40840.74-.002249        1 1 1 1        1 1 1 0                    P 24f     3655431310 5 3 3 3  2538.0 2646.0
 41 2156.661530 2.564E-27 1.543E+02.08800.110 4074.40090.71-.001286        1 1 1 2        1 1 1 1                    R  5e     3555431410 5 3 3 3   117.0   99.0
 43 2156.664200 2.217E-26 8.539E+01.07910.102 2513.15640.72-.001526        1 2 0 1        1 2 0 0                    R 13e     3655431810 5 3 3 3   174.0  162.0
 44 2156.665000 1.194E-24 8.599E+01.07010.085 1743.22820.81-.002251        1 0 0 1        1 0 0 0                    P 35e     3655431810 5 3 3 3   621.0  639.0
 41 2156.671210 2.564E-27 1.543E+02.08800.110 4074.42740.71-.001286        1 1 1 2        1 1 1 1                    R  5f     3555431410 5 3 3 3   117.0   99.0
 41 2156.675480 7.408E-27 7.680E+01.07410.094 3977.03610.73-.001746        2 2 2 1        2 2 2 0                    R 22f     3655431410 5 3 3 3   423.0  405.0
 41 2156.676170 7.395E-27 7.667E+01.07410.094 3977.04670.73-.001746        2 2 2 1        2 2 2 0                    R 22e     3655431410 5 3 3 3   423.0  405.0
 45 2156.676540 5.046E-26 9.477E+01.07330.092 2003.56120.74-.002253        0 3 1 1        0 3 1 0                    P 25e     3655431310 5 3 3 3  2646.0 2754.0
 41 2156.682540 1.874E-28 8.791E+01.06830.080 4887.99410.78-.002128        0 7 7 1        0 7 7 0                    R 42e     3555431410 5 3 3 3   783.0  765.0
 41 2156.682540 1.874E-28 8.791E+01.06830.080 4887.99410.78-.002128        0 7 7 1        0 7 7 0                    R 42f     3555431410 5 3 3 3   783.0  765.0
 41 2156.685580 4.072E-26 8.722E+01.07650.098 3603.38370.73-.001628        0 6 2 1        0 6 2 0                    R 17e     3655431410 5 3 3 3   333.0  315.0
 41 2156.688650 9.518E-28 3.037E+02.08570.108 4447.04810.71-.001845        0 0 0 3        0 0 0 2                    P  8e     3555431410 5 3 3 3   135.0  153.0
 42 2156.689130 4.132E-27 8.943E+01.06790.079 3109.41480.77-.002159        0 4 0 1        0 4 0 0                    R 44e     3655431910 5 3 3 3   546.0  534.0
 41 2156.691930 1.142E-28 1.505E+02.07290.091 4998.63380.75-.001812        2 0 0 2        2 0 0 1                    R 25e     3555431410 5 3 3 3   477.0  459.0
 44 2156.698565 6.974E-28 7.659E+01.08090.104 3042.22740.72-.001471        1 3 1 1        1 3 1 0                    R 11e     3655431310 5 3 3 3   225.0  207.0
 42 2156.703730 6.377E-27 1.820E+02.07190.089 3077.13060.78-.001875        0 1 1 2        0 1 1 1                    R 28e     3655431910 5 3 3 3   354.0  342.0
 42 2156.704200 3.608E-24 7.998E+01.08800.110 1292.86780.71-.001286        1 0 0 1        1 0 0 0                    R  5e     3655431810 5 3 3 3    78.0   66.0
 42 2156.708700 2.611E-21 9.595E+01.07410.094  231.22420.73-.002244        0 0 0 1        0 0 0 0                    P 23e     3655431816 5 3 3 3   270.0  282.0
 43 2156.708850 1.000E-28 1.056E-01.06850.081 2468.19520.78-.002170        0 3 1 1        0 3 1 0                    Q 42e     3655431910 5 3 3 3   510.0  510.0
 45 2156.716213 2.796E-26 8.830E+01.07360.093 2101.87470.74-.002249        1 1 1 1        1 1 1 0                    P 24e     3655431310 5 3 3 3  2538.0 2646.0
 41 2156.719020 2.377E-26 5.091E+01.07650.098 3603.34770.73-.001628        0 6 2 1        0 6 2 0                    R 17f     3655431410 5 3 3 3   333.0  315.0
 42 2156.719300 3.254E-28 2.398E-03.07830.101 1245.09830.72-.001843        0 2 2 1        0 2 0 0                    Q 15e     3655431810 5 3 3 3   186.0  186.0
 45 2156.721935 9.376E-28 8.342E+01.08570.108 2553.73220.71-.001845        2 0 0 1        2 0 0 0                    P  8e     3655431310 5 3 3 3   810.0  918.0
 41 2156.721940 5.633E-23 9.026E+01.07250.090 2196.45760.76-.002258        1 1 1 1        1 1 1 0                    P 27f     3655431410 5 3 3 3   477.0  495.0
 44 2156.727096 6.967E-28 7.658E+01.08090.104 3042.41290.72-.001471        1 3 1 1        1 3 1 0                    R 11f     3655431310 5 3 3 3   225.0  207.0
 43 2156.728900 1.071E-23 1.004E+02.07590.097 1325.08690.73-.002207        0 2 2 1        0 2 2 0                    P 19e     3655431810 5 3 3 3   222.0  234.0
 43 2156.730300 1.071E-23 1.004E+02.07590.097 1325.07970.73-.002207        0 2 2 1        0 2 2 0                    P 19f     3655431810 5 3 3 3   222.0  234.0
 41 2156.730650 3.575E-28 8.772E+01.06890.082 4739.97170.79-.002079        0 7 5 1        0 7 5 0                    R 39e     3555431410 5 3 3 3   729.0  711.0
 41 2156.730660 3.575E-28 8.772E+01.06890.082 4739.97170.79-.002079        0 7 5 1        0 7 5 0                    R 39f     3555431410 5 3 3 3   729.0  711.0
 43 2156.731420 3.741E-27 5.475E-02.07700.099 1393.27570.73-.000644        0 6 0 0        1 0 0 0                    P 17e     3655431910 5 3 3 3   198.0  210.0
 43 2156.735490 1.729E-28 8.055E+01.06940.083 3700.57790.80-.002044        2 1 1 1        2 1 1 0                    R 37e     3655431910 5 3 3 3   462.0  450.0
 42 2156.736690 6.356E-27 1.819E+02.07190.089 3077.77490.78-.001875        0 1 1 2        0 1 1 1                    R 28f     3655431910 5 3 3 3   354.0  342.0
 43 2156.743300 2.497E-28 1.591E-01.07070.086 2315.27980.81-.002104        1 1 1 1        1 1 1 0                    Q 33e     3655431810 5 3 3 3   402.0  402.0
 41 2156.763730 1.351E-26 8.127E+01.07450.094 3856.00930.73-.001723        1 4 4 1        1 4 4 0                    R 21e     3655431410 5 3 3 3   405.0  387.0
 41 2156.763730 1.351E-26 8.127E+01.07450.094 3856.00930.73-.001723        1 4 4 1        1 4 4 0                    R 21f     3655431410 5 3 3 3   405.0  387.0
 43 2156.764270 1.717E-28 8.056E+01.06940.083 3702.07580.80-.002044        2 1 1 1        2 1 1 0                    R 37f     3655431910 5 3 3 3   462.0  450.0
 41 2156.764650 9.129E-27 6.810E-04.07120.088 1594.38820.80-.002258        0 2 0 1        0 2 2 0                    P 31e     3655431410 5 3 3 3   549.0  567.0
 41 2156.766590 5.064E-24 9.053E+01.07990.103 2538.09130.72-.002078        1 2 0 1        1 2 0 0                    P 13e     3655431410 5 3 3 3   225.0  243.0
 42 2156.768200 1.803E-27 6.139E-02.06630.075 1818.61190.74-.002235        0 1 1 1        0 1 1 0                    Q 54e     3645431815 5 3 3 3   654.0  654.0
 43 2156.768440 3.428E-28 1.709E+02.07700.099 3552.40660.73-.001603        1 0 0 2        1 0 0 1                    R 16e     3655431910 5 3 3 3   210.0  198.0
 44 2156.775800 1.785E-24 9.310E+01.06990.084 1682.62060.81-.002248        0 2 0 1        0 2 0 0                    P 36e     3655431810 5 3 3 3   639.0  657.0
 42 2156.776700 2.509E-26 1.035E-01.06850.081 1333.22140.78-.002170        0 1 1 1        0 1 1 0                    Q 42f     3655431815 5 3 3 3   510.0  510.0
 41 2156.780950 1.796E-26 8.193E+01.07540.096 3780.02680.73-.001677        1 4 0 1        1 4 0 0                    R 19e     3655431410 5 3 3 3   369.0  351.0
 42 2156.787100 1.584E-27 8.295E+01.06770.079 3295.63520.76-.002174        1 2 0 1        1 2 0 0                    R 45e     3655431910 5 3 3 3   558.0  546.0
 41 2156.788030 5.650E-23 9.023E+01.07250.090 2195.76910.76-.002258        1 1 1 1        1 1 1 0                    P 27e     3655431410 5 3 3 3   477.0  495.0
 43 2156.788480 2.080E-26 8.520E+01.07830.101 2539.55000.72-.001552        1 2 2 1        1 2 2 0                    R 14f     3655431910 5 3 3 3   186.0  174.0
 43 2156.788499 3.648E-26 8.687E+01.07830.101 2427.97390.72-.001552        0 4 4 1        0 4 4 0                    R 14e     3655431310 5 3 3 3   186.0  174.0
 43 2156.788511 3.648E-26 8.687E+01.07830.101 2427.97390.72-.001552        0 4 4 1        0 4 4 0                    R 14f     3655431310 5 3 3 3   186.0  174.0
 41 2156.788580 6.665E-28 8.778E+01.06960.084 4596.08640.80-.002763        1 5 1 1        0 7 1 0                    R 36e     3555431410 5 3 3 3   675.0  657.0
 44 2156.788800 7.683E-24 9.391E+01.06530.072 1493.81080.72-.002163        0 0 0 1        0 0 0 0                    P 61e     3645431816 5 3 3 3  1089.0 1107.0
 43 2156.789050 2.080E-26 8.519E+01.07830.101 2539.55160.72-.001552        1 2 2 1        1 2 2 0                    R 14e     3655431910 5 3 3 3   186.0  174.0
 43 2156.793900 8.359E-28 2.782E-01.07330.092 2125.53370.74-.002022        1 1 1 1        1 1 1 0                    Q 25f     3655431810 5 3 3 3   306.0  306.0
 41 2156.798070 3.625E-28 1.779E+02.07290.091 4795.27520.75-.001812        0 4 4 2        0 4 4 1                    R 25f     3555431410 5 3 3 3   477.0  459.0
 41 2156.798080 3.625E-28 1.779E+02.07290.091 4795.27520.75-.001812        0 4 4 2        0 4 4 1                    R 25e     3555431410 5 3 3 3   477.0  459.0
 43 2156.805410 1.013E-26 2.316E+00.07250.090 2063.79000.76-.002045        0 3 3 1        0 3 3 0                    Q 27f     3655431910 5 3 3 3   330.0  330.0
 43 2156.806420 1.013E-26 2.316E+00.07250.090 2063.78950.76-.002045        0 3 3 1        0 3 3 0                    Q 27e     3655431910 5 3 3 3   330.0  330.0
 42 2156.811950 7.047E-28 7.630E+01.06750.078 3449.47690.76-.002189        2 0 0 1        2 0 0 0                    R 46e     3655431910 5 3 3 3   570.0  558.0
 42 2156.812100 2.834E-28 2.100E-03.07910.102 1232.50450.72-.001817        0 2 2 1        0 2 0 0                    Q 14e     3655431810 5 3 3 3   174.0  174.0
 41 2156.812770 5.393E-28 8.767E+01.06940.083 4644.84070.80-.002044        0 7 3 1        0 7 3 0                    R 37e     3555431410 5 3 3 3   693.0  675.0
 41 2156.813730 2.198E-28 3.485E-03.06720.077 2796.55720.75-.002210        0 3 1 1        0 3 3 0                    Q 49e     3655431410 5 3 3 3   891.0  891.0
 44 2156.818387 6.279E-27 5.552E+01.08800.110 2355.03890.71-.001699        0 4 4 1        0 4 4 0                    P  6e     3655431310 5 3 3 3    99.0  117.0
 44 2156.818393 6.279E-27 5.552E+01.08800.110 2355.03890.71-.001699        0 4 4 1        0 4 4 0                    P  6f     3655431310 5 3 3 3    99.0  117.0
 45 2156.823810 4.820E-26 9.491E+01.07360.093 2004.67690.74-.002249        0 3 3 1        0 3 3 0                    P 24f     3655431310 5 3 3 3  2538.0 2646.0
 45 2156.823969 4.820E-26 9.491E+01.07360.093 2004.67670.74-.002249        0 3 3 1        0 3 3 0                    P 24e     3655431310 5 3 3 3  2538.0 2646.0
 42 2156.825100 8.592E-24 8.738E+01.08680.109 1161.96960.71-.001320        0 2 0 1        0 2 0 0                    R  6e     3655431810 5 3 3 3    90.0   78.0
 41 2156.825790 5.259E-28 8.553E+01.06940.083 4644.89770.80-.002044        0 7 3 1        0 7 3 0                    R 37f     3555431410 5 3 3 3   693.0  675.0
 44 2156.830224 4.725E-27 7.845E+01.08920.111 2443.35160.71-.001612        1 2 2 1        1 2 2 0                    P  5e     3655431310 5 3 3 3    81.0   99.0
 44 2156.830313 4.725E-27 7.845E+01.08920.111 2443.35150.71-.001612        1 2 2 1        1 2 2 0                    P  5f     3655431310 5 3 3 3    81.0   99.0
 41 2156.832900 8.199E-28 1.616E-02.07120.088 2748.31510.80-.002086        0 4 0 1        0 4 2 0                    Q 31f     3655431410 5 3 3 3   567.0  567.0
 41 2156.833880 1.399E-28 2.166E-01.06620.075 3762.64880.74-.002240        1 2 2 1        1 2 2 0                    Q 55e     3645431410 5 3 3 3   999.0  999.0
 43 2156.835200 2.723E-25 1.038E+02.09060.112 1744.78380.70-.001513        0 3 1 1        0 3 1 0                    P  4f     3655431810 5 3 3 3    42.0   54.0
 44 2156.839468 1.347E-26 8.822E+01.08680.109 2327.65010.71-.001777        0 4 2 1        0 4 2 0                    P  7e     3655431310 5 3 3 3   117.0  135.0
 44 2156.839607 1.347E-26 8.822E+01.08680.109 2327.64980.71-.001777        0 4 2 1        0 4 2 0                    P  7f     3655431310 5 3 3 3   117.0  135.0
 43 2156.841592 9.712E-28 9.193E+01.07040.086 3350.17320.81-.001972        0 5 3 1        0 5 3 0                    R 33e     3655431910 5 3 3 3   414.0  402.0
 45 2156.843935 1.277E-28 7.843E+01.08920.111 2887.43040.71-.001251        0 5 1 1        0 5 1 0                    R  4e     3655431310 5 3 3 3   594.0  486.0
 43 2156.846000 2.724E-25 1.038E+02.09060.112 1744.75600.70-.001513        0 3 1 1        0 3 1 0                    P  4e     3655431810 5 3 3 3    42.0   54.0
 45 2156.847939 2.313E-27 7.939E+01.08460.107 2383.55750.72-.001904        0 4 4 1        0 4 4 0                    P  9f     3655431310 5 3 3 3   918.0 1026.0
 45 2156.848065 2.313E-27 7.939E+01.08460.107 2383.55740.72-.001904        0 4 4 1        0 4 4 0                    P  9e     3655431310 5 3 3 3   918.0 1026.0
 43 2156.849350 6.340E-28 1.859E+02.07700.099 3443.18220.73-.001603        0 2 0 2        0 2 0 1                    R 16e     3655431910 5 3 3 3   210.0  198.0
 41 2156.856940 2.151E-28 1.647E+02.07330.092 4878.93180.74-.001790        1 2 0 2        1 2 0 1                    R 24e     3555431410 5 3 3 3   459.0  441.0
 45 2156.862628 1.276E-28 7.842E+01.08920.111 2887.47050.71-.001251        0 5 1 1        0 5 1 0                    R  4f     3655431310 5 3 3 3   594.0  486.0
 43 2156.863505 9.712E-28 9.193E+01.07040.086 3350.18050.81-.001972        0 5 3 1        0 5 3 0                    R 33f     3655431310 5 3 3 3   414.0  402.0
 43 2156.869170 1.209E-28 1.109E-01.06870.081 2434.19740.78-.002164        0 3 1 1        0 3 1 0                    Q 41e     3655431910 5 3 3 3   498.0  498.0
 44 2156.871976 1.176E-27 8.117E+01.08460.107 2890.11570.72-.001384        0 5 1 1        0 5 1 0                    R  8e     3655431310 5 3 3 3   171.0  153.0
 41 2156.877660 1.067E-21 9.798E+01.06670.076 1744.84240.75-.002193        0 1 1 1        0 1 1 0                    P 52f     3645431415 5 3 3 3   927.0  945.0
 43 2156.883600 1.427E-27 2.765E-01.07290.091 2022.12240.75-.002034        0 3 1 1        0 3 1 0                    Q 26f     3655431810 5 3 3 3   318.0  318.0
 41 2156.885140 6.539E-28 8.769E+01.06960.084 4599.79910.80-.002763        1 5 1 1        0 7 1 0                    R 36f     3555431410 5 3 3 3   675.0  657.0
 41 2156.887240 2.574E-26 8.407E+01.07450.094 3730.41700.73-.001723        0 6 6 1        0 6 6 0                    R 21e     3655431410 5 3 3 3   405.0  387.0
 41 2156.887240 2.574E-26 8.407E+01.07450.094 3730.41700.73-.001723        0 6 6 1        0 6 6 0                    R 21f     3655431410 5 3 3 3   405.0  387.0
 45 2156.889155 1.082E-28 6.282E+01.08800.110 2910.16110.71-.001286        0 5 3 1        0 5 3 0                    R  5f     3655431310 5 3 3 3   702.0  594.0
 45 2156.889290 1.082E-28 6.282E+01.08800.110 2910.16110.71-.001286        0 5 3 1        0 5 3 0                    R  5e     3655431310 5 3 3 3   702.0  594.0
 41 2156.891950 4.887E-28 2.987E-03.09620.119 1881.10250.69-.000210        0 7 1 0        1 1 1 0                    Q  1f     3655431410 5 3 3 3    27.0   27.0
 41 2156.898610 2.698E-28 9.977E-04.09410.116 1882.77600.70-.000227        0 7 1 0        1 1 1 0                    Q  2f     3655431410 5 3 3 3    45.0   45.0
 42 2156.898900 2.422E-28 1.821E-03.07990.103 1220.74980.72-.001788        0 2 2 1        0 2 0 0                    Q 13e     3655431810 5 3 3 3   162.0  162.0
 41 2156.899460 4.888E-28 2.988E-03.09620.119 1881.10070.69-.000210        0 7 1 0        1 1 1 0                    Q  1e     3655431410 5 3 3 3    27.0   27.0
 43 2156.901333 3.179E-28 8.670E+01.06960.084 3585.03750.80-.002027        1 3 3 1        1 3 3 0                    R 36e     3655431310 5 3 3 3   450.0  438.0
 43 2156.901582 3.179E-28 8.670E+01.06960.084 3585.03940.80-.002027        1 3 3 1        1 3 3 0                    R 36f     3655431310 5 3 3 3   450.0  438.0
 44 2156.901825 1.176E-27 8.116E+01.08460.107 2890.24900.72-.001384        0 5 1 1        0 5 1 0                    R  8f     3655431310 5 3 3 3   171.0  153.0
 44 2156.901864 4.329E-28 7.343E+01.07830.101 3175.90530.72-.001552        2 1 1 1        2 1 1 0                    R 14e     3655431310 5 3 3 3   279.0  261.0
 42 2156.905600 1.474E-25 1.789E+02.08330.106 2215.06430.72-.001414        0 0 0 2        0 0 0 1                    R  9e     3655431810 5 3 3 3   126.0  114.0
 43 2156.906400 2.931E-28 1.692E-01.07090.087 2288.67270.81-.002095        1 1 1 1        1 1 1 0                    Q 32e     3655431810 5 3 3 3   390.0  390.0
 44 2156.908473 1.065E-27 7.632E+01.08330.106 2918.56530.72-.001414        0 5 3 1        0 5 3 0                    R  9f     3655431310 5 3 3 3   189.0  171.0
 41 2156.908510 4.380E-27 7.068E+01.07330.092 4084.81530.74-.001790        3 0 0 1        3 0 0 0                    R 24e     3555431410 5 3 3 3   459.0  441.0
 41 2156.908580 1.871E-28 5.003E-04.09220.114 1885.28620.70-.000243        0 7 1 0        1 1 1 0                    Q  3f     3655431410 5 3 3 3    63.0   63.0
 44 2156.908600 3.216E-25 9.232E+01.07450.094 1930.32000.73-.002237        0 3 1 1        0 3 1 0                    P 22f     3655431810 5 3 3 3   387.0  405.0
 44 2156.908699 1.065E-27 7.632E+01.08330.106 2918.56530.72-.001414        0 5 3 1        0 5 3 0                    R  9e     3655431310 5 3 3 3   189.0  171.0
 41 2156.910410 7.993E-24 8.833E+01.08090.104 2421.95750.72-.002043        0 4 4 1        0 4 4 0                    P 12e     3655431410 5 3 3 3   207.0  225.0
 41 2156.910410 7.993E-24 8.833E+01.08090.104 2421.95750.72-.002043        0 4 4 1        0 4 4 0                    P 12f     3655431410 5 3 3 3   207.0  225.0
 41 2156.918440 4.821E-28 1.790E+02.07360.093 4721.78450.74-.001768        0 4 0 2        0 4 0 1                    R 23e     3555431410 5 3 3 3   441.0  423.0
 41 2156.918670 1.318E-28 8.129E+01.06850.081 4939.52730.78-.002859        2 3 3 1        1 5 3 0                    R 41e     3555431410 5 3 3 3   765.0  747.0
 41 2156.921130 2.700E-28 9.985E-04.09410.116 1882.77050.70-.000227        0 7 1 0        1 1 1 0                    Q  2e     3655431410 5 3 3 3    45.0   45.0
 41 2156.921870 1.426E-28 3.013E-04.09060.112 1888.63310.70-.000257        0 7 1 0        1 1 1 0                    Q  4f     3655431410 5 3 3 3    81.0   81.0
 41 2156.922090 1.318E-28 8.130E+01.06850.081 4939.55870.78-.002859        2 3 3 1        1 5 3 0                    R 41f     3555431410 5 3 3 3   765.0  747.0
 41 2156.925010 5.247E-27 1.673E+02.08800.110 3943.73530.71-.001286        0 3 1 2        0 3 1 1                    R  5e     3655431410 5 3 3 3   117.0   99.0
 43 2156.930540 4.470E-26 9.158E+01.07990.103 2368.54710.72-.001499        0 4 0 1        0 4 0 0                    R 12e     3655431910 5 3 3 3   162.0  150.0
 44 2156.930716 4.324E-28 7.343E+01.07830.101 3176.13750.72-.001552        2 1 1 1        2 1 1 0                    R 14f     3655431310 5 3 3 3   279.0  261.0
 41 2156.938450 1.144E-28 2.019E-04.08920.111 1892.81680.71-.000270        0 7 1 0        1 1 1 0                    Q  5f     3655431410 5 3 3 3    99.0   99.0
 41 2156.941440 5.246E-27 1.673E+02.08800.110 3943.77930.71-.001286        0 3 1 2        0 3 1 1                    R  5f     3655431410 5 3 3 3   117.0   99.0
 42 2156.942100 2.795E-28 2.000E-03.07770.100 1251.83320.73-.001578        0 2 0 1        0 2 2 0                    R 15e     3655431810 5 3 3 3   198.0  186.0
 41 2156.946520 8.291E-28 9.257E-01.06600.074 3699.00390.74-.002244        0 4 4 1        0 4 4 0                    Q 56e     3645431410 5 3 3 3  1017.0 1017.0
 41 2156.948070 4.661E-27 1.434E+02.08680.109 3965.81300.71-.001320        0 3 3 2        0 3 3 1                    R  6e     3655431410 5 3 3 3   135.0  117.0
 41 2156.948070 4.661E-27 1.434E+02.08680.109 3965.81300.71-.001320        0 3 3 2        0 3 3 1                    R  6f     3655431410 5 3 3 3   135.0  117.0
 41 2156.949520 1.691E-28 8.105E+01.06870.081 4882.70860.78-.001350        0 7 1 1        1 5 1 0                    R 40e     3555431410 5 3 3 3   747.0  729.0
 45 2156.949800 2.485E-25 9.562E+01.06940.083 1764.95490.80-.002242        0 2 0 1        0 2 0 0                    P 38e     3655431810 5 3 3 3  4050.0 4158.0
 42 2156.952342 3.394E-27 8.949E+01.06770.079 3154.43400.76-.002174        0 4 2 1        0 4 2 0                    R 45f     3655431910 5 3 3 3   558.0  546.0
 41 2156.953020 8.290E-28 9.256E-01.06600.074 3699.00070.74-.002244        0 4 4 1        0 4 4 0                    Q 56f     3645431410 5 3 3 3  1017.0 1017.0
 41 2156.953640 1.874E-28 5.011E-04.09220.114 1885.27530.70-.000243        0 7 1 0        1 1 1 0                    Q  3e     3655431410 5 3 3 3    63.0   63.0
 42 2156.972880 1.289E-27 8.322E+01.06750.078 3343.08530.76-.002189        1 2 2 1        1 2 2 0                    R 46f     3655431910 5 3 3 3   570.0  558.0
 44 2156.974600 3.225E-25 9.231E+01.07450.094 1929.67070.73-.002237        0 3 1 1        0 3 1 0                    P 22e     3655431810 5 3 3 3   387.0  405.0
 44 2156.978800 2.372E-27 9.155E+01.09220.114 2495.90210.70-.001400        2 0 0 1        2 0 0 0                    P  3e     3655431810 5 3 3 3    45.0   63.0
 43 2156.979000 1.051E-28 5.398E-03.06890.082 1836.14680.79-.002157        0 2 0 1        0 2 2 0                    Q 40f     3655431810 5 3 3 3   486.0  486.0
 42 2156.979700 2.026E-28 1.560E-03.08090.104 1209.83430.72-.001757        0 2 2 1        0 2 0 0                    Q 12e     3655431810 5 3 3 3   150.0  150.0
 43 2156.981050 1.170E-26 2.496E+00.07290.091 2041.85200.75-.002034        0 3 3 1        0 3 3 0                    Q 26f     3655431910 5 3 3 3   318.0  318.0
 43 2156.981860 1.170E-26 2.496E+00.07290.091 2041.85160.75-.002034        0 3 3 1        0 3 3 0                    Q 26e     3655431910 5 3 3 3   318.0  318.0
 43 2156.982040 1.172E-27 9.122E+01.07070.086 3303.90540.81-.001953        0 5 1 1        0 5 1 0                    R 32e     3655431910 5 3 3 3   402.0  390.0
 41 2156.983130 3.588E-28 1.331E-03.06890.082 2456.37420.79-.002157        0 3 1 1        0 3 3 0                    Q 40f     3655431410 5 3 3 3   729.0  729.0
 41 2156.995860 2.685E-28 2.145E-01.06620.075 3626.49210.74-.002240        0 4 2 1        0 4 2 0                    Q 55e     3645431410 5 3 3 3   999.0  999.0
 41 2156.996140 5.232E-28 8.300E-03.07590.097 2604.97470.73-.000087        0 8 0 0        1 2 0 0                    R 18e     3655431410 5 3 3 3   351.0  333.0
 41 2156.996960 1.429E-28 3.021E-04.09060.112 1888.61500.70-.000257        0 7 1 0        1 1 1 0                    Q  4e     3655431410 5 3 3 3    81.0   81.0
 44 2156.997328 6.011E-27 9.056E+01.08920.111 2423.34480.71-.001612        1 2 0 1        1 2 0 0                    P  5e     3655431310 5 3 3 3    81.0   99.0
 42 2156.999420 1.286E-27 8.319E+01.06750.078 3343.45930.76-.002189        1 2 2 1        1 2 2 0                    R 46e     3655431910 5 3 3 3   570.0  558.0
 41 2157.000580 1.078E-21 9.795E+01.06670.076 1742.66730.75-.002193        0 1 1 1        0 1 1 0                    P 52e     3645431415 5 3 3 3   927.0  945.0
 41 2157.003250 1.656E-28 8.084E+01.06870.081 4886.44880.78-.001350        0 7 1 1        1 5 1 0                    R 40f     3555431410 5 3 3 3   747.0  729.0
 43 2157.003800 9.599E-28 3.015E-01.07360.093 2105.32560.74-.002009        1 1 1 1        1 1 1 0                    Q 24f     3655431810 5 3 3 3   294.0  294.0
 41 2157.020990 4.288E-26 8.838E+01.07650.098 3595.42640.73-.001628        0 6 0 1        0 6 0 0                    R 17e     3655431410 5 3 3 3   333.0  315.0
 43 2157.025410 1.456E-28 1.165E-01.06890.082 2401.00660.79-.002157        0 3 1 1        0 3 1 0                    Q 40e     3655431910 5 3 3 3   486.0  486.0
 42 2157.028280 6.070E-25 9.031E+01.07330.092 1965.68030.74-.001790        0 3 1 1        0 3 1 0                    R 24e     3655431810 5 3 3 3   306.0  294.0
 44 2157.029300 2.906E-26 1.885E+02.07070.086 2656.72970.81-.002255        0 0 0 2        0 0 0 1                    P 33e     3655431810 5 3 3 3   585.0  603.0
 41 2157.034910 8.560E-26 6.541E+01.09220.114 3048.71940.70-.001175        1 3 1 1        1 3 1 0                    R  2e     3655431410 5 3 3 3    63.0   45.0
 41 2157.035550 5.046E-26 3.387E+01.09060.112 3073.75030.70-.001214        1 3 3 1        1 3 3 0                    R  3e     3655431410 5 3 3 3    81.0   63.0
 41 2157.035550 5.046E-26 3.387E+01.09060.112 3073.75030.70-.001214        1 3 3 1        1 3 3 0                    R  3f     3655431410 5 3 3 3    81.0   63.0
 42 2157.037200 2.290E-27 6.380E-02.06650.076 1773.46060.74-.002230        0 1 1 1        0 1 1 0                    Q 53e     3645431815 5 3 3 3   642.0  642.0
 45 2157.039995 1.693E-27 8.944E+01.08460.107 2472.24600.72-.001904        1 2 0 1        1 2 0 0                    P  9e     3655431310 5 3 3 3   918.0 1026.0
 41 2157.044070 8.559E-26 6.540E+01.09220.114 3048.72910.70-.001175        1 3 1 1        1 3 1 0                    R  2f     3655431410 5 3 3 3    63.0   45.0
 45 2157.044182 3.344E-27 9.289E+01.08330.106 2362.81220.72-.001957        0 4 2 1        0 4 2 0                    P 10e     3655431310 5 3 3 3  1026.0 1134.0
 45 2157.044595 3.344E-27 9.289E+01.08330.106 2362.81060.72-.001957        0 4 2 1        0 4 2 0                    P 10f     3655431310 5 3 3 3  1026.0 1134.0
 41 2157.049760 4.757E-22 9.783E+01.06890.082 1856.14550.79-.002236        0 2 0 1        0 2 0 0                    P 40e     3655431410 5 3 3 3   711.0  729.0
 41 2157.051070 1.148E-28 2.026E-04.08920.111 1892.78950.71-.000270        0 7 1 0        1 1 1 0                    Q  5e     3655431410 5 3 3 3    99.0   99.0
 41 2157.051940 2.785E-24 8.388E+01.08090.104 2628.16990.72-.002043        2 0 0 1        2 0 0 0                    P 12e     3655431410 5 3 3 3   207.0  225.0
 42 2157.054400 1.655E-28 1.319E-03.08200.105 1199.75810.72-.001723        0 2 2 1        0 2 0 0                    Q 11e     3655431810 5 3 3 3   138.0  138.0
 43 2157.054810 1.167E-27 9.179E+01.07070.086 3306.01420.81-.001953        0 5 1 1        0 5 1 0                    R 32f     3655431910 5 3 3 3   402.0  390.0
 43 2157.064700 3.431E-28 1.803E-01.07120.088 2262.87040.80-.002086        1 1 1 1        1 1 1 0                    Q 31e     3655431810 5 3 3 3   378.0  378.0
 44 2157.065286 6.099E-28 7.596E+01.07990.103 3083.89610.72-.001499        1 3 3 1        1 3 3 0                    R 12f     3655431310 5 3 3 3   243.0  225.0
 44 2157.065290 6.099E-28 7.596E+01.07990.103 3083.89610.72-.001499        1 3 3 1        1 3 3 0                    R 12e     3655431310 5 3 3 3   243.0  225.0
 42 2157.065930 3.375E-27 8.944E+01.06770.079 3155.43570.76-.002174        0 4 2 1        0 4 2 0                    R 45e     3655431910 5 3 3 3   558.0  546.0
 41 2157.065990 8.532E-28 1.530E-02.07150.088 2722.25290.79-.002077        0 4 0 1        0 4 2 0                    Q 30f     3655431410 5 3 3 3   549.0  549.0
 42 2157.075360 5.298E-25 8.964E+01.07290.091 2000.06460.75-.001812        0 3 3 1        0 3 3 0                    R 25e     3655431910 5 3 3 3   318.0  306.0
 42 2157.075720 5.298E-25 8.964E+01.07290.091 2000.06570.75-.001812        0 3 3 1        0 3 3 0                    R 25f     3655431910 5 3 3 3   318.0  306.0
 43 2157.076500 9.965E-26 9.659E+01.09220.114 1867.61940.70-.001400        1 1 1 1        1 1 1 0                    P  3f     3655431810 5 3 3 3    30.0   42.0
 43 2157.077490 1.028E-28 2.145E+00.07990.103 2845.94270.72-.001788        0 1 1 2        0 1 1 1                    Q 13f     3655431910 5 3 3 3   162.0  162.0
 41 2157.081490 3.412E-26 8.599E+01.07540.096 3657.88010.73-.001677        0 6 4 1        0 6 4 0                    R 19e     3655431410 5 3 3 3   369.0  351.0
 41 2157.081500 3.412E-26 8.599E+01.07540.096 3657.88010.73-.001677        0 6 4 1        0 6 4 0                    R 19f     3655431410 5 3 3 3   369.0  351.0
 43 2157.082100 9.965E-26 9.658E+01.09220.114 1867.60890.70-.001400        1 1 1 1        1 1 1 0                    P  3e     3655431810 5 3 3 3    30.0   42.0
 41 2157.083090 1.224E-25 1.992E+02.08330.106 3409.79510.72-.001957        0 2 0 2        0 2 0 1                    P 10e     3655431410 5 3 3 3   171.0  189.0
 42 2157.084430 6.041E-25 9.028E+01.07330.092 1966.61700.74-.001790        0 3 1 1        0 3 1 0                    R 24f     3655431810 5 3 3 3   306.0  294.0
 41 2157.090710 1.914E-28 1.659E+02.07290.091 4912.23710.75-.001812        1 2 2 2        1 2 2 1                    R 25f     3555431410 5 3 3 3   477.0  459.0
 41 2157.093880 1.914E-28 1.659E+02.07290.091 4912.25870.75-.001812        1 2 2 2        1 2 2 1                    R 25e     3555431410 5 3 3 3   477.0  459.0
 42 2157.099900 2.787E-25 8.382E+01.07330.092 2110.49130.74-.001790        1 1 1 1        1 1 1 0                    R 24e     3655431810 5 3 3 3   306.0  294.0
 43 2157.100710 5.941E-28 1.854E+02.07650.098 3467.31810.73-.001628        0 2 2 2        0 2 2 1                    R 17f     3655431910 5 3 3 3   222.0  210.0
 43 2157.101480 5.941E-28 1.854E+02.07650.098 3467.32270.73-.001628        0 2 2 2        0 2 2 1                    R 17e     3655431910 5 3 3 3   222.0  210.0
 41 2157.101860 1.646E-26 8.185E+01.07490.095 3807.54560.73-.001700        1 4 2 1        1 4 2 0                    R 20f     3655431410 5 3 3 3   387.0  369.0
 41 2157.107260 1.645E-26 8.185E+01.07490.095 3807.57540.73-.001700        1 4 2 1        1 4 2 0                    R 20e     3655431410 5 3 3 3   387.0  369.0
 41 2157.109010 1.135E-22 9.711E+01.07250.090 2067.27640.76-.002258        0 3 1 1        0 3 1 0                    P 27f     3655431410 5 3 3 3   477.0  495.0
 43 2157.113600 7.499E-23 1.003E+02.07070.086 1040.38860.81-.002255        0 1 1 1        0 1 1 0                    P 33f     3655431815 5 3 3 3   390.0  402.0
 41 2157.117390 7.989E-27 7.585E+01.07410.094 3958.85410.73-.001746        2 2 0 1        2 2 0 0                    R 22e     3655431410 5 3 3 3   423.0  405.0
 41 2157.117970 1.009E-23 9.574E+01.07990.103 2407.70080.72-.002078        0 4 2 1        0 4 2 0                    P 13e     3655431410 5 3 3 3   225.0  243.0
 41 2157.119580 1.009E-23 9.574E+01.07990.103 2407.69460.72-.002078        0 4 2 1        0 4 2 0                    P 13f     3655431410 5 3 3 3   225.0  243.0
 42 2157.120100 3.050E-26 1.086E-01.06870.081 1298.00140.78-.002164        0 1 1 1        0 1 1 0                    Q 41f     3655431815 5 3 3 3   498.0  498.0
 42 2157.123000 1.315E-28 1.097E-03.08330.106 1190.52130.72-.001685        0 2 2 1        0 2 0 0                    Q 10e     3655431810 5 3 3 3   126.0  126.0
 43 2157.123600 1.643E-27 2.986E-01.07330.092 2000.98300.74-.002022        0 3 1 1        0 3 1 0                    Q 25f     3655431810 5 3 3 3   306.0  306.0
 41 2157.126240 2.512E-28 3.329E-03.06730.078 2755.41020.76-.002205        0 3 1 1        0 3 3 0                    Q 48e     3655431410 5 3 3 3   873.0  873.0
 42 2157.128900 2.779E-25 8.381E+01.07330.092 2111.02700.74-.001790        1 1 1 1        1 1 1 0                    R 24f     3655431810 5 3 3 3   306.0  294.0
 43 2157.150170 1.348E-26 2.697E+00.07330.092 2020.72570.74-.002022        0 3 3 1        0 3 3 0                    Q 25f     3655431910 5 3 3 3   306.0  306.0
 43 2157.150810 1.348E-26 2.697E+00.07330.092 2020.72540.74-.002022        0 3 3 1        0 3 3 0                    Q 25e     3655431910 5 3 3 3   306.0  306.0
 43 2157.153080 4.020E-28 8.559E+01.06990.084 3528.48660.81-.002009        1 3 1 1        1 3 1 0                    R 35e     3655431910 5 3 3 3   438.0  426.0
 41 2157.154300 5.073E-28 4.422E-04.06720.077 2195.48620.75-.002203        0 2 2 1        0 2 0 0                    P 49e     3655431410 5 3 3 3   873.0  891.0
 41 2157.169030 2.543E-22 9.039E+01.06890.082 1968.73800.79-.002236        1 0 0 1        1 0 0 0                    P 40e     3655431410 5 3 3 3   711.0  729.0
 41 2157.173650 4.549E-24 8.928E+01.08090.104 2540.08650.72-.002043        1 2 2 1        1 2 2 0                    P 12e     3655431410 5 3 3 3   207.0  225.0
 41 2157.174020 4.549E-24 8.928E+01.08090.104 2540.08530.72-.002043        1 2 2 1        1 2 2 0                    P 12f     3655431410 5 3 3 3   207.0  225.0
 43 2157.177880 1.748E-28 1.225E-01.06920.083 2368.62270.79-.002150        0 3 1 1        0 3 1 0                    Q 39e     3655431910 5 3 3 3   474.0  474.0
 43 2157.177900 7.527E-23 1.003E+02.07070.086 1039.55540.81-.002255        0 1 1 1        0 1 1 0                    P 33e     3655431815 5 3 3 3   390.0  402.0
 42 2157.178674 2.206E-27 8.952E+01.06730.078 3251.76810.76-.002203        0 4 4 1        0 4 4 0                    R 47f     3655431310 5 3 3 3   582.0  570.0
 42 2157.179376 2.206E-27 8.952E+01.06730.078 3251.77100.76-.002203        0 4 4 1        0 4 4 0                    R 47e     3655431310 5 3 3 3   582.0  570.0
 43 2157.182890 1.169E-28 2.502E+00.08090.104 2835.48050.72-.001757        0 1 1 2        0 1 1 1                    Q 12f     3655431910 5 3 3 3   150.0  150.0
 42 2157.185300 1.011E-28 8.952E-04.08460.107 1182.12410.72-.001644        0 2 2 1        0 2 0 0                    Q  9e     3655431810 5 3 3 3   114.0  114.0
 44 2157.188639 1.536E-26 9.519E+01.08680.109 2316.23700.71-.001777        0 4 0 1        0 4 0 0                    P  7e     3655431310 5 3 3 3   117.0  135.0
 43 2157.202820 3.982E-28 8.558E+01.06990.084 3530.37550.81-.002009        1 3 1 1        1 3 1 0                    R 35f     3655431910 5 3 3 3   438.0  426.0
 41 2157.202850 4.367E-28 1.789E+02.07330.092 4750.10120.74-.001790        0 4 2 2        0 4 2 1                    R 24f     3555431410 5 3 3 3   459.0  441.0
 43 2157.205400 1.100E-27 3.278E-01.07410.094 2085.92510.73-.001995        1 1 1 1        1 1 1 0                    Q 23f     3655431810 5 3 3 3   282.0  282.0
 43 2157.205824 5.886E-28 9.232E+01.06960.084 3471.13650.80-.002027        0 5 5 1        0 5 5 0                    R 36e     3655431310 5 3 3 3   450.0  438.0
 43 2157.205835 5.886E-28 9.232E+01.06960.084 3471.13650.80-.002027        0 5 5 1        0 5 5 0                    R 36f     3655431310 5 3 3 3   450.0  438.0
 41 2157.210200 1.141E-22 9.708E+01.07250.090 2066.15060.76-.002258        0 3 1 1        0 3 1 0                    P 27e     3655431410 5 3 3 3   477.0  495.0
 45 2157.210400 9.752E-25 9.586E+01.06520.072 1585.92270.72-.002160        0 0 0 1        0 0 0 0                    P 62e     3645431816 5 3 3 3  6642.0 6750.0
 41 2157.214250 7.640E-24 1.968E+02.06940.083 2839.23050.80-.002242        0 0 0 2        0 0 0 1                    P 38e     3655431410 5 3 3 3   675.0  693.0
 41 2157.214930 4.365E-28 1.788E+02.07330.092 4750.16760.74-.001790        0 4 2 2        0 4 2 1                    R 24e     3555431410 5 3 3 3   459.0  441.0
 43 2157.218200 4.005E-28 1.925E-01.07150.088 2237.87320.79-.002077        1 1 1 1        1 1 1 0                    Q 30e     3655431810 5 3 3 3   366.0  366.0
 42 2157.231020 3.516E-27 8.949E+01.06770.079 3147.12780.76-.002174        0 4 0 1        0 4 0 0                    R 45e     3655431910 5 3 3 3   558.0  546.0
 43 2157.231800 1.135E-23 1.009E+02.07590.097 1314.11050.73-.002207        0 2 0 1        0 2 0 0                    P 19e     3655431810 5 3 3 3   222.0  234.0
 41 2157.232310 1.786E-28 2.253E-01.06630.075 3716.69890.74-.002235        1 2 2 1        1 2 2 0                    Q 54e     3645431410 5 3 3 3   981.0  981.0
 43 2157.233350 4.295E-26 9.037E+01.07910.102 2388.66180.72-.001526        0 4 2 1        0 4 2 0                    R 13f     3655431910 5 3 3 3   174.0  162.0
 43 2157.234930 4.295E-26 9.037E+01.07910.102 2388.66660.72-.001526        0 4 2 1        0 4 2 0                    R 13e     3655431910 5 3 3 3   174.0  162.0
 45 2157.242100 6.525E-25 9.620E+01.06700.077 1624.62550.75-.002200        0 1 1 1        0 1 1 0                    P 50f     3645431815 5 3 3 3  5346.0 5454.0
 41 2157.246620 1.609E-28 8.808E+01.06810.080 4924.29150.77-.002143        0 7 7 1        0 7 7 0                    R 43e     3555431410 5 3 3 3   801.0  783.0
 41 2157.246620 1.609E-28 8.808E+01.06810.080 4924.29150.77-.002143        0 7 7 1        0 7 7 0                    R 43f     3555431410 5 3 3 3   801.0  783.0
 41 2157.253970 1.668E-28 1.711E-03.07450.094 2535.30670.73-.002237        0 4 2 1        0 4 0 0                    P 22e     3655431410 5 3 3 3   387.0  405.0
 41 2157.254670 6.180E-26 1.041E-02.07040.086 1781.19270.81-.000539        0 6 0 0        1 0 0 0                    P 34e     3655431410 5 3 3 3   603.0  621.0
 42 2157.255600 8.680E-24 8.283E+01.08570.108 1174.55230.71-.001352        0 2 2 1        0 2 2 0                    R  7f     3655431810 5 3 3 3   102.0   90.0
 42 2157.256100 8.680E-24 8.283E+01.08570.108 1174.55240.71-.001352        0 2 2 1        0 2 2 0                    R  7e     3655431810 5 3 3 3   102.0   90.0
 42 2157.261300 1.450E-22 9.873E+01.08570.108  605.66690.71-.001845        0 1 1 1        0 1 1 0                    P  8f     3655431815 5 3 3 3    90.0  102.0
 44 2157.261982 9.028E-28 7.190E+01.08090.104 2976.02570.72-.001471        0 5 5 1        0 5 5 0                    R 11e     3655431310 5 3 3 3   225.0  207.0
 44 2157.261988 9.028E-28 7.190E+01.08090.104 2976.02570.72-.001471        0 5 5 1        0 5 5 0                    R 11f     3655431310 5 3 3 3   225.0  207.0
 43 2157.273400 1.151E-28 5.176E-03.06920.083 1803.71410.79-.002150        0 2 0 1        0 2 2 0                    Q 39f     3655431810 5 3 3 3   474.0  474.0
 42 2157.275100 1.450E-22 9.873E+01.08570.108  605.60860.71-.001845        0 1 1 1        0 1 1 0                    P  8e     3655431815 5 3 3 3    90.0  102.0
 43 2157.278260 1.530E-28 8.061E+01.06920.083 3731.10100.79-.002062        2 1 1 1        2 1 1 0                    R 38e     3655431910 5 3 3 3   474.0  462.0
 43 2157.280180 1.332E-28 2.958E+00.08200.105 2825.82290.72-.001723        0 1 1 2        0 1 1 1                    Q 11f     3655431910 5 3 3 3   138.0  138.0
 43 2157.282800 6.198E-24 9.359E+01.07590.097 1423.10910.73-.002207        1 0 0 1        1 0 0 0                    P 19e     3655431810 5 3 3 3   222.0  234.0
 44 2157.286988 4.317E-27 1.884E+02.07650.098 2921.49740.73-.002193        0 1 1 2        0 1 1 1                    P 18f     3655431310 5 3 3 3   315.0  333.0
 41 2157.290510 8.809E-28 1.445E-02.07190.089 2697.02980.78-.002067        0 4 0 1        0 4 2 0                    Q 29f     3655431410 5 3 3 3   531.0  531.0
 41 2157.291020 6.267E-27 1.371E+01.07590.097 3618.50890.73-.002489        3 3 1 0        0 6 2 0                    R 18f     3655431410 5 3 3 3   351.0  333.0
 44 2157.299523 2.989E-25 9.292E+01.07490.095 1936.86410.73-.002229        0 3 3 1        0 3 3 0                    P 21f     3655431310 5 3 3 3   369.0  387.0
 44 2157.299534 2.989E-25 9.292E+01.07490.095 1936.86410.73-.002229        0 3 3 1        0 3 3 0                    P 21e     3655431310 5 3 3 3   369.0  387.0
 42 2157.301200 2.898E-27 6.634E-02.06670.076 1729.14140.75-.002226        0 1 1 1        0 1 1 0                    Q 52e     3645431815 5 3 3 3   630.0  630.0
 43 2157.306490 1.519E-28 8.062E+01.06920.083 3732.68110.79-.002062        2 1 1 1        2 1 1 0                    R 38f     3655431910 5 3 3 3   474.0  462.0
 42 2157.312190 1.343E-27 8.300E+01.06750.078 3333.99850.76-.002189        1 2 0 1        1 2 0 0                    R 46e     3655431910 5 3 3 3   570.0  558.0
 41 2157.312230 3.112E-28 8.785E+01.06870.081 4773.69740.78-.002095        0 7 5 1        0 7 5 0                    R 40e     3555431410 5 3 3 3   747.0  729.0
 41 2157.312240 3.112E-28 8.785E+01.06870.081 4773.69740.78-.002095        0 7 5 1        0 7 5 0                    R 40f     3555431410 5 3 3 3   747.0  729.0
 43 2157.312780 1.550E-26 2.923E+00.07360.093 2000.41110.74-.002009        0 3 3 1        0 3 3 0                    Q 24f     3655431910 5 3 3 3   294.0  294.0
 43 2157.313290 1.550E-26 2.923E+00.07360.093 2000.41090.74-.002009        0 3 3 1        0 3 3 0                    Q 24e     3655431910 5 3 3 3   294.0  294.0
 44 2157.314493 4.322E-27 1.884E+02.07650.098 2921.25780.73-.002193        0 1 1 2        0 1 1 1                    P 18e     3655431310 5 3 3 3   315.0  333.0
 41 2157.315110 1.062E-27 9.610E-01.06620.075 3651.94850.74-.002240        0 4 4 1        0 4 4 0                    Q 55e     3645431410 5 3 3 3   999.0  999.0
 42 2157.317200 5.954E-28 7.634E+01.06730.078 3488.44340.76-.002203        2 0 0 1        2 0 0 0                    R 47e     3655431910 5 3 3 3   582.0  570.0
 43 2157.317700 1.330E-26 7.984E+01.07770.100 2630.95930.73-.001578        2 0 0 1        2 0 0 0                    R 15e     3655431810 5 3 3 3   198.0  186.0
 41 2157.320780 1.062E-27 9.610E-01.06620.075 3651.94570.74-.002240        0 4 4 1        0 4 4 0                    Q 55f     3645431410 5 3 3 3   999.0  999.0
 41 2157.326320 1.068E-28 1.507E+02.07250.090 5020.05270.76-.001833        2 0 0 2        2 0 0 1                    R 26e     3555431410 5 3 3 3   495.0  477.0
 43 2157.326370 2.092E-28 1.290E-01.06940.083 2337.04610.80-.002143        0 3 1 1        0 3 1 0                    Q 38e     3655431910 5 3 3 3   462.0  462.0
 41 2157.333010 6.357E-26 1.824E+02.08330.106 3526.33350.72-.001957        1 0 0 2        1 0 0 1                    P 10e     3655431410 5 3 3 3   171.0  189.0
 42 2157.335970 5.868E-27 1.822E+02.07150.088 3101.23110.79-.001895        0 1 1 2        0 1 1 1                    R 29e     3655431910 5 3 3 3   366.0  354.0
 43 2157.340500 1.028E-28 2.143E+00.07990.103 2845.81000.72-.001788        0 1 1 2        0 1 1 1                    Q 13e     3655431910 5 3 3 3   162.0  162.0
 41 2157.340950 1.088E-28 2.074E-01.06600.074 3808.96970.74-.002244        1 2 2 1        1 2 2 0                    Q 56f     3645431410 5 3 3 3  1017.0 1017.0
 41 2157.341400 1.117E-22 9.686E+01.07290.091 2062.14190.75-.002256        0 3 3 1        0 3 3 0                    P 26f     3655431410 5 3 3 3   459.0  477.0
 41 2157.341520 1.117E-22 9.686E+01.07290.091 2062.14130.75-.002256        0 3 3 1        0 3 3 0                    P 26e     3655431410 5 3 3 3   459.0  477.0
 41 2157.346880 7.047E-27 7.697E+01.07360.093 3996.21220.74-.001768        2 2 2 1        2 2 2 0                    R 23f     3655431410 5 3 3 3   441.0  423.0
 41 2157.347470 3.991E-28 1.290E-03.06920.083 2422.76200.79-.002150        0 3 1 1        0 3 3 0                    Q 39f     3655431410 5 3 3 3   711.0  711.0
 41 2157.347910 7.039E-27 7.689E+01.07360.093 3996.22470.74-.001768        2 2 2 1        2 2 2 0                    R 23e     3655431410 5 3 3 3   441.0  423.0
 45 2157.348600 6.583E-25 9.617E+01.06700.077 1622.72750.75-.002200        0 1 1 1        0 1 1 0                    P 50e     3645431815 5 3 3 3  5346.0 5454.0
 44 2157.349176 1.142E-28 2.066E+00.06960.084 2897.14610.80-.002136        0 4 4 1        0 4 4 0                    Q 37e     3655431310 5 3 3 3   675.0  675.0
 44 2157.349249 1.142E-28 2.066E+00.06960.084 2897.14610.80-.002136        0 4 4 1        0 4 4 0                    Q 37f     3655431310 5 3 3 3   675.0  675.0
 43 2157.354600 1.888E-27 3.235E-01.07360.093 1980.65550.74-.002009        0 3 1 1        0 3 1 0                    Q 24f     3655431810 5 3 3 3   294.0  294.0
 43 2157.366400 4.662E-28 2.060E-01.07190.089 2213.68130.78-.002067        1 1 1 1        1 1 1 0                    Q 29e     3655431810 5 3 3 3   354.0  354.0
 43 2157.369390 1.524E-28 3.550E+00.08330.106 2816.96990.72-.001685        0 1 1 2        0 1 1 1                    Q 10f     3655431910 5 3 3 3   126.0  126.0
 42 2157.369590 5.848E-27 1.822E+02.07150.088 3101.92140.79-.001895        0 1 1 2        0 1 1 1                    R 29f     3655431910 5 3 3 3   366.0  354.0
 44 2157.370100 1.894E-25 8.662E+01.07540.096 2005.90210.73-.002219        1 1 1 1        1 1 1 0                    P 20f     3655431810 5 3 3 3   351.0  369.0
 41 2157.371370 1.938E-28 4.232E-03.07330.092 2725.85430.74-.000847        1 6 2 0        1 2 2 0                    R 24f     3655431410 5 3 3 3   459.0  441.0
 43 2157.372700 2.249E-26 8.565E+01.07830.101 2524.46780.72-.001552        1 2 0 1        1 2 0 0                    R 14e     3655431810 5 3 3 3   186.0  174.0
 41 2157.375960 7.800E-26 6.981E+01.08920.111 3174.17030.71-.001251        2 1 1 1        2 1 1 0                    R  4e     3655431410 5 3 3 3    99.0   81.0
 41 2157.385130 5.887E-28 8.785E+01.06940.083 4627.10710.80-.002783        1 5 1 1        0 7 1 0                    R 37e     3555431410 5 3 3 3   693.0  675.0
 41 2157.385690 7.799E-26 6.981E+01.08920.111 3174.19180.71-.001251        2 1 1 1        2 1 1 0                    R  4f     3655431410 5 3 3 3    99.0   81.0
 43 2157.398600 1.258E-27 3.577E-01.07450.094 2067.33220.73-.001980        1 1 1 1        1 1 1 0                    Q 22f     3655431810 5 3 3 3   270.0  270.0
 44 2157.404854 7.224E-28 7.696E+01.07990.103 3051.69050.72-.001499        1 3 1 1        1 3 1 0                    R 12e     3655431310 5 3 3 3   243.0  225.0
 41 2157.405420 4.738E-28 8.777E+01.06920.083 4676.85390.79-.002062        0 7 3 1        0 7 3 0                    R 38e     3555431410 5 3 3 3   711.0  693.0
 41 2157.406110 4.002E-26 8.760E+01.07590.097 3618.55390.73-.001653        0 6 2 1        0 6 2 0                    R 18e     3655431410 5 3 3 3   351.0  333.0
 43 2157.408400 1.168E-28 2.500E+00.08090.104 2835.36670.72-.001757        0 1 1 2        0 1 1 1                    Q 12e     3655431910 5 3 3 3   150.0  150.0
 44 2157.411400 1.897E-25 8.659E+01.07540.096 2005.53560.73-.002219        1 1 1 1        1 1 1 0                    P 20e     3655431810 5 3 3 3   351.0  369.0
 41 2157.416390 3.386E-26 7.410E+01.07590.097 3618.50890.73-.001653        0 6 2 1        0 6 2 0                    R 18f     3655431410 5 3 3 3   351.0  333.0
 41 2157.416400 4.724E-28 8.754E+01.06920.083 4676.92410.79-.002062        0 7 3 1        0 7 3 0                    R 38f     3555431410 5 3 3 3   711.0  693.0
 43 2157.426860 3.186E-27 4.647E-02.07770.100 1379.56790.73-.000642        0 6 0 0        1 0 0 0                    P 16e     3655431910 5 3 3 3   186.0  198.0
 43 2157.430783 8.744E-28 9.205E+01.07010.085 3377.82340.81-.001991        0 5 3 1        0 5 3 0                    R 34e     3655431910 5 3 3 3   426.0  414.0
 41 2157.431470 2.856E-28 3.178E-03.06750.078 2715.09980.76-.002200        0 3 1 1        0 3 3 0                    Q 47e     3655431410 5 3 3 3   855.0  855.0
 41 2157.433060 1.077E-25 5.555E+01.09410.116 2898.65320.70-.001133        0 5 1 1        0 5 1 0                    R  1e     3655431410 5 3 3 3    45.0   27.0
 44 2157.435121 7.215E-28 7.695E+01.07990.103 3051.90990.72-.001499        1 3 1 1        1 3 1 0                    R 12f     3655431310 5 3 3 3   243.0  225.0
 43 2157.437400 1.503E-25 2.034E+02.07700.099 2324.44810.73-.002177        0 0 0 2        0 0 0 1                    P 17e     3655431810 5 3 3 3   198.0  210.0
 41 2157.441470 1.077E-25 5.555E+01.09410.116 2898.65750.70-.001133        0 5 1 1        0 5 1 0                    R  1f     3655431410 5 3 3 3    45.0   27.0
 41 2157.441630 2.943E-27 1.573E+02.08680.109 4079.36930.71-.001320        1 1 1 2        1 1 1 1                    R  6e     3555431410 5 3 3 3   135.0  117.0
 41 2157.443970 3.443E-28 2.239E-01.06630.075 3580.26360.74-.002235        0 4 2 1        0 4 2 0                    Q 54e     3645431410 5 3 3 3   981.0  981.0
 45 2157.445142 7.478E-28 1.926E+02.07490.095 2979.11650.73-.002229        0 1 1 2        0 1 1 1                    P 21f     3655431310 5 3 3 3  2214.0 2322.0
 43 2157.445740 3.397E-28 1.713E+02.07650.098 3565.99950.73-.001628        1 0 0 2        1 0 0 1                    R 17e     3655431910 5 3 3 3   222.0  210.0
 45 2157.446448 3.635E-27 9.623E+01.08330.106 2352.88100.72-.001957        0 4 0 1        0 4 0 0                    P 10e     3655431310 5 3 3 3  1026.0 1134.0
 43 2157.450370 1.752E-28 4.340E+00.08460.107 2808.92170.72-.001644        0 1 1 2        0 1 1 1                    Q  9f     3655431910 5 3 3 3   114.0  114.0
 41 2157.451260 1.295E-26 8.164E+01.07410.094 3874.46720.73-.001746        1 4 4 1        1 4 4 0                    R 22e     3655431410 5 3 3 3   423.0  405.0
 41 2157.451260 1.295E-26 8.164E+01.07410.094 3874.46720.73-.001746        1 4 4 1        1 4 4 0                    R 22f     3655431410 5 3 3 3   423.0  405.0
 41 2157.452770 2.942E-27 1.573E+02.08680.109 4079.40650.71-.001320        1 1 1 2        1 1 1 1                    R  6f     3555431410 5 3 3 3   135.0  117.0
 43 2157.453069 8.743E-28 9.205E+01.07010.085 3377.83210.81-.001991        0 5 3 1        0 5 3 0                    R 34f     3655431310 5 3 3 3   426.0  414.0
 41 2157.454290 3.393E-28 1.784E+02.07250.090 4816.99450.76-.001833        0 4 4 2        0 4 4 1                    R 26e     3555431410 5 3 3 3   495.0  477.0
 41 2157.454290 3.393E-28 1.784E+02.07250.090 4816.99450.76-.001833        0 4 4 2        0 4 4 1                    R 26f     3555431410 5 3 3 3   495.0  477.0
 42 2157.455200 3.695E-26 1.141E-01.06890.082 1263.61760.79-.002157        0 1 1 1        0 1 1 0                    Q 40f     3655431815 5 3 3 3   486.0  486.0
 43 2157.462602 2.823E-28 8.680E+01.06940.083 3614.98370.80-.002044        1 3 3 1        1 3 3 0                    R 37e     3655431310 5 3 3 3   462.0  450.0
 43 2157.462915 2.823E-28 8.680E+01.06940.083 3614.98600.80-.002044        1 3 3 1        1 3 3 0                    R 37f     3655431310 5 3 3 3   462.0  450.0
 43 2157.466800 2.337E-22 9.973E+01.06770.079  874.53690.76-.002214        0 0 0 1        0 0 0 0                    P 46e     3655431816 5 3 3 3   546.0  558.0
 43 2157.468890 1.777E-26 3.179E+00.07410.094 1980.90840.73-.001995        0 3 3 1        0 3 3 0                    Q 23f     3655431910 5 3 3 3   282.0  282.0
 43 2157.469280 1.777E-26 3.179E+00.07410.094 1980.90820.73-.001995        0 3 3 1        0 3 3 0                    Q 23e     3655431910 5 3 3 3   282.0  282.0
 45 2157.469658 1.377E-27 8.608E+01.08570.108 2480.96190.71-.001845        1 2 2 1        1 2 2 0                    P  8f     3655431310 5 3 3 3   810.0  918.0
 45 2157.469688 1.377E-27 8.608E+01.08570.108 2480.96200.71-.001845        1 2 2 1        1 2 2 0                    P  8e     3655431310 5 3 3 3   810.0  918.0
 43 2157.470700 2.496E-28 1.361E-01.06960.084 2306.27690.80-.002136        0 3 1 1        0 3 1 0                    Q 37e     3655431810 5 3 3 3   450.0  450.0
 43 2157.471000 1.331E-28 2.956E+00.08200.105 2825.72660.72-.001723        0 1 1 2        0 1 1 1                    Q 11e     3655431910 5 3 3 3   138.0  138.0
 41 2157.478010 1.739E-26 8.208E+01.07490.095 3796.76620.73-.001700        1 4 0 1        1 4 0 0                    R 20e     3655431410 5 3 3 3   387.0  369.0
 41 2157.479490 1.116E-28 7.989E+01.06830.080 4974.71660.78-.002877        2 3 3 1        1 5 3 0                    R 42e     3555431410 5 3 3 3   783.0  765.0
 44 2157.480000 1.888E-24 9.454E+01.07010.085 1668.25600.81-.002251        0 2 2 1        0 2 2 0                    P 35e     3655431810 5 3 3 3   621.0  639.0
 41 2157.480330 5.769E-28 8.776E+01.06940.083 4631.01860.80-.002783        1 5 1 1        0 7 1 0                    R 37f     3555431410 5 3 3 3   693.0  675.0
 45 2157.481163 7.489E-28 1.925E+02.07490.095 2978.77600.73-.002229        0 1 1 2        0 1 1 1                    P 21e     3655431310 5 3 3 3  2214.0 2322.0
 41 2157.482810 1.120E-28 8.014E+01.06830.080 4974.75260.78-.002877        2 3 3 1        1 5 3 0                    R 42f     3555431410 5 3 3 3   783.0  765.0
 44 2157.486300 1.888E-24 9.455E+01.07010.085 1668.20880.81-.002251        0 2 2 1        0 2 2 0                    P 35f     3655431810 5 3 3 3   621.0  639.0
 42 2157.490052 2.874E-27 8.955E+01.06750.078 3193.05900.76-.002189        0 4 2 1        0 4 2 0                    R 46f     3655431910 5 3 3 3   570.0  558.0
 42 2157.491700 4.109E-24 8.094E+01.08680.109 1297.87320.71-.001320        1 0 0 1        1 0 0 0                    R  6e     3655431810 5 3 3 3    90.0   78.0
 43 2157.491730 2.096E-26 8.562E+01.07770.100 2551.68360.73-.001578        1 2 2 1        1 2 2 0                    R 15f     3655431910 5 3 3 3   198.0  186.0
 43 2157.492330 2.096E-26 8.562E+01.07770.100 2551.68580.73-.001578        1 2 2 1        1 2 2 0                    R 15e     3655431910 5 3 3 3   198.0  186.0
 42 2157.493040 1.088E-27 8.327E+01.06730.078 3382.32960.76-.002203        1 2 2 1        1 2 2 0                    R 47f     3655431910 5 3 3 3   582.0  570.0
 43 2157.499313 3.701E-26 8.792E+01.07770.100 2440.18190.73-.001578        0 4 4 1        0 4 4 0                    R 15e     3655431310 5 3 3 3   198.0  186.0
 43 2157.499319 3.701E-26 8.792E+01.07770.100 2440.18190.73-.001578        0 4 4 1        0 4 4 0                    R 15f     3655431310 5 3 3 3   198.0  186.0
 41 2157.506570 9.020E-28 1.361E-02.07220.090 2672.64600.77-.002056        0 4 0 1        0 4 2 0                    Q 28f     3655431410 5 3 3 3   513.0  513.0
 41 2157.508180 2.022E-28 1.649E+02.07290.091 4899.65500.75-.001812        1 2 0 2        1 2 0 1                    R 25e     3555431410 5 3 3 3   477.0  459.0
 43 2157.510100 5.410E-28 2.209E-01.07220.090 2190.29450.77-.002056        1 1 1 1        1 1 1 0                    Q 28e     3655431810 5 3 3 3   342.0  342.0
 41 2157.510130 1.466E-28 8.109E+01.06850.081 4916.91130.78-.001364        0 7 1 1        1 5 1 0                    R 41e     3555431410 5 3 3 3   765.0  747.0
 42 2157.520810 1.085E-27 8.324E+01.06730.078 3382.73440.76-.002203        1 2 2 1        1 2 2 0                    R 47e     3655431910 5 3 3 3   582.0  570.0
 41 2157.521420 1.074E-23 9.775E+01.07990.103 2399.11280.72-.002078        0 4 0 1        0 4 0 0                    P 13e     3655431410 5 3 3 3   225.0  243.0
 45 2157.523100 1.596E-25 8.827E+01.06960.084 1833.89290.80-.002245        1 0 0 1        1 0 0 0                    P 37e     3655431810 5 3 3 3  3942.0 4050.0
 43 2157.523360 2.030E-28 5.425E+00.08570.108 2801.67810.71-.001598        0 1 1 2        0 1 1 1                    Q  8f     3655431910 5 3 3 3   102.0  102.0
 41 2157.528360 1.729E-24 1.963E+02.07360.093 3048.15680.74-.002249        0 1 1 2        0 1 1 1                    P 24f     3655431410 5 3 3 3   423.0  441.0
 43 2157.528360 1.523E-28 3.548E+00.08330.106 2816.88970.72-.001685        0 1 1 2        0 1 1 1                    Q 10e     3655431910 5 3 3 3   126.0  126.0
 43 2157.534910 6.282E-28 1.864E+02.07650.098 3456.86020.73-.001628        0 2 0 2        0 2 0 1                    R 17e     3655431910 5 3 3 3   222.0  210.0
 41 2157.551440 1.049E-25 1.918E+02.08460.107 3410.64790.72-.001904        0 2 2 2        0 2 2 1                    P  9e     3655431410 5 3 3 3   153.0  171.0
 41 2157.551610 1.049E-25 1.918E+02.08460.107 3410.64740.72-.001904        0 2 2 2        0 2 2 1                    P  9f     3655431410 5 3 3 3   153.0  171.0
 41 2157.554700 4.119E-27 7.078E+01.07290.091 4105.51440.75-.001812        3 0 0 1        3 0 0 0                    R 25e     3555431410 5 3 3 3   477.0  459.0
 43 2157.559900 1.252E-28 4.955E-03.06940.083 1772.09010.80-.002143        0 2 0 1        0 2 2 0                    Q 38f     3655431810 5 3 3 3   462.0  462.0
 42 2157.560200 3.654E-27 6.904E-02.06680.076 1685.65450.75-.002221        0 1 1 1        0 1 1 0                    Q 51e     3645431815 5 3 3 3   618.0  618.0
 45 2157.560350 2.673E-25 9.642E+01.06960.084 1746.00830.80-.002245        0 2 2 1        0 2 2 0                    P 37e     3655431310 5 3 3 3  3942.0 4050.0
 41 2157.561170 1.434E-28 8.085E+01.06850.081 4920.83420.78-.001364        0 7 1 1        1 5 1 0                    R 41f     3555431410 5 3 3 3   765.0  747.0
 41 2157.561240 8.602E-28 3.069E+02.08680.109 4440.45480.71-.001777        0 0 0 3        0 0 0 2                    P  7e     3555431410 5 3 3 3   117.0  135.0
 45 2157.563850 5.329E-26 9.498E+01.07360.093 1984.04430.74-.002249        0 3 1 1        0 3 1 0                    P 24f     3655431310 5 3 3 3  2538.0 2646.0
 45 2157.568263 2.674E-25 9.642E+01.06960.084 1745.92670.80-.002245        0 2 2 1        0 2 2 0                    P 37f     3655431310 5 3 3 3  3942.0 4050.0
 41 2157.573180 1.732E-24 1.962E+02.07360.093 3047.69120.74-.002249        0 1 1 2        0 1 1 1                    P 24e     3655431410 5 3 3 3   423.0  441.0
 43 2157.575860 1.060E-27 9.129E+01.07040.086 3330.64690.81-.001972        0 5 1 1        0 5 1 0                    R 33e     3655431910 5 3 3 3   414.0  402.0
 45 2157.576237 8.467E-28 8.430E+01.08680.109 2547.27460.71-.001777        2 0 0 1        2 0 0 0                    P  7e     3655431310 5 3 3 3   702.0  810.0
 43 2157.576400 2.163E-27 3.516E-01.07410.094 1961.14020.73-.001995        0 3 1 1        0 3 1 0                    Q 23f     3655431810 5 3 3 3   282.0  282.0
 44 2157.577222 1.354E-28 2.183E+00.06990.084 2867.75080.81-.002129        0 4 4 1        0 4 4 0                    Q 36e     3655431310 5 3 3 3   657.0  657.0
 44 2157.577283 1.354E-28 2.183E+00.06990.084 2867.75070.81-.002129        0 4 4 1        0 4 4 0                    Q 36f     3655431310 5 3 3 3   657.0  657.0
 43 2157.580520 1.752E-28 4.338E+00.08460.107 2808.85600.72-.001644        0 1 1 2        0 1 1 1                    Q  9e     3655431910 5 3 3 3   114.0  114.0
 41 2157.583300 2.476E-26 8.479E+01.07410.094 3748.98750.73-.001746        0 6 6 1        0 6 6 0                    R 22e     3655431410 5 3 3 3   423.0  405.0
 41 2157.583300 2.476E-26 8.479E+01.07410.094 3748.98750.73-.001746        0 6 6 1        0 6 6 0                    R 22f     3655431410 5 3 3 3   423.0  405.0
 43 2157.583300 1.435E-27 3.919E-01.07490.095 2049.54720.73-.001965        1 1 1 1        1 1 1 0                    Q 21f     3655431810 5 3 3 3   258.0  258.0
 41 2157.585080 4.556E-28 1.793E+02.07330.092 4741.79460.74-.001790        0 4 0 2        0 4 0 1                    R 24e     3555431410 5 3 3 3   459.0  441.0
 44 2157.586060 4.363E-28 7.367E+01.07770.100 3187.69710.73-.001578        2 1 1 1        2 1 1 0                    R 15e     3655431310 5 3 3 3   297.0  279.0
 43 2157.588190 2.376E-28 6.976E+00.08680.109 2795.23930.71-.001548        0 1 1 2        0 1 1 1                    Q  7f     3655431910 5 3 3 3    90.0   90.0
 44 2157.589200 5.443E-24 9.437E+01.06730.078 1515.83380.76-.002207        0 1 1 1        0 1 1 0                    P 48f     3655431815 5 3 3 3   855.0  873.0
 44 2157.602530 1.266E-27 8.186E+01.08330.106 2897.24550.72-.001414        0 5 1 1        0 5 1 0                    R  9e     3655431310 5 3 3 3   189.0  171.0
 42 2157.607140 2.857E-27 8.949E+01.06750.078 3194.14090.76-.002189        0 4 2 1        0 4 2 0                    R 46e     3655431910 5 3 3 3   570.0  558.0
 43 2157.611600 2.967E-28 1.437E-01.06990.084 2276.31530.81-.002129        0 3 1 1        0 3 1 0                    Q 36e     3655431810 5 3 3 3   438.0  438.0
 42 2157.612700 9.545E-24 8.819E+01.08570.108 1167.84810.71-.001352        0 2 0 1        0 2 0 0                    R  7e     3655431810 5 3 3 3   102.0   90.0
 44 2157.616544 4.357E-28 7.367E+01.07770.100 3187.96260.73-.001578        2 1 1 1        2 1 1 0                    R 15f     3655431310 5 3 3 3   297.0  279.0
 43 2157.618480 2.033E-26 3.470E+00.07450.094 1962.21770.73-.001980        0 3 3 1        0 3 3 0                    Q 22f     3655431910 5 3 3 3   270.0  270.0
 43 2157.618780 2.033E-26 3.470E+00.07450.094 1962.21750.73-.001980        0 3 3 1        0 3 3 0                    Q 22e     3655431910 5 3 3 3   270.0  270.0
 45 2157.620893 1.521E-28 8.072E+01.08800.110 2891.50410.71-.001286        0 5 1 1        0 5 1 0                    R  5e     3655431310 5 3 3 3   702.0  594.0
 41 2157.622850 2.271E-28 2.345E-01.06650.076 3671.58110.74-.002230        1 2 2 1        1 2 2 0                    Q 53e     3645431410 5 3 3 3   963.0  963.0
 41 2157.624540 1.934E-28 4.225E-03.07330.092 2725.87300.74-.000847        1 6 2 0        1 2 2 0                    R 24e     3655431410 5 3 3 3   459.0  441.0
 45 2157.625106 2.940E-26 8.851E+01.07410.094 2082.92120.73-.002244        1 1 1 1        1 1 1 0                    P 23f     3655431310 5 3 3 3  2430.0 2538.0
 43 2157.627420 2.029E-28 5.423E+00.08570.108 2801.62560.71-.001598        0 1 1 2        0 1 1 1                    Q  8e     3655431910 5 3 3 3   102.0  102.0
 44 2157.635319 1.265E-27 8.185E+01.08330.106 2897.41220.72-.001414        0 5 1 1        0 5 1 0                    R  9f     3655431310 5 3 3 3   189.0  171.0
 44 2157.635970 1.146E-27 7.803E+01.08200.105 2926.51420.72-.001443        0 5 3 1        0 5 3 0                    R 10e     3655431310 5 3 3 3   207.0  189.0
 44 2157.636217 1.146E-27 7.803E+01.08200.105 2926.51400.72-.001443        0 5 3 1        0 5 3 0                    R 10f     3655431310 5 3 3 3   207.0  189.0
 45 2157.643100 1.521E-28 8.071E+01.08800.110 2891.56440.71-.001286        0 5 1 1        0 5 1 0                    R  5f     3655431310 5 3 3 3   702.0  594.0
 45 2157.643825 5.350E-26 9.496E+01.07360.093 1983.21480.74-.002249        0 3 1 1        0 3 1 0                    P 24e     3655431310 5 3 3 3  2538.0 2646.0
 44 2157.644494 3.471E-27 3.668E+01.08920.111 2350.26700.71-.001612        0 4 4 1        0 4 4 0                    P  5e     3655431310 5 3 3 3    81.0   99.0
 44 2157.644500 3.471E-27 3.668E+01.08920.111 2350.26700.71-.001612        0 4 4 1        0 4 4 0                    P  5f     3655431310 5 3 3 3    81.0   99.0
 43 2157.645000 2.822E-28 9.302E+00.08800.110 2789.60520.71-.001493        0 1 1 2        0 1 1 1                    Q  6f     3655431910 5 3 3 3    78.0   78.0
 44 2157.646321 3.441E-27 7.212E+01.09060.112 2439.39780.70-.001513        1 2 2 1        1 2 2 0                    P  4f     3655431310 5 3 3 3    63.0   81.0
 44 2157.646328 3.441E-27 7.212E+01.09060.112 2439.39780.70-.001513        1 2 2 1        1 2 2 0                    P  4e     3655431310 5 3 3 3    63.0   81.0
 43 2157.648700 6.263E-28 2.374E-01.07250.090 2167.71320.76-.002045        1 1 1 1        1 1 1 0                    Q 27e     3655431810 5 3 3 3   330.0  330.0
 43 2157.648860 1.055E-27 9.188E+01.07040.086 3332.88590.81-.001972        0 5 1 1        0 5 1 0                    R 33f     3655431910 5 3 3 3   414.0  402.0
 43 2157.652440 4.574E-26 9.189E+01.07910.102 2379.10960.72-.001526        0 4 0 1        0 4 0 0                    R 13e     3655431910 5 3 3 3   174.0  162.0
 41 2157.656440 5.213E-22 9.826E+01.06920.083 1832.83740.79-.002239        0 2 2 1        0 2 2 0                    P 39e     3655431410 5 3 3 3   693.0  711.0
 43 2157.658600 1.093E-23 1.005E+02.07650.098 1309.66410.73-.002193        0 2 2 1        0 2 2 0                    P 18e     3655431810 5 3 3 3   210.0  222.0
 43 2157.659800 1.093E-23 1.005E+02.07650.098 1309.65830.73-.002193        0 2 2 1        0 2 2 0                    P 18f     3655431810 5 3 3 3   210.0  222.0
 45 2157.662385 1.342E-28 6.920E+01.08680.109 2915.06580.71-.001320        0 5 3 1        0 5 3 0                    R  6f     3655431310 5 3 3 3   810.0  702.0
 45 2157.662519 1.342E-28 6.920E+01.08680.109 2915.06570.71-.001320        0 5 3 1        0 5 3 0                    R  6e     3655431310 5 3 3 3   810.0  702.0
 42 2157.663400 1.557E-25 1.799E+02.08200.105 2223.37660.72-.001443        0 0 0 2        0 0 0 1                    R 10e     3655431810 5 3 3 3   138.0  126.0
 42 2157.664000 3.240E-28 2.335E-03.07700.099 1265.27260.73-.001603        0 2 0 1        0 2 2 0                    R 16e     3655431810 5 3 3 3   210.0  198.0
 41 2157.665750 1.714E-21 9.780E+01.06500.071 1686.58840.72-.002157        0 0 0 1        0 0 0 0                    P 63e     3645431416 5 3 3 3  1125.0 1143.0
 43 2157.667150 1.968E-25 1.034E+02.09220.114 1741.52950.70-.001400        0 3 1 1        0 3 1 0                    P  3f     3655431910 5 3 3 3    30.0   42.0
 41 2157.668560 5.217E-22 9.826E+01.06920.083 1832.69950.79-.002239        0 2 2 1        0 2 2 0                    P 39f     3655431410 5 3 3 3   693.0  711.0
 43 2157.669200 2.376E-28 6.974E+00.08680.109 2795.19840.71-.001548        0 1 1 2        0 1 1 1                    Q  7e     3655431910 5 3 3 3    90.0   90.0
 44 2157.670748 1.148E-26 8.659E+01.08800.110 2322.09160.71-.001699        0 4 2 1        0 4 2 0                    P  6e     3655431310 5 3 3 3    99.0  117.0
 44 2157.670841 1.148E-26 8.659E+01.08800.110 2322.09140.71-.001699        0 4 2 1        0 4 2 0                    P  6f     3655431310 5 3 3 3    99.0  117.0
 45 2157.670888 4.274E-27 1.930E+02.07010.085 2728.01810.81-.002251        0 0 0 2        0 0 0 1                    P 35e     3655431310 5 3 3 3  3726.0 3834.0
 44 2157.671700 1.326E-24 8.614E+01.07040.086 1715.66600.81-.002253        1 0 0 1        1 0 0 0                    P 34e     3655431810 5 3 3 3   603.0  621.0
 43 2157.675800 1.968E-25 1.034E+02.09220.114 1741.51270.70-.001400        0 3 1 1        0 3 1 0                    P  3e     3655431910 5 3 3 3    30.0   42.0
 41 2157.677090 1.356E-27 9.984E-01.06630.075 3605.72920.74-.002235        0 4 4 1        0 4 4 0                    Q 54e     3645431410 5 3 3 3   981.0  981.0
 45 2157.677515 2.946E-26 8.848E+01.07410.094 2082.43020.73-.002244        1 1 1 1        1 1 1 0                    P 23e     3655431310 5 3 3 3  2430.0 2538.0
 41 2157.682050 1.356E-27 9.983E-01.06630.075 3605.72680.74-.002235        0 4 4 1        0 4 4 0                    Q 54f     3645431410 5 3 3 3   981.0  981.0
 44 2157.683100 5.485E-24 9.434E+01.06730.078 1514.16620.76-.002207        0 1 1 1        0 1 1 0                    P 48e     3655431815 5 3 3 3   855.0  873.0
 41 2157.683690 4.930E-24 9.094E+01.08090.104 2527.22160.72-.002043        1 2 0 1        1 2 0 0                    P 12e     3655431410 5 3 3 3   207.0  225.0
 41 2157.690290 1.394E-28 2.157E-01.06620.075 3762.21680.74-.002240        1 2 2 1        1 2 2 0                    Q 55f     3645431410 5 3 3 3   999.0  999.0
 42 2157.691900 2.743E-21 9.618E+01.07450.094  211.95970.73-.002237        0 0 0 1        0 0 0 0                    P 22e     3655431816 5 3 3 3   258.0  270.0
 43 2157.693620 3.423E-28 1.302E+01.08920.111 2784.77600.71-.001431        0 1 1 2        0 1 1 1                    Q  5f     3655431910 5 3 3 3    66.0   66.0
 42 2157.699740 5.702E-25 9.044E+01.07290.091 1986.64460.75-.001812        0 3 1 1        0 3 1 0                    R 25e     3655431810 5 3 3 3   318.0  306.0
 41 2157.702170 4.412E-28 1.248E-03.06940.083 2389.98820.80-.002143        0 3 1 1        0 3 3 0                    Q 38f     3655431410 5 3 3 3   693.0  693.0
 43 2157.705680 2.822E-28 9.300E+00.08800.110 2789.57460.71-.001493        0 1 1 2        0 1 1 1                    Q  6e     3655431910 5 3 3 3    78.0   78.0
 42 2157.705858 1.851E-27 8.960E+01.06720.077 3292.11890.75-.002217        0 4 4 1        0 4 4 0                    R 48f     3655431310 5 3 3 3   594.0  582.0
 42 2157.706674 1.851E-27 8.960E+01.06720.077 3292.12230.75-.002217        0 4 4 1        0 4 4 0                    R 48e     3655431310 5 3 3 3   594.0  582.0
 41 2157.710830 6.022E-27 1.706E+02.08680.109 3948.73030.71-.001320        0 3 1 2        0 3 1 1                    R  6e     3655431410 5 3 3 3   135.0  117.0
 41 2157.714240 9.159E-28 1.278E-02.07250.090 2649.10170.76-.002045        0 4 0 1        0 4 2 0                    Q 27f     3655431410 5 3 3 3   495.0  495.0
 45 2157.716334 1.992E-27 7.483E+01.08570.108 2376.19940.71-.001845        0 4 4 1        0 4 4 0                    P  8f     3655431310 5 3 3 3   810.0  918.0
 45 2157.716460 1.992E-27 7.483E+01.08570.108 2376.19930.71-.001845        0 4 4 1        0 4 4 0                    P  8e     3655431310 5 3 3 3   810.0  918.0
 43 2157.718200 3.582E-28 8.553E+01.06960.084 3557.51940.80-.002027        1 3 1 1        1 3 1 0                    R 36e     3655431910 5 3 3 3   450.0  438.0
 41 2157.729150 5.451E-27 1.524E+02.08570.108 3971.65540.71-.001352        0 3 3 2        0 3 3 1                    R  7e     3655431410 5 3 3 3   153.0  135.0
 41 2157.729150 5.451E-27 1.524E+02.08570.108 3971.65540.71-.001352        0 3 3 2        0 3 3 1                    R  7f     3655431410 5 3 3 3   153.0  135.0
 41 2157.729480 3.229E-28 3.030E-03.06770.079 2675.62610.76-.002194        0 3 1 1        0 3 3 0                    Q 46e     3655431410 5 3 3 3   837.0  837.0
 41 2157.729810 6.019E-27 1.706E+02.08680.109 3948.79180.71-.001320        0 3 1 2        0 3 1 1                    R  6f     3655431410 5 3 3 3   135.0  117.0
 43 2157.734160 4.284E-28 1.954E+01.09060.112 2780.75160.70-.001363        0 1 1 2        0 1 1 1                    Q  4f     3655431910 5 3 3 3    54.0   54.0
 41 2157.735970 6.056E-23 9.044E+01.07290.091 2173.87890.75-.002256        1 1 1 1        1 1 1 0                    P 26f     3655431410 5 3 3 3   459.0  477.0
 41 2157.736700 1.791E-28 1.662E+02.07250.090 4933.81280.76-.001833        1 2 2 2        1 2 2 1                    R 26f     3555431410 5 3 3 3   495.0  477.0
 43 2157.737000 3.422E-28 1.302E+01.08920.111 2784.75410.71-.001431        0 1 1 2        0 1 1 1                    Q  5e     3655431910 5 3 3 3    66.0   66.0
 41 2157.738530 4.205E-26 8.856E+01.07590.097 3610.57520.73-.001653        0 6 0 1        0 6 0 0                    R 18e     3655431410 5 3 3 3   351.0  333.0
 41 2157.740210 1.791E-28 1.662E+02.07250.090 4933.83790.76-.001833        1 2 2 2        1 2 2 1                    R 26e     3555431410 5 3 3 3   495.0  477.0
 42 2157.741630 4.952E-25 8.985E+01.07250.090 2021.92240.76-.001833        0 3 3 1        0 3 3 0                    R 26e     3655431910 5 3 3 3   330.0  318.0
 42 2157.742070 4.952E-25 8.985E+01.07250.090 2021.92380.76-.001833        0 3 3 1        0 3 3 0                    R 26f     3655431910 5 3 3 3   330.0  318.0
 43 2157.748500 3.517E-28 1.520E-01.07010.085 2247.16150.81-.002121        0 3 1 1        0 3 1 0                    Q 35e     3655431810 5 3 3 3   426.0  426.0
 42 2157.757050 5.672E-25 9.042E+01.07290.091 1987.65900.75-.001812        0 3 1 1        0 3 1 0                    R 25f     3655431810 5 3 3 3   318.0  306.0
 43 2157.759600 1.635E-27 4.312E-01.07540.096 2032.57000.73-.001948        1 1 1 1        1 1 1 0                    Q 20f     3655431810 5 3 3 3   246.0  246.0
 43 2157.761560 2.322E-26 3.803E+00.07490.095 1944.33890.73-.001965        0 3 3 1        0 3 3 0                    Q 21f     3655431910 5 3 3 3   258.0  258.0
 43 2157.761800 2.322E-26 3.803E+00.07490.095 1944.33880.73-.001965        0 3 3 1        0 3 3 0                    Q 21e     3655431910 5 3 3 3   258.0  258.0
 42 2157.762500 2.619E-25 8.395E+01.07290.091 2131.34380.75-.001812        1 1 1 1        1 1 1 0                    R 25e     3655431810 5 3 3 3   318.0  306.0
 43 2157.763090 4.283E-28 1.954E+01.09060.112 2780.73700.70-.001363        0 1 1 2        0 1 1 1                    Q  4e     3655431910 5 3 3 3    54.0   54.0
 42 2157.766420 2.978E-27 8.954E+01.06750.078 3185.67360.76-.002189        0 4 0 1        0 4 0 0                    R 46e     3655431910 5 3 3 3   570.0  558.0
 43 2157.766550 5.640E-28 3.256E+01.09220.114 2777.53210.70-.001287        0 1 1 2        0 1 1 1                    Q  3f     3655431910 5 3 3 3    42.0   42.0
 43 2157.767480 3.552E-28 8.563E+01.06960.084 3559.51540.80-.002027        1 3 1 1        1 3 1 0                    R 36f     3655431910 5 3 3 3   450.0  438.0
 44 2157.769509 6.296E-28 7.681E+01.07910.102 3094.18910.72-.001526        1 3 3 1        1 3 3 0                    R 13f     3655431310 5 3 3 3   261.0  243.0
 44 2157.769604 6.296E-28 7.681E+01.07910.102 3094.18910.72-.001526        1 3 3 1        1 3 3 0                    R 13e     3655431310 5 3 3 3   261.0  243.0
 43 2157.777501 5.227E-28 9.248E+01.06940.083 3501.25980.80-.002044        0 5 5 1        0 5 5 0                    R 37e     3655431310 5 3 3 3   462.0  450.0
 43 2157.777507 5.227E-28 9.248E+01.06940.083 3501.25980.80-.002044        0 5 5 1        0 5 5 0                    R 37f     3655431310 5 3 3 3   462.0  450.0
 43 2157.780190 5.853E-28 1.860E+02.07590.097 3481.81000.73-.001653        0 2 2 2        0 2 2 1                    R 18f     3655431910 5 3 3 3   234.0  222.0
 43 2157.781020 5.852E-28 1.860E+02.07590.097 3481.81580.73-.001653        0 2 2 2        0 2 2 1                    R 18e     3655431910 5 3 3 3   234.0  222.0
 43 2157.782300 7.230E-28 2.559E-01.07290.091 2145.93750.75-.002034        1 1 1 1        1 1 1 0                    Q 26e     3655431810 5 3 3 3   318.0  318.0
 42 2157.782400 4.461E-26 1.201E-01.06920.083 1230.07000.79-.002150        0 1 1 1        0 1 1 0                    Q 39f     3655431815 5 3 3 3   474.0  474.0
 43 2157.783950 5.640E-28 3.256E+01.09220.114 2777.52330.70-.001287        0 1 1 2        0 1 1 1                    Q  3e     3655431910 5 3 3 3    42.0   42.0
 41 2157.785330 7.596E-27 7.596E+01.07360.093 3977.99380.74-.001768        2 2 0 1        2 2 0 0                    R 23e     3655431410 5 3 3 3   441.0  423.0
 44 2157.787200 1.995E-24 9.327E+01.07010.085 1654.12650.81-.002251        0 2 0 1        0 2 0 0                    P 35e     3655431810 5 3 3 3   621.0  639.0
 45 2157.787517 5.076E-26 9.498E+01.07410.094 1985.08770.73-.002244        0 3 3 1        0 3 3 0                    P 23f     3655431310 5 3 3 3  2430.0 2538.0
 45 2157.787668 5.076E-26 9.498E+01.07410.094 1985.08750.73-.002244        0 3 3 1        0 3 3 0                    P 23e     3655431310 5 3 3 3  2430.0 2538.0
 43 2157.788900 2.474E-27 3.836E-01.07450.094 1942.43710.73-.001980        0 3 1 1        0 3 1 0                    Q 22f     3655431810 5 3 3 3   270.0  270.0
 41 2157.789210 3.314E-26 8.648E+01.07490.095 3674.74190.73-.001700        0 6 4 1        0 6 4 0                    R 20e     3655431410 5 3 3 3   387.0  369.0
 41 2157.789210 3.314E-26 8.648E+01.07490.095 3674.74190.73-.001700        0 6 4 1        0 6 4 0                    R 20f     3655431410 5 3 3 3   387.0  369.0
 43 2157.791010 8.153E-28 6.513E+01.09410.116 2775.11730.70-.001203        0 1 1 2        0 1 1 1                    Q  2f     3655431910 5 3 3 3    30.0   30.0
 42 2157.792000 2.612E-25 8.394E+01.07290.091 2131.92420.75-.001812        1 1 1 1        1 1 1 0                    R 25f     3655431810 5 3 3 3   318.0  306.0
 41 2157.793690 1.584E-26 8.206E+01.07450.094 3825.13720.73-.001723        1 4 2 1        1 4 2 0                    R 21f     3655431410 5 3 3 3   405.0  387.0
 41 2157.798970 6.073E-23 9.041E+01.07290.091 2173.23980.75-.002256        1 1 1 1        1 1 1 0                    P 26e     3655431410 5 3 3 3   459.0  477.0
 44 2157.799107 1.601E-28 2.309E+00.07010.085 2839.14820.81-.002121        0 4 4 1        0 4 4 0                    Q 35e     3655431310 5 3 3 3   639.0  639.0
 44 2157.799159 1.601E-28 2.309E+00.07010.085 2839.14820.81-.002121        0 4 4 1        0 4 4 0                    Q 35f     3655431310 5 3 3 3   639.0  639.0
 43 2157.799600 8.153E-28 6.513E+01.09410.116 2775.11300.70-.001203        0 1 1 2        0 1 1 1                    Q  2e     3655431910 5 3 3 3    30.0   30.0
 41 2157.799840 1.584E-26 8.206E+01.07450.094 3825.17310.73-.001723        1 4 2 1        1 4 2 0                    R 21e     3655431410 5 3 3 3   405.0  387.0
 41 2157.804220 1.375E-28 8.824E+01.06790.079 4961.43030.77-.002159        0 7 7 1        0 7 7 0                    R 44e     3555431410 5 3 3 3   819.0  801.0
 41 2157.804220 1.375E-28 8.824E+01.06790.079 4961.43030.77-.002159        0 7 7 1        0 7 7 0                    R 44f     3555431410 5 3 3 3   819.0  801.0
 43 2157.807140 1.479E-27 1.954E+02.09620.119 2773.50760.69-.001109        0 1 1 2        0 1 1 1                    Q  1f     3655431910 5 3 3 3    18.0   18.0
 43 2157.810070 1.479E-27 1.954E+02.09620.119 2773.50610.69-.001109        0 1 1 2        0 1 1 1                    Q  1e     3655431910 5 3 3 3    18.0   18.0
 44 2157.811889 1.600E-27 1.018E+02.09410.116 2493.54460.70-.001273        2 0 0 1        2 0 0 0                    P  2e     3655431310 5 3 3 3    27.0   45.0
 44 2157.812218 4.903E-27 9.324E+01.09060.112 2419.39880.70-.001513        1 2 0 1        1 2 0 0                    P  4e     3655431310 5 3 3 3    63.0   81.0
 42 2157.814200 4.591E-27 7.190E-02.06700.077 1643.00020.75-.002216        0 1 1 1        0 1 1 0                    Q 50e     3645431815 5 3 3 3   606.0  606.0
 43 2157.814290 1.348E-28 8.068E+01.06890.082 3762.42550.79-.002079        2 1 1 1        2 1 1 0                    R 39e     3655431910 5 3 3 3   486.0  474.0
 42 2157.815540 5.008E-28 7.637E+01.06720.077 3528.23590.75-.002217        2 0 0 1        2 0 0 0                    R 48e     3655431910 5 3 3 3   594.0  582.0
 41 2157.825000 7.516E-24 8.668E+01.08200.105 2411.84990.72-.002003        0 4 4 1        0 4 4 0                    P 11e     3655431410 5 3 3 3   189.0  207.0
 41 2157.825000 7.516E-24 8.668E+01.08200.105 2411.84990.72-.002003        0 4 4 1        0 4 4 0                    P 11f     3655431410 5 3 3 3   189.0  207.0
 42 2157.830650 1.133E-27 8.304E+01.06730.078 3373.19150.76-.002203        1 2 0 1        1 2 0 0                    R 47e     3655431910 5 3 3 3   582.0  570.0
 41 2157.831330 1.007E-26 6.850E-04.07150.088 1568.35520.79-.002259        0 2 0 1        0 2 2 0                    P 30e     3655431410 5 3 3 3   531.0  549.0
 44 2157.834400 3.343E-25 9.252E+01.07490.095 1912.84800.73-.002229        0 3 1 1        0 3 1 0                    P 21f     3655431810 5 3 3 3   369.0  387.0
 43 2157.838600 1.353E-28 4.735E-03.06960.084 1741.27500.80-.002136        0 2 0 1        0 2 2 0                    Q 37f     3655431810 5 3 3 3   450.0  450.0
 41 2157.840420 9.079E-26 5.072E+01.08920.111 3077.10320.71-.001251        1 3 3 1        1 3 3 0                    R  4e     3655431410 5 3 3 3    99.0   81.0
 41 2157.840420 9.079E-26 5.072E+01.08920.111 3077.10320.71-.001251        1 3 3 1        1 3 3 0                    R  4f     3655431410 5 3 3 3    99.0   81.0
 43 2157.842020 1.337E-28 8.069E+01.06890.082 3764.09000.79-.002079        2 1 1 1        2 1 1 0                    R 39f     3655431910 5 3 3 3   486.0  474.0
 41 2157.843810 1.189E-25 7.160E+01.09060.112 3051.22590.70-.001214        1 3 1 1        1 3 1 0                    R  3e     3655431410 5 3 3 3    81.0   63.0
 41 2157.855870 1.189E-25 7.160E+01.09060.112 3051.24530.70-.001214        1 3 1 1        1 3 1 0                    R  3f     3655431410 5 3 3 3    81.0   63.0
 41 2157.864480 4.106E-28 1.792E+02.07290.091 4770.96160.75-.001812        0 4 2 2        0 4 2 1                    R 25f     3555431410 5 3 3 3   477.0  459.0
 45 2157.865331 1.176E-28 6.057E+01.08460.107 2963.42810.72-.001384        0 5 5 1        0 5 5 0                    R  8f     3655431310 5 3 3 3  1026.0  918.0
 45 2157.865467 1.176E-28 6.057E+01.08460.107 2963.42810.72-.001384        0 5 5 1        0 5 5 0                    R  8e     3655431310 5 3 3 3  1026.0  918.0
 41 2157.878020 4.104E-28 1.792E+02.07290.091 4771.03930.75-.001812        0 4 2 2        0 4 2 1                    R 25e     3555431410 5 3 3 3   477.0  459.0
 43 2157.881500 4.155E-28 1.610E-01.07040.086 2218.81560.81-.002113        0 3 1 1        0 3 1 0                    Q 34e     3655431810 5 3 3 3   414.0  414.0
 41 2157.882350 6.116E-26 9.259E-03.07070.086 1752.84640.81-.000548        0 6 0 0        1 0 0 0                    P 33e     3655431410 5 3 3 3   585.0  603.0
 41 2157.882370 4.400E-28 2.338E-01.06650.076 3534.87220.74-.002230        0 4 2 1        0 4 2 0                    Q 53e     3645431410 5 3 3 3   963.0  963.0
 41 2157.887320 2.697E-28 8.797E+01.06850.081 4808.26390.78-.002112        0 7 5 1        0 7 5 0                    R 41e     3555431410 5 3 3 3   765.0  747.0
 41 2157.887330 2.697E-28 8.797E+01.06850.081 4808.26390.78-.002112        0 7 5 1        0 7 5 0                    R 41f     3555431410 5 3 3 3   765.0  747.0
 44 2157.896900 3.351E-25 9.251E+01.07490.095 1912.25500.73-.002229        0 3 1 1        0 3 1 0                    P 21e     3655431810 5 3 3 3   369.0  387.0
 43 2157.898140 2.647E-26 4.185E+00.07540.096 1927.27230.73-.001948        0 3 3 1        0 3 3 0                    Q 20f     3655431910 5 3 3 3   246.0  246.0
 43 2157.898320 2.647E-26 4.185E+00.07540.096 1927.27220.73-.001948        0 3 3 1        0 3 3 0                    Q 20e     3655431910 5 3 3 3   246.0  246.0
 43 2157.898700 5.673E-26 9.064E+01.09410.116 1865.19320.70-.001273        1 1 1 1        1 1 1 0                    P  2f     3655431810 5 3 3 3    18.0   30.0
 43 2157.902300 5.673E-26 9.064E+01.09410.116 1865.18800.70-.001273        1 1 1 1        1 1 1 0                    P  2e     3655431810 5 3 3 3    18.0   30.0
 45 2157.904046 1.559E-27 9.020E+01.08570.108 2464.94250.71-.001845        1 2 0 1        1 2 0 0                    P  8e     3655431310 5 3 3 3   810.0  918.0
 43 2157.911100 8.326E-28 2.766E-01.07330.092 2124.96730.74-.002022        1 1 1 1        1 1 1 0                    Q 25e     3655431810 5 3 3 3   306.0  306.0
 41 2157.913600 9.219E-28 1.195E-02.07290.091 2626.39700.75-.002034        0 4 0 1        0 4 2 0                    Q 26f     3655431410 5 3 3 3   477.0  477.0
 45 2157.918154 3.102E-27 9.263E+01.08460.107 2354.64670.72-.001904        0 4 2 1        0 4 2 0                    P  9e     3655431310 5 3 3 3   918.0 1026.0
 45 2157.918413 3.102E-27 9.263E+01.08460.107 2354.64560.72-.001904        0 4 2 1        0 4 2 0                    P  9f     3655431310 5 3 3 3   918.0 1026.0
 43 2157.927600 1.860E-27 4.767E-01.07590.097 2016.40070.73-.001930        1 1 1 1        1 1 1 0                    Q 19f     3655431810 5 3 3 3   234.0  234.0
 41 2157.930160 2.728E-27 6.142E+00.07540.096 3634.51170.73-.002521        3 3 1 0        0 6 2 0                    R 19f     3655431410 5 3 3 3   369.0  351.0
 43 2157.949470 4.367E-26 9.089E+01.07830.101 2400.04270.72-.001552        0 4 2 1        0 4 2 0                    R 14f     3655431910 5 3 3 3   186.0  174.0
 41 2157.951330 5.191E-28 8.469E-03.07540.096 2620.85760.73-.000097        0 8 0 0        1 2 0 0                    R 19e     3655431410 5 3 3 3   369.0  351.0
 43 2157.951410 4.367E-26 9.089E+01.07830.101 2400.04900.72-.001552        0 4 2 1        0 4 2 0                    R 14e     3655431910 5 3 3 3   186.0  174.0
 41 2157.959580 2.681E-24 8.430E+01.08200.105 2618.19660.72-.002003        2 0 0 1        2 0 0 0                    P 11e     3655431410 5 3 3 3   189.0  207.0
 44 2157.959900 9.553E-24 9.407E+01.06540.073 1445.69400.73-.002166        0 0 0 1        0 0 0 0                    P 60e     3645431816 5 3 3 3  1071.0 1089.0
 42 2157.961510 5.372E-27 1.824E+02.07120.088 3126.16140.80-.001915        0 1 1 2        0 1 1 1                    R 30e     3655431910 5 3 3 3   378.0  366.0
 41 2157.975190 5.174E-28 8.791E+01.06920.083 4658.96300.79-.002802        1 5 1 1        0 7 1 0                    R 38e     3555431410 5 3 3 3   711.0  693.0
 41 2157.976770 1.147E-25 2.006E+02.08460.107 3401.46520.72-.001904        0 2 0 2        0 2 0 1                    P  9e     3655431410 5 3 3 3   153.0  171.0
 44 2157.978878 9.628E-28 7.442E+01.07990.103 2985.58060.72-.001499        0 5 5 1        0 5 5 0                    R 12e     3655431310 5 3 3 3   243.0  225.0
 44 2157.978882 9.628E-28 7.442E+01.07990.103 2985.58060.72-.001499        0 5 5 1        0 5 5 0                    R 12f     3655431310 5 3 3 3   243.0  225.0
 41 2157.991480 4.143E-28 8.786E+01.06890.082 4709.70750.79-.002079        0 7 3 1        0 7 3 0                    R 39e     3555431410 5 3 3 3   729.0  711.0
 43 2157.992200 2.825E-27 4.202E-01.07490.095 1924.54650.73-.001965        0 3 1 1        0 3 1 0                    Q 21f     3655431810 5 3 3 3   258.0  258.0
 42 2157.995730 5.352E-27 1.824E+02.07120.088 3126.89930.80-.001915        0 1 1 2        0 1 1 1                    R 30f     3655431910 5 3 3 3   378.0  366.0
 45 2158.004100 2.813E-25 9.580E+01.06960.084 1734.03420.80-.002245        0 2 0 1        0 2 0 0                    P 37e     3655431810 5 3 3 3  3942.0 4050.0
 41 2158.004410 4.139E-28 8.780E+01.06890.082 4709.78820.79-.002079        0 7 3 1        0 7 3 0                    R 39f     3555431410 5 3 3 3   729.0  711.0
 43 2158.005300 1.327E-26 8.004E+01.07700.099 2643.81500.73-.001603        2 0 0 1        2 0 0 0                    R 16e     3655431810 5 3 3 3   210.0  198.0
 41 2158.005530 2.877E-28 2.442E-01.06670.076 3627.29550.75-.002226        1 2 2 1        1 2 2 0                    Q 52e     3645431410 5 3 3 3   945.0  945.0
 42 2158.006530 9.136E-28 8.331E+01.06720.077 3422.40560.75-.002217        1 2 2 1        1 2 2 0                    R 48f     3655431910 5 3 3 3   594.0  582.0
 43 2158.010700 4.895E-28 1.709E-01.07070.086 2191.27770.81-.002104        0 3 1 1        0 3 1 0                    Q 33e     3655431810 5 3 3 3   402.0  402.0
 41 2158.011450 6.664E-27 7.713E+01.07330.092 4016.22130.74-.001790        2 2 2 1        2 2 2 0                    R 24f     3555431410 5 3 3 3   459.0  441.0
 41 2158.012770 6.659E-27 7.707E+01.07330.092 4016.23610.74-.001790        2 2 2 1        2 2 2 0                    R 24e     3555431410 5 3 3 3   459.0  441.0
 43 2158.013442 7.834E-28 9.217E+01.06990.084 3406.28530.81-.002009        0 5 3 1        0 5 3 0                    R 35e     3655431910 5 3 3 3   438.0  426.0
 44 2158.014833 1.887E-28 2.447E+00.07040.086 2811.33860.81-.002113        0 4 4 1        0 4 4 0                    Q 34e     3655431310 5 3 3 3   621.0  621.0
 44 2158.014876 1.887E-28 2.447E+00.07040.086 2811.33850.81-.002113        0 4 4 1        0 4 4 0                    Q 34f     3655431310 5 3 3 3   621.0  621.0
 43 2158.017312 2.496E-28 8.690E+01.06920.083 3645.73760.79-.002062        1 3 3 1        1 3 3 0                    R 38e     3655431310 5 3 3 3   474.0  462.0
 43 2158.017649 2.496E-28 8.690E+01.06920.083 3645.74020.79-.002062        1 3 3 1        1 3 3 0                    R 38f     3655431310 5 3 3 3   474.0  462.0
 44 2158.018900 3.197E-26 1.888E+02.07090.087 2630.85730.81-.002257        0 0 0 2        0 0 0 1                    P 32e     3655431810 5 3 3 3   567.0  585.0
 44 2158.019580 1.353E-26 9.653E+01.08800.110 2310.68220.71-.001699        0 4 0 1        0 4 0 0                    P  6e     3655431310 5 3 3 3    99.0  117.0
 41 2158.020310 3.630E-28 2.887E-03.06790.079 2636.98940.77-.002188        0 3 1 1        0 3 3 0                    Q 45e     3655431410 5 3 3 3   819.0  819.0
 43 2158.028220 3.013E-26 4.628E+00.07590.097 1911.01790.73-.001930        0 3 3 1        0 3 3 0                    Q 19f     3655431910 5 3 3 3   234.0  234.0
 43 2158.028350 3.013E-26 4.628E+00.07590.097 1911.01780.73-.001930        0 3 3 1        0 3 3 0                    Q 19e     3655431910 5 3 3 3   234.0  234.0
 41 2158.032480 1.725E-27 1.038E+00.06650.076 3560.34620.74-.002230        0 4 4 1        0 4 4 0                    Q 53e     3645431410 5 3 3 3   963.0  963.0
 41 2158.034100 1.781E-28 2.244E-01.06630.075 3716.29450.74-.002235        1 2 2 1        1 2 2 0                    Q 54f     3645431410 5 3 3 3   981.0  981.0
 43 2158.034900 9.565E-28 2.999E-01.07360.093 2104.80290.74-.002009        1 1 1 1        1 1 1 0                    Q 24e     3655431810 5 3 3 3   294.0  294.0
 43 2158.036163 7.834E-28 9.217E+01.06990.084 3406.29550.81-.002009        0 5 3 1        0 5 3 0                    R 35f     3655431310 5 3 3 3   438.0  426.0
 41 2158.036790 1.725E-27 1.038E+00.06650.076 3560.34410.74-.002230        0 4 4 1        0 4 4 0                    Q 53f     3645431410 5 3 3 3   963.0  963.0
 42 2158.036900 9.585E-24 8.461E+01.08460.107 1181.27250.72-.001384        0 2 2 1        0 2 2 0                    R  8f     3655431810 5 3 3 3   114.0  102.0
 42 2158.037500 9.585E-24 8.461E+01.08460.107 1181.27270.72-.001384        0 2 2 1        0 2 2 0                    R  8e     3655431810 5 3 3 3   114.0  102.0
 41 2158.038560 9.785E-24 9.577E+01.08090.104 2396.76100.72-.002043        0 4 2 1        0 4 2 0                    P 12e     3655431410 5 3 3 3   207.0  225.0
 41 2158.039830 9.786E-24 9.577E+01.08090.104 2396.75650.72-.002043        0 4 2 1        0 4 2 0                    P 12f     3655431410 5 3 3 3   207.0  225.0
 41 2158.047240 4.843E-28 1.204E-03.06960.084 2358.05280.80-.002136        0 3 1 1        0 3 3 0                    Q 37f     3655431410 5 3 3 3   675.0  675.0
 42 2158.055583 9.113E-28 8.328E+01.06720.077 3422.84290.75-.002217        1 2 2 1        1 2 2 0                    R 48e     3655431310 5 3 3 3   594.0  582.0
 42 2158.060120 2.423E-27 8.960E+01.06730.078 3232.51990.76-.002203        0 4 2 1        0 4 2 0                    R 47f     3655431310 5 3 3 3   582.0  570.0
 41 2158.060600 1.295E-21 9.817E+01.06680.076 1701.26650.75-.002196        0 1 1 1        0 1 1 0                    P 51f     3645431415 5 3 3 3   909.0  927.0
 42 2158.063300 5.745E-27 7.493E-02.06720.077 1601.17860.75-.002210        0 1 1 1        0 1 1 0                    Q 49e     3655431815 5 3 3 3   594.0  594.0
 41 2158.064160 1.266E-28 8.113E+01.06830.080 4951.94480.78-.001378        0 7 1 1        1 5 1 0                    R 42e     3555431410 5 3 3 3   783.0  765.0
 41 2158.068760 5.066E-28 8.782E+01.06920.083 4663.07760.79-.002802        1 5 1 1        0 7 1 0                    R 38f     3555431410 5 3 3 3   711.0  693.0
 43 2158.074800 2.262E-26 8.588E+01.07770.100 2536.58660.73-.001578        1 2 0 1        1 2 0 0                    R 15e     3655431810 5 3 3 3   198.0  186.0
 41 2158.084880 4.356E-24 8.925E+01.08200.105 2530.04260.72-.002003        1 2 2 1        1 2 2 0                    P 11e     3655431410 5 3 3 3   189.0  207.0
 41 2158.085160 4.356E-24 8.925E+01.08200.105 2530.04170.72-.002003        1 2 2 1        1 2 2 0                    P 11f     3655431410 5 3 3 3   189.0  207.0
 43 2158.087100 2.113E-27 5.298E-01.07650.098 2001.03930.73-.001911        1 1 1 1        1 1 1 0                    Q 18f     3655431810 5 3 3 3   222.0  222.0
 42 2158.101200 5.368E-26 1.264E-01.06940.083 1197.35900.80-.002143        0 1 1 1        0 1 1 0                    Q 38f     3655431815 5 3 3 3   462.0  462.0
 41 2158.103800 3.159E-28 1.789E+02.07220.090 4839.54830.77-.001854        0 4 4 2        0 4 4 1                    R 27f     3555431410 5 3 3 3   513.0  495.0
 41 2158.103810 3.159E-28 1.789E+02.07220.090 4839.54830.77-.001854        0 4 4 2        0 4 4 1                    R 27e     3555431410 5 3 3 3   513.0  495.0
 41 2158.104750 9.188E-28 1.113E-02.07330.092 2604.53200.74-.002022        0 4 0 1        0 4 2 0                    Q 25f     3655431410 5 3 3 3   459.0  459.0
 44 2158.104789 7.408E-28 7.728E+01.07910.102 3061.94190.72-.001526        1 3 1 1        1 3 1 0                    R 13e     3655431310 5 3 3 3   261.0  243.0
 43 2158.109500 1.454E-28 4.518E-03.06990.084 1711.26890.81-.002129        0 2 0 1        0 2 2 0                    Q 36f     3655431810 5 3 3 3   438.0  438.0
 41 2158.112220 1.237E-28 8.086E+01.06830.080 4956.05450.78-.001378        0 7 1 1        1 5 1 0                    R 42f     3555431410 5 3 3 3   783.0  765.0
 43 2158.115870 3.343E-28 1.716E+02.07590.097 3580.39190.73-.001653        1 0 0 2        1 0 0 1                    R 18e     3655431910 5 3 3 3   234.0  222.0
 41 2158.120320 3.904E-26 8.792E+01.07540.096 3634.56720.73-.001677        0 6 2 1        0 6 2 0                    R 19e     3655431410 5 3 3 3   369.0  351.0
 41 2158.121100 3.639E-26 8.194E+01.07540.096 3634.51170.73-.001677        0 6 2 1        0 6 2 0                    R 19f     3655431410 5 3 3 3   369.0  351.0
 41 2158.123570 1.221E-22 9.730E+01.07290.091 2044.55530.75-.002256        0 3 1 1        0 3 1 0                    P 26f     3655431410 5 3 3 3   459.0  477.0
 43 2158.128640 2.754E-27 4.035E-02.07830.101 1366.66610.72-.000639        0 6 0 0        1 0 0 0                    P 15e     3655431910 5 3 3 3   174.0  186.0
 41 2158.132150 1.234E-26 8.197E+01.07360.093 3893.76350.74-.001768        1 4 4 1        1 4 4 0                    R 23e     3655431410 5 3 3 3   441.0  423.0
 41 2158.132150 1.234E-26 8.197E+01.07360.093 3893.76350.74-.001768        1 4 4 1        1 4 4 0                    R 23f     3655431410 5 3 3 3   441.0  423.0
 43 2158.135900 5.748E-28 1.817E-01.07090.087 2164.54810.81-.002095        0 3 1 1        0 3 1 0                    Q 32e     3655431810 5 3 3 3   390.0  390.0
 43 2158.136300 8.284E-23 1.005E+02.07090.087 1013.63100.81-.002257        0 1 1 1        0 1 1 0                    P 32f     3655431815 5 3 3 3   378.0  390.0
 44 2158.136960 7.397E-28 7.727E+01.07910.102 3062.19780.72-.001526        1 3 1 1        1 3 1 0                    R 13f     3655431310 5 3 3 3   261.0  243.0
 42 2158.141700 2.407E-27 8.955E+01.06730.078 3233.68550.76-.002203        0 4 2 1        0 4 2 0                    R 47e     3655431910 5 3 3 3   582.0  570.0
 42 2158.147200 1.305E-22 9.930E+01.08680.109  598.94850.71-.001777        0 1 1 1        0 1 1 0                    P  7f     3655431815 5 3 3 3    78.0   90.0
 41 2158.148320 5.462E-22 9.801E+01.06920.083 1822.61380.79-.002239        0 2 0 1        0 2 0 0                    P 39e     3655431410 5 3 3 3   693.0  711.0
 43 2158.151790 3.425E-26 5.144E+00.07650.098 1895.57570.73-.001911        0 3 3 1        0 3 3 0                    Q 18f     3655431910 5 3 3 3   222.0  222.0
 43 2158.151880 3.425E-26 5.144E+00.07650.098 1895.57570.73-.001911        0 3 3 1        0 3 3 0                    Q 18e     3655431910 5 3 3 3   222.0  222.0
 41 2158.152490 1.891E-28 1.651E+02.07250.090 4921.20590.76-.001833        1 2 0 2        1 2 0 1                    R 26e     3555431410 5 3 3 3   495.0  477.0
 43 2158.153800 1.096E-27 3.262E-01.07410.094 2085.44430.73-.001995        1 1 1 1        1 1 1 0                    Q 23e     3655431810 5 3 3 3   282.0  282.0
 45 2158.153925 1.012E-28 7.799E+01.08460.107 3046.15120.72-.001384        1 3 1 1        1 3 1 0                    R  8e     3655431310 5 3 3 3  1026.0  918.0
 42 2158.159200 1.305E-22 9.930E+01.08680.109  598.90320.71-.001777        0 1 1 1        0 1 1 0                    P  7e     3655431815 5 3 3 3    78.0   90.0
 43 2158.160700 1.159E-23 1.012E+02.07650.098 1298.69950.73-.002193        0 2 0 1        0 2 0 0                    P 18e     3655431810 5 3 3 3   210.0  222.0
 43 2158.163190 9.540E-28 9.136E+01.07010.085 3358.19670.81-.001991        0 5 1 1        0 5 1 0                    R 34e     3655431910 5 3 3 3   426.0  414.0
 41 2158.166620 9.291E-26 7.185E+01.08800.110 3178.32870.71-.001286        2 1 1 1        2 1 1 0                    R  5e     3655431410 5 3 3 3   117.0   99.0
 41 2158.168300 1.672E-26 8.222E+01.07450.094 3814.34130.73-.001723        1 4 0 1        1 4 0 0                    R 21e     3655431410 5 3 3 3   405.0  387.0
 45 2158.177547 1.012E-28 7.798E+01.08460.107 3046.25980.72-.001384        1 3 1 1        1 3 1 0                    R  8f     3655431310 5 3 3 3  1026.0  918.0
 41 2158.178120 9.289E-26 7.185E+01.08800.110 3178.36090.71-.001286        2 1 1 1        2 1 1 0                    R  5f     3655431410 5 3 3 3   117.0   99.0
 41 2158.180360 1.307E-21 9.813E+01.06680.076 1699.17320.75-.002196        0 1 1 1        0 1 1 0                    P 51e     3645431415 5 3 3 3   909.0  927.0
 44 2158.181688 4.368E-27 1.889E+02.07700.099 2907.34330.73-.002177        0 1 1 2        0 1 1 1                    P 17f     3655431310 5 3 3 3   297.0  315.0
 43 2158.186300 3.219E-27 4.623E-01.07540.096 1907.46830.73-.001948        0 3 1 1        0 3 1 0                    Q 20f     3655431810 5 3 3 3   246.0  246.0
 43 2158.188130 2.095E-26 8.599E+01.07700.099 2564.62600.73-.001603        1 2 2 1        1 2 2 0                    R 16f     3655431910 5 3 3 3   210.0  198.0
 43 2158.188970 2.095E-26 8.599E+01.07700.099 2564.62870.73-.001603        1 2 2 1        1 2 2 0                    R 16e     3655431910 5 3 3 3   210.0  198.0
 41 2158.193870 3.853E-27 7.087E+01.07250.090 4127.04070.76-.001833        3 0 0 1        3 0 0 0                    R 26e     3555431410 5 3 3 3   495.0  477.0
 43 2158.198200 8.314E-23 1.005E+02.07090.087 1012.84670.81-.002257        0 1 1 1        0 1 1 0                    P 32e     3655431815 5 3 3 3   378.0  390.0
 43 2158.203647 3.720E-26 8.882E+01.07700.099 2453.20350.73-.001603        0 4 4 1        0 4 4 0                    R 16e     3655431310 5 3 3 3   210.0  198.0
 43 2158.203654 3.720E-26 8.882E+01.07700.099 2453.20350.73-.001603        0 4 4 1        0 4 4 0                    R 16f     3655431310 5 3 3 3   210.0  198.0
 44 2158.207443 4.372E-27 1.889E+02.07700.099 2907.12900.73-.002177        0 1 1 2        0 1 1 1                    P 17e     3655431310 5 3 3 3   297.0  315.0
 43 2158.210000 6.329E-24 9.386E+01.07650.098 1407.78950.73-.002193        1 0 0 1        1 0 0 0                    P 18e     3655431810 5 3 3 3   210.0  222.0
 41 2158.211950 1.652E-28 1.626E-03.07490.095 2516.81590.73-.002229        0 4 2 1        0 4 0 0                    P 21e     3655431410 5 3 3 3   369.0  387.0
 43 2158.213720 6.181E-28 1.868E+02.07590.097 3471.34230.73-.001653        0 2 0 2        0 2 0 1                    R 18e     3655431910 5 3 3 3   234.0  222.0
 41 2158.214860 3.286E-27 1.595E+02.08570.108 4085.16580.71-.001352        1 1 1 2        1 1 1 1                    R  7e     3555431410 5 3 3 3   153.0  135.0
 44 2158.217865 3.081E-25 9.295E+01.07540.096 1920.18910.73-.002219        0 3 3 1        0 3 3 0                    P 20f     3655431310 5 3 3 3   351.0  369.0
 44 2158.217872 3.081E-25 9.295E+01.07540.096 1920.18900.73-.002219        0 3 3 1        0 3 3 0                    P 20e     3655431310 5 3 3 3   351.0  369.0
 41 2158.220270 1.227E-22 9.728E+01.07290.091 2043.50960.75-.002256        0 3 1 1        0 3 1 0                    P 26e     3655431410 5 3 3 3   459.0  477.0
 41 2158.222990 5.958E-26 1.837E+02.08460.107 3518.05850.72-.001904        1 0 0 2        1 0 0 1                    P  9e     3655431410 5 3 3 3   153.0  171.0
 44 2158.224396 2.217E-28 2.597E+00.07070.086 2784.32200.81-.002104        0 4 4 1        0 4 4 0                    Q 33e     3655431310 5 3 3 3   603.0  603.0
 44 2158.224436 2.217E-28 2.597E+00.07070.086 2784.32200.81-.002104        0 4 4 1        0 4 4 0                    Q 33f     3655431310 5 3 3 3   603.0  603.0
 42 2158.226537 1.547E-27 8.967E+01.06700.077 3333.30730.75-.002231        0 4 4 1        0 4 4 0                    R 49f     3645431310 5 3 3 3   606.0  594.0
 41 2158.227410 3.285E-27 1.595E+02.08570.108 4085.21530.71-.001352        1 1 1 2        1 1 1 1                    R  7f     3555431410 5 3 3 3   153.0  135.0
 42 2158.227474 1.547E-27 8.967E+01.06700.077 3333.31120.75-.002231        0 4 4 1        0 4 4 0                    R 49e     3645431310 5 3 3 3   606.0  594.0
 43 2158.236280 9.493E-28 9.197E+01.07010.085 3360.56970.81-.001991        0 5 1 1        0 5 1 0                    R 34f     3655431910 5 3 3 3   426.0  414.0
 43 2158.238300 2.398E-27 5.923E-01.07700.099 1986.48610.73-.001890        1 1 1 1        1 1 1 0                    Q 17f     3655431810 5 3 3 3   210.0  210.0
 41 2158.243500 6.341E-28 4.628E-04.06730.078 2154.44620.76-.002207        0 2 2 1        0 2 0 0                    P 48e     3655431410 5 3 3 3   855.0  873.0
 41 2158.244900 4.282E-28 1.795E+02.07290.091 4762.63680.75-.001812        0 4 0 2        0 4 0 1                    R 25e     3555431410 5 3 3 3   477.0  459.0
 41 2158.253370 1.899E-25 7.061E+01.09220.114 2900.33260.70-.001175        0 5 1 1        0 5 1 0                    R  2e     3655431410 5 3 3 3    63.0   45.0
 43 2158.257200 6.731E-28 1.935E-01.07120.088 2138.62690.80-.002086        0 3 1 1        0 3 1 0                    Q 31e     3655431810 5 3 3 3   378.0  378.0
 44 2158.263698 4.363E-28 7.389E+01.07700.099 3200.27490.73-.001603        2 1 1 1        2 1 1 0                    R 16e     3655431310 5 3 3 3   315.0  297.0
 41 2158.265840 1.899E-25 7.061E+01.09220.114 2900.34570.70-.001175        0 5 1 1        0 5 1 0                    R  2f     3655431410 5 3 3 3    63.0   45.0
 43 2158.267600 1.254E-27 3.561E-01.07450.094 2066.89170.73-.001980        1 1 1 1        1 1 1 0                    Q 22e     3655431810 5 3 3 3   270.0  270.0
 43 2158.268850 3.889E-26 5.751E+00.07700.099 1880.94590.73-.001890        0 3 3 1        0 3 3 0                    Q 17f     3655431910 5 3 3 3   210.0  210.0
 43 2158.268910 3.889E-26 5.751E+00.07700.099 1880.94590.73-.001890        0 3 3 1        0 3 3 0                    Q 17e     3655431910 5 3 3 3   210.0  210.0
 41 2158.270680 2.917E-22 9.056E+01.06920.083 1935.40170.79-.002239        1 0 0 1        1 0 0 0                    P 39e     3655431410 5 3 3 3   693.0  711.0
 42 2158.272500 4.565E-24 8.169E+01.08570.108 1303.71270.71-.001352        1 0 0 1        1 0 0 0                    R  7e     3655431810 5 3 3 3   102.0   90.0
 41 2158.272850 2.365E-26 8.543E+01.07360.093 3768.40140.74-.001768        0 6 6 1        0 6 6 0                    R 23e     3655431410 5 3 3 3   441.0  423.0
 41 2158.272850 2.365E-26 8.543E+01.07360.093 3768.40140.74-.001768        0 6 6 1        0 6 6 0                    R 23f     3655431410 5 3 3 3   441.0  423.0
 44 2158.282100 1.943E-25 8.681E+01.07590.097 1990.09800.73-.002207        1 1 1 1        1 1 1 0                    P 19f     3655431810 5 3 3 3   333.0  351.0
 43 2158.286515 3.078E-28 8.281E+01.06940.083 3587.35650.80-.002044        1 3 1 1        1 3 1 0                    R 37e     3655431310 5 3 3 3   462.0  450.0
 41 2158.287760 9.090E-28 1.035E-02.07360.093 2583.50690.74-.002009        0 4 0 1        0 4 2 0                    Q 24f     3655431410 5 3 3 3   441.0  441.0
 42 2158.295350 2.512E-27 8.960E+01.06730.078 3225.05220.76-.002203        0 4 0 1        0 4 0 0                    R 47e     3655431910 5 3 3 3   582.0  570.0
 44 2158.295832 4.356E-28 7.389E+01.07700.099 3200.57590.73-.001603        2 1 1 1        2 1 1 0                    R 16f     3655431310 5 3 3 3   315.0  297.0
 41 2158.298280 8.676E-24 1.972E+02.06960.084 2807.68650.80-.002245        0 0 0 2        0 0 0 1                    P 37e     3655431410 5 3 3 3   657.0  675.0
 41 2158.304020 4.059E-28 2.747E-03.06810.080 2599.18980.77-.002182        0 3 1 1        0 3 3 0                    Q 44e     3655431410 5 3 3 3   801.0  801.0
 42 2158.306990 4.193E-28 7.640E+01.06700.077 3568.85420.75-.002231        2 0 0 1        2 0 0 0                    R 49e     3645431910 5 3 3 3   606.0  594.0
 42 2158.307500 7.164E-27 7.816E-02.06730.078 1560.18990.76-.002205        0 1 1 1        0 1 1 0                    Q 48e     3655431815 5 3 3 3   582.0  582.0
 41 2158.311080 5.600E-28 2.443E-01.06670.076 3490.31820.75-.002226        0 4 2 1        0 4 2 0                    Q 52e     3645431410 5 3 3 3   945.0  945.0
 45 2158.319820 3.405E-27 9.691E+01.08460.107 2344.72050.72-.001904        0 4 0 1        0 4 0 0                    P  9e     3655431310 5 3 3 3   918.0 1026.0
 44 2158.320700 1.946E-25 8.679E+01.07590.097 1989.76660.73-.002207        1 1 1 1        1 1 1 0                    P 19e     3655431810 5 3 3 3   333.0  351.0
 43 2158.325500 3.152E-28 8.568E+01.06940.083 3589.46260.80-.002044        1 3 1 1        1 3 1 0                    R 37f     3655431910 5 3 3 3   462.0  450.0
 44 2158.326885 1.342E-27 8.242E+01.08200.105 2905.16740.72-.001443        0 5 1 1        0 5 1 0                    R 10e     3655431310 5 3 3 3   207.0  189.0
 45 2158.327953 1.219E-27 8.522E+01.08680.109 2474.46090.71-.001777        1 2 2 1        1 2 2 0                    P  7f     3655431310 5 3 3 3   702.0  810.0
 45 2158.328043 1.219E-27 8.522E+01.08680.109 2474.46100.71-.001777        1 2 2 1        1 2 2 0                    P  7e     3655431310 5 3 3 3   702.0  810.0
 41 2158.335240 1.144E-25 3.626E+01.09060.112 2919.09860.70-.001214        0 5 3 1        0 5 3 0                    R  3e     3655431410 5 3 3 3    81.0   63.0
 41 2158.335240 1.144E-25 3.626E+01.09060.112 2919.09860.70-.001214        0 5 3 1        0 5 3 0                    R  3f     3655431410 5 3 3 3    81.0   63.0
 42 2158.342550 9.524E-28 8.308E+01.06720.077 3413.21390.75-.002217        1 2 0 1        1 2 0 0                    R 48e     3655431910 5 3 3 3   594.0  582.0
 43 2158.342705 4.619E-28 9.264E+01.06920.083 3532.19530.79-.002062        0 5 5 1        0 5 5 0                    R 38e     3655431310 5 3 3 3   474.0  462.0
 43 2158.342711 4.619E-28 9.264E+01.06920.083 3532.19530.79-.002062        0 5 5 1        0 5 5 0                    R 38f     3655431310 5 3 3 3   474.0  462.0
 43 2158.343560 1.182E-28 8.074E+01.06870.081 3794.55130.78-.002095        2 1 1 1        2 1 1 0                    R 40e     3655431910 5 3 3 3   498.0  486.0
 43 2158.347500 1.512E-25 2.040E+02.07770.100 2310.80040.73-.002157        0 0 0 2        0 0 0 1                    P 16e     3655431810 5 3 3 3   186.0  198.0
 41 2158.348200 1.194E-22 9.696E+01.07330.092 2040.27850.74-.002253        0 3 3 1        0 3 3 0                    P 25f     3655431410 5 3 3 3   441.0  459.0
 41 2158.348300 1.194E-22 9.696E+01.07330.092 2040.27800.74-.002253        0 3 3 1        0 3 3 0                    P 25e     3655431410 5 3 3 3   441.0  459.0
 41 2158.355370 1.170E-28 8.839E+01.06770.079 4999.41030.76-.002174        0 7 7 1        0 7 7 0                    R 45e     3555431410 5 3 3 3   837.0  819.0
 41 2158.355370 1.170E-28 8.839E+01.06770.079 4999.41030.76-.002174        0 7 7 1        0 7 7 0                    R 45f     3555431410 5 3 3 3   837.0  819.0
 44 2158.357066 1.214E-27 7.938E+01.08090.104 2935.25800.72-.001471        0 5 3 1        0 5 3 0                    R 11e     3655431310 5 3 3 3   225.0  207.0
 44 2158.357070 1.214E-27 7.938E+01.08090.104 2935.25800.72-.001471        0 5 3 1        0 5 3 0                    R 11f     3655431310 5 3 3 3   225.0  207.0
 44 2158.362471 1.341E-27 8.241E+01.08200.105 2905.37110.72-.001443        0 5 1 1        0 5 1 0                    R 10f     3655431310 5 3 3 3   207.0  189.0
 42 2158.363510 5.327E-25 9.058E+01.07250.090 2008.44620.76-.001833        0 3 1 1        0 3 1 0                    R 26e     3655431910 5 3 3 3   330.0  318.0
 41 2158.365240 1.865E-28 4.342E-03.07290.091 2746.76990.75-.000863        1 6 2 0        1 2 2 0                    R 25f     3655431410 5 3 3 3   477.0  459.0
 43 2158.367690 4.637E-26 9.218E+01.07830.101 2390.48420.72-.001552        0 4 0 1        0 4 0 0                    R 14e     3655431910 5 3 3 3   186.0  174.0
 43 2158.370630 1.172E-28 8.075E+01.06870.081 3796.30260.78-.002095        2 1 1 1        2 1 1 0                    R 40f     3655431910 5 3 3 3   498.0  486.0
 43 2158.371100 3.662E-27 5.110E-01.07590.097 1891.20270.73-.001930        0 3 1 1        0 3 1 0                    Q 19f     3655431810 5 3 3 3   234.0  234.0
 41 2158.372390 2.265E-28 2.336E-01.06650.076 3671.20310.74-.002230        1 2 2 1        1 2 2 0                    Q 53f     3645431410 5 3 3 3   963.0  963.0
 43 2158.372600 1.551E-28 4.302E-03.07010.085 1682.07200.81-.002121        0 2 0 1        0 2 2 0                    Q 35f     3655431810 5 3 3 3   426.0  426.0
 43 2158.374600 7.858E-28 2.065E-01.07150.088 2113.51430.79-.002077        0 3 1 1        0 3 1 0                    Q 30e     3655431810 5 3 3 3   366.0  366.0
 45 2158.375700 7.796E-25 9.637E+01.06720.077 1583.95130.75-.002203        0 1 1 1        0 1 1 0                    P 49f     3655431815 5 3 3 3  5238.0 5346.0
 41 2158.375800 1.666E-28 1.665E+02.07220.090 4956.21730.77-.001854        1 2 2 2        1 2 2 1                    R 27f     3555431410 5 3 3 3   513.0  495.0
 43 2158.376700 1.431E-27 3.903E-01.07490.095 2049.14500.73-.001965        1 1 1 1        1 1 1 0                    Q 21e     3655431810 5 3 3 3   258.0  258.0
 42 2158.378100 3.695E-28 2.702E-03.07650.098 1279.55190.73-.001628        0 2 0 1        0 2 2 0                    R 17e     3655431810 5 3 3 3   222.0  210.0
 43 2158.379410 4.412E-26 6.473E+00.07770.100 1867.12840.73-.001868        0 3 3 1        0 3 3 0                    Q 16f     3655431910 5 3 3 3   198.0  198.0
 43 2158.379460 4.412E-26 6.473E+00.07770.100 1867.12840.73-.001868        0 3 3 1        0 3 3 0                    Q 16e     3655431910 5 3 3 3   198.0  198.0
 41 2158.379670 1.666E-28 1.665E+02.07220.090 4956.24640.77-.001854        1 2 2 2        1 2 2 1                    R 27e     3555431410 5 3 3 3   513.0  495.0
 41 2158.380360 3.632E-28 2.545E-01.06680.076 3583.84240.75-.002221        1 2 2 1        1 2 2 0                    Q 51e     3645431410 5 3 3 3   927.0  927.0
 43 2158.381000 2.719E-27 6.665E-01.07770.100 1972.74100.73-.001868        1 1 1 1        1 1 1 0                    Q 16f     3655431810 5 3 3 3   198.0  198.0
 41 2158.381280 2.186E-27 1.079E+00.06670.076 3515.79980.75-.002226        0 4 4 1        0 4 4 0                    Q 52e     3645431410 5 3 3 3   945.0  945.0
 41 2158.382750 5.283E-28 1.161E-03.06990.084 2326.95600.81-.002129        0 3 1 1        0 3 3 0                    Q 36f     3655431410 5 3 3 3   657.0  657.0
 41 2158.385020 2.186E-27 1.079E+00.06670.076 3515.79800.75-.002226        0 4 4 1        0 4 4 0                    Q 52f     3645431410 5 3 3 3   945.0  945.0
 45 2158.385154 7.735E-28 1.930E+02.07540.096 2962.14250.73-.002219        0 1 1 2        0 1 1 1                    P 20f     3655431310 5 3 3 3  2106.0 2214.0
 45 2158.391530 1.747E-28 8.231E+01.08680.109 2896.39260.71-.001320        0 5 1 1        0 5 1 0                    R  6e     3655431310 5 3 3 3   810.0  702.0
 42 2158.393800 1.039E-23 8.885E+01.08460.107 1174.56630.72-.001384        0 2 0 1        0 2 0 0                    R  8e     3655431810 5 3 3 3   114.0  102.0
 42 2158.401380 4.603E-25 9.004E+01.07220.090 2044.62000.77-.001854        0 3 3 1        0 3 3 0                    R 27e     3655431910 5 3 3 3   342.0  330.0
 42 2158.401910 4.603E-25 9.004E+01.07220.090 2044.62180.77-.001854        0 3 3 1        0 3 3 0                    R 27f     3655431910 5 3 3 3   342.0  330.0
 42 2158.412000 6.436E-26 1.334E-01.06960.084 1165.48450.80-.002136        0 1 1 1        0 1 1 0                    Q 37f     3655431815 5 3 3 3   450.0  450.0
 42 2158.414300 1.625E-25 1.807E+02.08090.104 2232.52010.72-.001471        0 0 0 2        0 0 0 1                    R 11e     3655431810 5 3 3 3   150.0  138.0
 45 2158.417163 1.746E-28 8.230E+01.08680.109 2896.47690.71-.001320        0 5 1 1        0 5 1 0                    R  6f     3655431310 5 3 3 3   810.0  702.0
 42 2158.418300 2.448E-25 8.406E+01.07250.090 2153.02960.76-.001833        1 1 1 1        1 1 1 0                    R 26e     3655431810 5 3 3 3   330.0  318.0
 45 2158.419347 7.746E-28 1.930E+02.07540.096 2961.83280.73-.002219        0 1 1 2        0 1 1 1                    P 20e     3655431310 5 3 3 3  2106.0 2214.0
 45 2158.422000 1.226E-24 9.602E+01.06530.072 1535.65400.72-.002163        0 0 0 1        0 0 0 0                    P 61e     3645431816 5 3 3 3  6534.0 6642.0
 42 2158.422480 5.297E-25 9.055E+01.07250.090 2009.54140.76-.001833        0 3 1 1        0 3 1 0                    R 26f     3655431910 5 3 3 3   330.0  318.0
 45 2158.423769 7.462E-28 8.548E+01.08800.110 2541.62420.71-.001699        2 0 0 1        2 0 0 0                    P  6e     3655431310 5 3 3 3   594.0  702.0
 41 2158.426920 7.585E-28 3.113E+02.08800.110 4434.68570.71-.001699        0 0 0 3        0 0 0 2                    P  6e     3555431410 5 3 3 3    99.0  117.0
 44 2158.427806 2.598E-28 2.762E+00.07090.087 2758.09860.81-.002095        0 4 4 1        0 4 4 0                    Q 32e     3655431310 5 3 3 3   585.0  585.0
 44 2158.427832 2.598E-28 2.762E+00.07090.087 2758.09860.81-.002095        0 4 4 1        0 4 4 0                    Q 32f     3655431310 5 3 3 3   585.0  585.0
 45 2158.429278 1.570E-28 7.352E+01.08570.108 2920.78780.71-.001352        0 5 3 1        0 5 3 0                    R  7f     3655431310 5 3 3 3   918.0  810.0
 45 2158.429413 1.570E-28 7.352E+01.08570.108 2920.78770.71-.001352        0 5 3 1        0 5 3 0                    R  7e     3655431310 5 3 3 3   918.0  810.0
 41 2158.438960 9.540E-26 1.907E+02.08570.108 3403.14680.71-.001845        0 2 2 2        0 2 2 1                    P  8e     3655431410 5 3 3 3   135.0  153.0
 41 2158.439070 9.540E-26 1.907E+02.08570.108 3403.14650.71-.001845        0 2 2 2        0 2 2 1                    P  8f     3655431410 5 3 3 3   135.0  153.0
 41 2158.441080 1.046E-23 9.819E+01.08090.104 2388.18020.72-.002043        0 4 0 1        0 4 0 0                    P 12e     3655431410 5 3 3 3   207.0  225.0
 41 2158.446350 7.180E-27 7.607E+01.07330.092 3997.96460.74-.001790        2 2 0 1        2 2 0 0                    R 24e     3655431410 5 3 3 3   459.0  441.0
 42 2158.448300 2.440E-25 8.405E+01.07250.090 2153.65650.76-.001833        1 1 1 1        1 1 1 0                    R 26f     3655431810 5 3 3 3   330.0  318.0
 41 2158.449370 4.095E-26 8.874E+01.07540.096 3626.56400.73-.001677        0 6 0 1        0 6 0 0                    R 19e     3655431410 5 3 3 3   369.0  351.0
 43 2158.452950 5.726E-28 1.866E+02.07540.096 3497.10660.73-.001677        0 2 2 2        0 2 2 1                    R 19f     3655431910 5 3 3 3   246.0  234.0
 43 2158.454040 5.726E-28 1.866E+02.07540.096 3497.11360.73-.001677        0 2 2 2        0 2 2 1                    R 19e     3655431910 5 3 3 3   246.0  234.0
 41 2158.455900 2.325E-28 8.809E+01.06830.080 4843.67090.78-.002128        0 7 5 1        0 7 5 0                    R 42e     3555431410 5 3 3 3   783.0  765.0
 41 2158.455930 2.325E-28 8.809E+01.06830.080 4843.67100.78-.002128        0 7 5 1        0 7 5 0                    R 42f     3555431410 5 3 3 3   783.0  765.0
 44 2158.456140 1.942E-27 5.615E+01.09220.114 2436.23470.70-.001400        1 2 2 1        1 2 2 0                    P  3f     3655431310 5 3 3 3    45.0   63.0
 44 2158.456144 1.942E-27 5.615E+01.09220.114 2436.23470.70-.001400        1 2 2 1        1 2 2 0                    P  3e     3655431310 5 3 3 3    45.0   63.0
 41 2158.462720 8.901E-28 9.583E-03.07410.094 2563.32170.73-.001995        0 4 0 1        0 4 2 0                    Q 23f     3655431410 5 3 3 3   423.0  423.0
 44 2158.467361 6.433E-28 7.752E+01.07830.101 3105.27360.72-.001552        1 3 3 1        1 3 3 0                    R 14e     3655431310 5 3 3 3   279.0  261.0
 44 2158.467447 6.433E-28 7.752E+01.07830.101 3105.27350.72-.001552        1 3 3 1        1 3 3 0                    R 14f     3655431310 5 3 3 3   279.0  261.0
 41 2158.478820 1.515E-26 8.225E+01.07410.094 3843.56560.73-.001746        1 4 2 1        1 4 2 0                    R 22f     3655431410 5 3 3 3   423.0  405.0
 45 2158.479500 7.863E-25 9.634E+01.06720.077 1582.12690.75-.002203        0 1 1 1        0 1 1 0                    P 49e     3655431815 5 3 3 3  5238.0 5346.0
 43 2158.480900 1.631E-27 4.296E-01.07540.096 2032.20430.73-.001948        1 1 1 1        1 1 1 0                    Q 20e     3655431810 5 3 3 3   246.0  246.0
 43 2158.483470 5.006E-26 7.338E+00.07830.101 1854.12350.72-.001843        0 3 3 1        0 3 3 0                    Q 15f     3655431910 5 3 3 3   186.0  186.0
 43 2158.483500 5.006E-26 7.338E+00.07830.101 1854.12350.72-.001843        0 3 3 1        0 3 3 0                    Q 15e     3655431910 5 3 3 3   186.0  186.0
 41 2158.485770 1.515E-26 8.224E+01.07410.094 3843.60860.73-.001746        1 4 2 1        1 4 2 0                    R 22e     3655431410 5 3 3 3   423.0  405.0
 44 2158.486000 2.099E-24 9.469E+01.07040.086 1640.51400.81-.002253        0 2 2 1        0 2 2 0                    P 34e     3655431810 5 3 3 3   603.0  621.0
 43 2158.488100 9.148E-28 2.209E-01.07190.089 2089.21030.78-.002067        0 3 1 1        0 3 1 0                    Q 29e     3655431810 5 3 3 3   354.0  354.0
 41 2158.489980 6.723E-27 1.731E+02.08570.108 3954.55770.71-.001352        0 3 1 2        0 3 1 1                    R  7e     3655431410 5 3 3 3   153.0  135.0
 41 2158.490420 3.196E-26 8.693E+01.07450.094 3692.44630.73-.001723        0 6 4 1        0 6 4 0                    R 21e     3655431410 5 3 3 3   405.0  387.0
 41 2158.490420 3.196E-26 8.693E+01.07450.094 3692.44630.73-.001723        0 6 4 1        0 6 4 0                    R 21f     3655431410 5 3 3 3   405.0  387.0
 44 2158.491700 2.100E-24 9.470E+01.07040.086 1640.47180.81-.002253        0 2 2 1        0 2 2 0                    P 34f     3655431810 5 3 3 3   603.0  621.0
 43 2158.493830 1.120E-25 9.704E+01.09410.116 1739.08870.70-.001273        0 3 1 1        0 3 1 0                    P  2f     3655431910 5 3 3 3    18.0   30.0
 44 2158.495848 9.257E-27 8.343E+01.08920.111 2317.32710.71-.001612        0 4 2 1        0 4 2 0                    P  5e     3655431310 5 3 3 3    81.0   99.0
 44 2158.495896 9.257E-27 8.343E+01.08920.111 2317.32700.71-.001612        0 4 2 1        0 4 2 0                    P  5f     3655431310 5 3 3 3    81.0   99.0
 43 2158.499610 1.120E-25 9.704E+01.09410.116 1739.08020.70-.001273        0 3 1 1        0 3 1 0                    P  2e     3655431910 5 3 3 3    18.0   30.0
 41 2158.503500 6.142E-27 1.588E+02.08460.107 3978.33240.72-.001384        0 3 3 2        0 3 3 1                    R  8e     3655431410 5 3 3 3   171.0  153.0
 41 2158.503500 6.142E-27 1.588E+02.08460.107 3978.33240.72-.001384        0 3 3 2        0 3 3 1                    R  8f     3655431410 5 3 3 3   171.0  153.0
 41 2158.511450 6.720E-27 1.730E+02.08570.108 3954.63970.71-.001352        0 3 1 2        0 3 1 1                    R  7f     3655431410 5 3 3 3   153.0  135.0
 42 2158.513350 7.640E-28 8.336E+01.06700.077 3463.31310.75-.002231        1 2 2 1        1 2 2 0                    R 49f     3645431910 5 3 3 3   606.0  594.0
 41 2158.513730 6.085E-26 8.319E-03.07090.087 1725.33240.81-.000557        0 6 0 0        1 0 0 0                    P 32e     3655431410 5 3 3 3   567.0  585.0
 43 2158.515300 3.083E-27 7.555E-01.07830.101 1959.80410.72-.001843        1 1 1 1        1 1 1 0                    Q 15f     3655431810 5 3 3 3   186.0  186.0
 41 2158.517960 1.826E-24 1.967E+02.07410.094 3028.17240.73-.002244        0 1 1 2        0 1 1 1                    P 23f     3655431410 5 3 3 3   405.0  423.0
 41 2158.519370 3.839E-28 1.795E+02.07250.090 4792.65520.76-.001833        0 4 2 2        0 4 2 1                    R 26f     3555431410 5 3 3 3   495.0  477.0
 45 2158.528689 5.619E-26 9.518E+01.07410.094 1964.44470.73-.002244        0 3 1 1        0 3 1 0                    P 23f     3655431310 5 3 3 3  2430.0 2538.0
 41 2158.534480 3.837E-28 1.795E+02.07250.090 4792.74560.76-.001833        0 4 2 2        0 4 2 1                    R 26e     3555431410 5 3 3 3   495.0  477.0
 42 2158.545771 2.033E-27 8.966E+01.06720.077 3272.81630.75-.002217        0 4 2 1        0 4 2 0                    R 48f     3655431910 5 3 3 3   594.0  582.0
 42 2158.546500 8.901E-27 8.160E-02.06750.078 1520.03450.76-.002200        0 1 1 1        0 1 1 0                    Q 47e     3655431815 5 3 3 3   570.0  570.0
 43 2158.546800 4.161E-27 5.678E-01.07650.098 1875.74980.73-.001911        0 3 1 1        0 3 1 0                    Q 18f     3655431810 5 3 3 3   222.0  222.0
 43 2158.549065 2.196E-28 8.699E+01.06890.082 3677.31540.79-.002079        1 3 3 1        1 3 3 0                    R 39e     3655431310 5 3 3 3   486.0  474.0
 43 2158.549341 2.196E-28 8.699E+01.06890.082 3677.31840.79-.002079        1 3 3 1        1 3 3 0                    R 39f     3655431310 5 3 3 3   486.0  474.0
 41 2158.554430 1.461E-27 3.405E+00.07490.095 3651.35600.73-.002551        3 3 1 0        0 6 2 0                    R 20f     3655431410 5 3 3 3   387.0  369.0
 41 2158.558750 4.527E-28 8.798E+01.06890.082 4691.65390.79-.002822        1 5 1 1        0 7 1 0                    R 39e     3555431410 5 3 3 3   729.0  711.0
 41 2158.560610 1.830E-24 1.967E+02.07410.094 3027.74400.73-.002244        0 1 1 2        0 1 1 1                    P 23e     3655431410 5 3 3 3   405.0  423.0
 41 2158.563800 1.002E-25 2.660E+01.08800.110 2958.40340.71-.001286        0 5 5 1        0 5 5 0                    R  5e     3655431410 5 3 3 3   117.0   99.0
 41 2158.563800 1.002E-25 2.660E+01.08800.110 2958.40340.71-.001286        0 5 5 1        0 5 5 0                    R  5f     3655431410 5 3 3 3   117.0   99.0
 42 2158.563846 7.619E-28 8.332E+01.06700.077 3463.78470.75-.002231        1 2 2 1        1 2 2 0                    R 49e     3645431310 5 3 3 3   606.0  594.0
 41 2158.570980 3.606E-28 8.795E+01.06870.081 4743.40110.78-.002095        0 7 3 1        0 7 3 0                    R 40e     3555431410 5 3 3 3   747.0  729.0
 45 2158.572100 1.797E-25 8.843E+01.06990.084 1803.95130.81-.002248        1 0 0 1        1 0 0 0                    P 36e     3655431810 5 3 3 3  3834.0 3942.0
 41 2158.573920 4.896E-28 1.798E-03.09410.116 1881.10070.70-.000157        0 7 1 0        1 1 1 0                    R  1e     3655431410 5 3 3 3    45.0   27.0
 43 2158.574700 2.740E-22 9.992E+01.06790.079  837.35370.77-.002218        0 0 0 1        0 0 0 0                    P 45e     3655431816 5 3 3 3   534.0  546.0
 45 2158.578396 1.616E-27 6.792E+01.08680.109 2369.65870.71-.001777        0 4 4 1        0 4 4 0                    P  7f     3655431310 5 3 3 3   702.0  810.0
 45 2158.578522 1.616E-27 6.792E+01.08680.109 2369.65870.71-.001777        0 4 4 1        0 4 4 0                    P  7e     3655431310 5 3 3 3   702.0  810.0
 43 2158.580000 1.856E-27 4.752E-01.07590.097 2016.06990.73-.001930        1 1 1 1        1 1 1 0                    Q 19e     3655431810 5 3 3 3   234.0  234.0
 42 2158.580300 4.893E-27 1.826E+02.07090.087 3151.92140.81-.001934        0 1 1 2        0 1 1 1                    R 31e     3655431910 5 3 3 3   390.0  378.0
 41 2158.580640 4.513E-28 2.611E-03.06830.080 2562.22750.78-.002176        0 3 1 1        0 3 3 0                    Q 43e     3655431410 5 3 3 3   783.0  783.0
 43 2158.581020 5.680E-26 8.389E+00.07910.102 1841.93100.72-.001817        0 3 3 1        0 3 3 0                    Q 14f     3655431910 5 3 3 3   174.0  174.0
 43 2158.581040 5.680E-26 8.389E+00.07910.102 1841.93100.72-.001817        0 3 3 1        0 3 3 0                    Q 14e     3655431910 5 3 3 3   174.0  174.0
 43 2158.581900 1.107E-23 1.007E+02.07700.099 1295.05270.73-.002177        0 2 2 1        0 2 2 0                    P 17e     3655431810 5 3 3 3   198.0  210.0
 45 2158.582763 3.080E-26 8.869E+01.07450.094 2064.24510.73-.002237        1 1 1 1        1 1 1 0                    P 22f     3655431310 5 3 3 3  2322.0 2430.0
 43 2158.582900 1.107E-23 1.007E+02.07700.099 1295.04800.73-.002177        0 2 2 1        0 2 2 0                    P 17f     3655431810 5 3 3 3   198.0  210.0
 41 2158.585600 3.602E-28 8.791E+01.06870.081 4743.49410.78-.002095        0 7 3 1        0 7 3 0                    R 40f     3555431410 5 3 3 3   747.0  729.0
 41 2158.589170 4.900E-28 1.800E-03.09410.116 1881.10250.70-.000157        0 7 1 0        1 1 1 0                    R  1f     3655431410 5 3 3 3    45.0   27.0
 41 2158.594060 4.747E-24 9.140E+01.08200.105 2517.18770.72-.002003        1 2 0 1        1 2 0 0                    P 11e     3655431410 5 3 3 3   189.0  207.0
 43 2158.597800 1.062E-27 2.369E-01.07220.090 2065.71510.77-.002056        0 3 1 1        0 3 1 0                    Q 28e     3655431810 5 3 3 3   342.0  342.0
 44 2158.604226 8.063E-28 1.529E+02.09620.119 2491.97290.69-.001130        2 0 0 1        2 0 0 0                    P  1e     3655431310 5 3 3 3     9.0   27.0
 45 2158.604793 5.639E-26 9.516E+01.07410.094 1963.68140.73-.002244        0 3 1 1        0 3 1 0                    P 23e     3655431310 5 3 3 3  2430.0 2538.0
 45 2158.608324 3.012E-25 9.658E+01.06990.084 1715.86060.81-.002248        0 2 2 1        0 2 2 0                    P 36e     3655431310 5 3 3 3  3834.0 3942.0
 43 2158.610597 6.986E-28 9.228E+01.06960.084 3435.55870.80-.002027        0 5 3 1        0 5 3 0                    R 36e     3655431310 5 3 3 3   450.0  438.0
 41 2158.611630 1.088E-28 8.116E+01.06810.080 4987.80910.77-.001392        0 7 1 1        1 5 1 0                    R 43e     3555431410 5 3 3 3   801.0  783.0
 43 2158.612785 6.985E-28 9.228E+01.06960.084 3435.57070.80-.002027        0 5 3 1        0 5 3 0                    R 36f     3655431310 5 3 3 3   450.0  438.0
 42 2158.615270 4.874E-27 1.826E+02.07090.087 3152.70830.81-.001934        0 1 1 2        0 1 1 1                    R 31f     3655431910 5 3 3 3   390.0  378.0
 45 2158.615634 3.013E-25 9.658E+01.06990.084 1715.78710.81-.002248        0 2 2 1        0 2 2 0                    P 36f     3655431310 5 3 3 3  3834.0 3942.0
 44 2158.620670 3.735E-27 9.800E+01.09220.114 2416.24200.70-.001400        1 2 0 1        1 2 0 0                    P  3e     3655431310 5 3 3 3    45.0   63.0
 45 2158.620974 1.368E-28 6.611E+01.08330.106 2970.79540.72-.001414        0 5 5 1        0 5 5 0                    R  9f     3655431310 5 3 3 3  1134.0 1026.0
 45 2158.621111 1.368E-28 6.611E+01.08330.106 2970.79540.72-.001414        0 5 5 1        0 5 5 0                    R  9e     3655431310 5 3 3 3  1134.0 1026.0
 44 2158.625047 3.034E-28 2.942E+00.07120.088 2732.66860.80-.002086        0 4 4 1        0 4 4 0                    Q 31e     3655431310 5 3 3 3   567.0  567.0
 44 2158.625074 3.034E-28 2.942E+00.07120.088 2732.66860.80-.002086        0 4 4 1        0 4 4 0                    Q 31f     3655431310 5 3 3 3   567.0  567.0
 43 2158.627900 1.645E-28 4.090E-03.07040.086 1653.68450.81-.002113        0 2 0 1        0 2 2 0                    Q 34f     3655431810 5 3 3 3   414.0  414.0
 41 2158.629700 8.627E-28 8.831E-03.07450.094 2543.97670.73-.001980        0 4 0 1        0 4 2 0                    Q 22f     3655431410 5 3 3 3   405.0  405.0
 45 2158.632395 3.086E-26 8.867E+01.07450.094 2063.79510.73-.002237        1 1 1 1        1 1 1 0                    P 22e     3655431310 5 3 3 3  2322.0 2430.0
 41 2158.638610 1.251E-25 6.040E+01.08800.110 3081.29420.71-.001286        1 3 3 1        1 3 3 0                    R  5e     3655431410 5 3 3 3   117.0   99.0
 41 2158.638610 1.251E-25 6.040E+01.08800.110 3081.29420.71-.001286        1 3 3 1        1 3 3 0                    R  5f     3655431410 5 3 3 3   117.0   99.0
 43 2158.641200 3.497E-27 8.636E-01.07910.102 1947.67550.72-.001817        1 1 1 1        1 1 1 0                    Q 14f     3655431810 5 3 3 3   174.0  174.0
 41 2158.646070 1.498E-25 7.506E+01.08920.111 3054.56790.71-.001251        1 3 1 1        1 3 1 0                    R  4e     3655431410 5 3 3 3    99.0   81.0
 41 2158.650400 4.427E-28 8.788E+01.06890.082 4695.97570.79-.002822        1 5 1 1        0 7 1 0                    R 39f     3555431410 5 3 3 3   729.0  711.0
 41 2158.656410 1.061E-28 8.085E+01.06810.080 4992.10930.77-.001392        0 7 1 1        1 5 1 0                    R 43f     3555431410 5 3 3 3   801.0  783.0
 41 2158.658480 1.861E-28 4.335E-03.07290.091 2746.79180.75-.000863        1 6 2 0        1 2 2 0                    R 25e     3655431410 5 3 3 3   477.0  459.0
 43 2158.659090 4.400E-26 9.134E+01.07770.100 2412.23620.73-.001578        0 4 2 1        0 4 2 0                    R 15f     3655431910 5 3 3 3   198.0  186.0
 41 2158.660910 1.498E-25 7.505E+01.08920.111 3054.60030.71-.001251        1 3 1 1        1 3 1 0                    R  4f     3655431410 5 3 3 3    99.0   81.0
 43 2158.661440 4.400E-26 9.134E+01.07770.100 2412.24440.73-.001578        0 4 2 1        0 4 2 0                    R 15e     3655431910 5 3 3 3   198.0  186.0
 42 2158.668600 2.865E-21 9.641E+01.07490.095  193.53200.73-.002229        0 0 0 1        0 0 0 0                    P 21e     3655431816 5 3 3 3   246.0  258.0
 41 2158.669200 6.267E-27 7.728E+01.07290.091 4037.06330.75-.001812        2 2 2 1        2 2 2 0                    R 25f     3555431410 5 3 3 3   477.0  459.0
 42 2158.669620 2.019E-27 8.960E+01.06720.077 3274.06940.75-.002217        0 4 2 1        0 4 2 0                    R 48e     3655431910 5 3 3 3   594.0  582.0
 41 2158.670770 6.263E-27 7.723E+01.07290.091 4037.08060.75-.001812        2 2 2 1        2 2 2 0                    R 25e     3555431410 5 3 3 3   477.0  459.0
 43 2158.672070 6.450E-26 9.683E+00.07990.103 1830.55120.72-.001788        0 3 3 1        0 3 3 0                    Q 13f     3655431910 5 3 3 3   162.0  162.0
 43 2158.672090 6.450E-26 9.683E+00.07990.103 1830.55110.72-.001788        0 3 3 1        0 3 3 0                    Q 13e     3655431910 5 3 3 3   162.0  162.0
 44 2158.672200 1.467E-24 8.629E+01.07070.086 1688.88980.81-.002255        1 0 0 1        1 0 0 0                    P 33e     3655431810 5 3 3 3   585.0  603.0
 43 2158.674200 2.108E-27 5.283E-01.07650.098 2000.74170.73-.001911        1 1 1 1        1 1 1 0                    Q 18e     3655431810 5 3 3 3   222.0  222.0
 44 2158.678300 6.413E-24 9.454E+01.06750.078 1477.84380.76-.002211        0 1 1 1        0 1 1 0                    P 47f     3655431815 5 3 3 3   837.0  855.0
 43 2158.686200 1.315E-26 8.022E+01.07650.098 2657.47380.73-.001628        2 0 0 1        2 0 0 0                    R 17e     3655431810 5 3 3 3   222.0  210.0
 44 2158.689632 1.010E-27 7.646E+01.07910.102 2995.93150.72-.001526        0 5 5 1        0 5 5 0                    R 13e     3655431310 5 3 3 3   261.0  243.0
 44 2158.689639 1.010E-27 7.646E+01.07910.102 2995.93150.72-.001526        0 5 5 1        0 5 5 0                    R 13f     3655431310 5 3 3 3   261.0  243.0
 43 2158.703700 1.230E-27 2.546E-01.07250.090 2043.02890.76-.002045        0 3 1 1        0 3 1 0                    Q 27e     3655431810 5 3 3 3   330.0  330.0
 41 2158.705090 2.870E-28 2.434E-01.06670.076 3626.94280.75-.002226        1 2 2 1        1 2 2 0                    Q 52f     3645431410 5 3 3 3   945.0  945.0
 45 2158.706800 4.764E-27 1.934E+02.07040.086 2699.81280.81-.002253        0 0 0 2        0 0 0 1                    P 34e     3655431810 5 3 3 3  3618.0 3726.0
 41 2158.708720 5.723E-28 1.116E-03.07010.085 2296.69800.81-.002121        0 3 1 1        0 3 3 0                    Q 35f     3655431410 5 3 3 3   639.0  639.0
 43 2158.713100 4.724E-27 6.347E-01.07700.099 1861.10980.73-.001890        0 3 1 1        0 3 1 0                    Q 17f     3655431810 5 3 3 3   210.0  210.0
 42 2158.714600 7.692E-26 1.409E-01.06990.084 1134.44690.81-.002129        0 1 1 1        0 1 1 0                    Q 36f     3655431815 5 3 3 3   438.0  438.0
 41 2158.723500 2.759E-27 1.124E+00.06680.076 3472.09010.75-.002221        0 4 4 1        0 4 4 0                    Q 51e     3645431410 5 3 3 3   927.0  927.0
 41 2158.726740 2.759E-27 1.124E+00.06680.076 3472.08860.75-.002221        0 4 4 1        0 4 4 0                    Q 51f     3645431410 5 3 3 3   927.0  927.0
 41 2158.730090 7.101E-28 2.555E-01.06680.076 3446.60180.75-.002221        0 4 2 1        0 4 2 0                    Q 51e     3645431410 5 3 3 3   927.0  927.0
 41 2158.733050 6.921E-24 8.440E+01.08330.106 2402.58450.72-.001957        0 4 4 1        0 4 4 0                    P 10e     3655431410 5 3 3 3   171.0  189.0
 41 2158.733050 6.921E-24 8.440E+01.08330.106 2402.58450.72-.001957        0 4 4 1        0 4 4 0                    P 10f     3655431410 5 3 3 3   171.0  189.0
 42 2158.740703 1.286E-27 8.974E+01.06680.076 3375.33310.75-.002245        0 4 4 1        0 4 4 0                    R 50f     3645431310 5 3 3 3   618.0  606.0
 42 2158.741412 1.286E-27 8.974E+01.06680.076 3375.33770.75-.002245        0 4 4 1        0 4 4 0                    R 50e     3645431310 5 3 3 3   618.0  606.0
 41 2158.743230 6.474E-23 9.062E+01.07330.092 2152.13560.74-.002253        1 1 1 1        1 1 1 0                    P 25f     3655431410 5 3 3 3   441.0  459.0
 43 2158.744020 8.547E-28 9.143E+01.06990.084 3386.55470.81-.002009        0 5 1 1        0 5 1 0                    R 35e     3655431910 5 3 3 3   438.0  426.0
 45 2158.744874 5.312E-26 9.504E+01.07450.094 1966.31400.73-.002237        0 3 3 1        0 3 3 0                    P 22f     3655431310 5 3 3 3  2322.0 2430.0
 45 2158.745018 5.312E-26 9.504E+01.07450.094 1966.31380.73-.002237        0 3 3 1        0 3 3 0                    P 22e     3655431310 5 3 3 3  2322.0 2430.0
 41 2158.746600 2.924E-28 1.794E+02.07190.089 4862.93630.78-.001875        0 4 4 2        0 4 4 1                    R 28f     3555431410 5 3 3 3   531.0  513.0
 41 2158.746620 2.924E-28 1.794E+02.07190.089 4862.93630.78-.001875        0 4 4 2        0 4 4 1                    R 28e     3555431410 5 3 3 3   531.0  513.0
 41 2158.747340 4.567E-28 2.654E-01.06700.077 3541.22190.75-.002216        1 2 2 1        1 2 2 0                    Q 50e     3645431410 5 3 3 3   909.0  909.0
 41 2158.750700 5.958E-22 9.843E+01.06940.083 1800.09770.80-.002242        0 2 2 1        0 2 2 0                    P 38e     3655431410 5 3 3 3   675.0  693.0
 44 2158.753800 3.453E-25 9.273E+01.07540.096 1896.16960.73-.002219        0 3 1 1        0 3 1 0                    P 20f     3655431810 5 3 3 3   351.0  369.0
 43 2158.756620 7.336E-26 1.130E+01.08090.104 1819.98390.72-.001757        0 3 3 1        0 3 3 0                    Q 12e     3655431910 5 3 3 3   150.0  150.0
 43 2158.756620 7.336E-26 1.130E+01.08090.104 1819.98390.72-.001757        0 3 3 1        0 3 3 0                    Q 12f     3655431910 5 3 3 3   150.0  150.0
 43 2158.758800 3.969E-27 9.967E-01.07990.103 1936.35510.72-.001788        1 1 1 1        1 1 1 0                    Q 13f     3655431810 5 3 3 3   162.0  162.0
 45 2158.761515 1.409E-27 9.117E+01.08680.109 2458.45040.71-.001777        1 2 0 1        1 2 0 0                    P  7e     3655431310 5 3 3 3   702.0  810.0
 41 2158.761990 5.961E-22 9.843E+01.06940.083 1799.97280.80-.002242        0 2 2 1        0 2 2 0                    P 38f     3655431410 5 3 3 3   675.0  693.0
 43 2158.763500 2.393E-27 5.907E-01.07700.099 1986.21980.73-.001890        1 1 1 1        1 1 1 0                    Q 17e     3655431810 5 3 3 3   210.0  210.0
 44 2158.769500 6.461E-24 9.451E+01.06750.078 1476.24410.76-.002211        0 1 1 1        0 1 1 0                    P 47e     3655431815 5 3 3 3   837.0  855.0
 43 2158.769900 2.257E-26 8.610E+01.07700.099 2549.51310.73-.001603        1 2 0 1        1 2 0 0                    R 16e     3655431810 5 3 3 3   210.0  198.0
 43 2158.779380 3.268E-28 1.719E+02.07540.096 3595.58320.73-.001677        1 0 0 2        1 0 0 1                    R 19e     3655431910 5 3 3 3   246.0  234.0
 42 2158.780600 1.102E-26 8.525E-02.06770.079 1480.71240.76-.002194        0 1 1 1        0 1 1 0                    Q 46e     3655431815 5 3 3 3   558.0  558.0
 44 2158.782975 1.068E-28 1.032E+00.07330.092 2688.43130.74-.002022        1 2 2 1        1 2 2 0                    Q 25e     3655431310 5 3 3 3   459.0  459.0
 45 2158.785737 2.819E-27 9.213E+01.08570.108 2347.29760.71-.001845        0 4 2 1        0 4 2 0                    P  8e     3655431310 5 3 3 3   810.0  918.0
 45 2158.785890 2.819E-27 9.213E+01.08570.108 2347.29700.71-.001845        0 4 2 1        0 4 2 0                    P  8f     3655431310 5 3 3 3   810.0  918.0
 41 2158.788810 8.274E-28 8.102E-03.07490.095 2525.47190.73-.001965        0 4 0 1        0 4 2 0                    Q 21f     3655431410 5 3 3 3   387.0  387.0
 41 2158.789870 1.759E-28 1.653E+02.07220.090 4943.58430.77-.001854        1 2 0 2        1 2 0 1                    R 27e     3555431410 5 3 3 3   513.0  495.0
 42 2158.791720 3.496E-28 7.643E+01.06680.076 3610.29790.75-.002245        2 0 0 1        2 0 0 0                    R 50e     3645431910 5 3 3 3   618.0  606.0
 44 2158.792400 2.218E-24 9.345E+01.07040.086 1626.42190.81-.002253        0 2 0 1        0 2 0 0                    P 34e     3655431810 5 3 3 3   603.0  621.0
 44 2158.798421 7.528E-28 7.757E+01.07830.101 3072.98160.72-.001552        1 3 1 1        1 3 1 0                    R 14e     3655431310 5 3 3 3   279.0  261.0
 44 2158.800558 1.068E-28 1.032E+00.07330.092 2688.42230.74-.002022        1 2 2 1        1 2 2 0                    Q 25f     3655431310 5 3 3 3   459.0  459.0
 41 2158.803190 6.490E-23 9.059E+01.07330.092 2151.54390.74-.002253        1 1 1 1        1 1 1 0                    P 25e     3655431410 5 3 3 3   441.0  459.0
 43 2158.805700 1.420E-27 2.743E-01.07290.091 2021.15180.75-.002034        0 3 1 1        0 3 1 0                    Q 26e     3655431810 5 3 3 3   318.0  318.0
 41 2158.806390 1.168E-26 8.228E+01.07330.092 3913.89800.74-.001790        1 4 4 1        1 4 4 0                    R 24f     3655431410 5 3 3 3   459.0  441.0
 41 2158.806400 1.168E-26 8.228E+01.07330.092 3913.89800.74-.001790        1 4 4 1        1 4 4 0                    R 24e     3655431410 5 3 3 3   459.0  441.0
 42 2158.811700 1.037E-23 8.598E+01.08330.106 1188.83260.72-.001414        0 2 2 1        0 2 2 0                    R  9f     3655431810 5 3 3 3   126.0  114.0
 42 2158.812400 1.037E-23 8.598E+01.08330.106 1188.83300.72-.001414        0 2 2 1        0 2 2 0                    R  9e     3655431810 5 3 3 3   126.0  114.0
 44 2158.813100 3.461E-25 9.271E+01.07540.096 1895.63030.73-.002219        0 3 1 1        0 3 1 0                    P 20e     3655431810 5 3 3 3   351.0  369.0
 44 2158.816129 3.534E-28 3.140E+00.07150.088 2708.03200.79-.002077        0 4 4 1        0 4 4 0                    Q 30e     3655431310 5 3 3 3   549.0  549.0
 44 2158.816154 3.534E-28 3.140E+00.07150.088 2708.03200.79-.002077        0 4 4 1        0 4 4 0                    Q 30f     3655431310 5 3 3 3   549.0  549.0
 43 2158.817090 8.500E-28 9.205E+01.06990.084 3389.06520.81-.002009        0 5 1 1        0 5 1 0                    R 35f     3655431910 5 3 3 3   438.0  426.0
 42 2158.817820 2.108E-27 8.965E+01.06720.077 3265.26310.75-.002217        0 4 0 1        0 4 0 0                    R 48e     3655431910 5 3 3 3   594.0  582.0
 41 2158.823520 1.056E-28 2.282E-04.06680.076 2390.25240.75-.000395        0 6 2 0        1 0 0 0                    P 51e     3645431410 5 3 3 3   909.0  927.0
 41 2158.823690 3.642E-26 8.492E+01.07490.095 3651.35600.73-.001700        0 6 2 1        0 6 2 0                    R 20f     3655431410 5 3 3 3   387.0  369.0
 41 2158.826010 3.584E-27 7.096E+01.07220.090 4149.39420.77-.001854        3 0 0 1        3 0 0 0                    R 27e     3555431410 5 3 3 3   513.0  495.0
 43 2158.827406 2.794E-28 8.506E+01.06920.083 3617.99800.79-.002062        1 3 1 1        1 3 1 0                    R 38e     3655431310 5 3 3 3   474.0  462.0
 41 2158.828170 3.781E-26 8.820E+01.07490.095 3651.42360.73-.001700        0 6 2 1        0 6 2 0                    R 20e     3655431410 5 3 3 3   387.0  369.0
 44 2158.832151 7.515E-28 7.755E+01.07830.101 3073.27700.72-.001552        1 3 1 1        1 3 1 0                    R 14f     3655431310 5 3 3 3   279.0  261.0
 43 2158.834660 8.365E-26 1.336E+01.08200.105 1810.22940.72-.001723        0 3 3 1        0 3 3 0                    Q 11e     3655431910 5 3 3 3   138.0  138.0
 43 2158.834660 8.365E-26 1.336E+01.08200.105 1810.22940.72-.001723        0 3 3 1        0 3 3 0                    Q 11f     3655431910 5 3 3 3   138.0  138.0
 43 2158.836950 2.405E-27 3.572E-02.07910.102 1354.57030.72-.000634        0 6 0 0        1 0 0 0                    P 14e     3655431910 5 3 3 3   162.0  174.0
 44 2158.844261 1.154E-26 9.842E+01.08920.111 2305.92090.71-.001612        0 4 0 1        0 4 0 0                    P  5e     3655431310 5 3 3 3    81.0   99.0
 42 2158.847640 7.966E-28 8.312E+01.06700.077 3454.06570.75-.002231        1 2 0 1        1 2 0 0                    R 49e     3645431910 5 3 3 3   606.0  594.0
 43 2158.847700 2.715E-27 6.649E-01.07770.100 1972.50440.73-.001868        1 1 1 1        1 1 1 0                    Q 16e     3655431810 5 3 3 3   198.0  198.0
 41 2158.850250 4.988E-28 2.479E-03.06850.081 2526.10280.78-.002170        0 3 1 1        0 3 3 0                    Q 42e     3655431410 5 3 3 3   765.0  765.0
 41 2158.851840 1.599E-26 8.235E+01.07410.094 3832.75190.73-.001746        1 4 0 1        1 4 0 0                    R 22e     3655431410 5 3 3 3   423.0  405.0
 41 2158.860300 2.549E-24 8.480E+01.08330.106 2609.05410.72-.001957        2 0 0 1        2 0 0 0                    P 10e     3655431410 5 3 3 3   171.0  189.0
 41 2158.863740 1.058E-25 2.023E+02.08570.108 3393.96810.71-.001845        0 2 0 2        0 2 0 1                    P  8e     3655431410 5 3 3 3   135.0  153.0
 43 2158.866130 1.031E-28 8.079E+01.06850.081 3827.47820.78-.002112        2 1 1 1        2 1 1 0                    R 41e     3655431910 5 3 3 3   510.0  498.0
 43 2158.868100 4.513E-27 1.163E+00.08090.104 1925.84320.72-.001757        1 1 1 1        1 1 1 0                    Q 12f     3655431810 5 3 3 3   150.0  150.0
 43 2158.870300 5.359E-27 7.141E-01.07770.100 1847.28250.73-.001868        0 3 1 1        0 3 1 0                    Q 16f     3655431810 5 3 3 3   198.0  198.0
 43 2158.875500 1.732E-28 3.880E-03.07070.086 1626.10650.81-.002104        0 2 0 1        0 2 2 0                    Q 33f     3655431810 5 3 3 3   402.0  402.0
 43 2158.877040 2.785E-28 8.571E+01.06920.083 3620.21680.79-.002062        1 3 1 1        1 3 1 0                    R 38f     3655431910 5 3 3 3   474.0  462.0
 43 2158.878110 2.079E-26 8.632E+01.07650.098 2578.37670.73-.001628        1 2 2 1        1 2 2 0                    R 17f     3655431910 5 3 3 3   222.0  210.0
 43 2158.878930 2.079E-26 8.632E+01.07650.098 2578.38030.73-.001628        1 2 2 1        1 2 2 0                    R 17e     3655431910 5 3 3 3   222.0  210.0
 43 2158.885890 6.040E-28 1.871E+02.07540.096 3486.62830.73-.001677        0 2 0 2        0 2 0 1                    R 19e     3655431910 5 3 3 3   246.0  234.0
 41 2158.889710 1.100E-26 6.862E-04.07190.089 1543.16110.78-.002259        0 2 0 1        0 2 2 0                    P 29e     3655431410 5 3 3 3   513.0  531.0
 43 2158.892600 1.022E-28 8.081E+01.06850.081 3829.31850.78-.002112        2 1 1 1        2 1 1 0                    R 41f     3655431910 5 3 3 3   510.0  498.0
 41 2158.897890 4.002E-28 1.798E+02.07250.090 4784.31060.76-.001833        0 4 0 2        0 4 0 1                    R 26e     3555431410 5 3 3 3   495.0  477.0
 45 2158.899982 1.089E-28 7.865E+01.08330.106 3053.44860.72-.001414        1 3 1 1        1 3 1 0                    R  9e     3655431310 5 3 3 3  1134.0 1026.0
 43 2158.901436 4.064E-28 9.279E+01.06890.082 3563.94300.79-.002079        0 5 5 1        0 5 5 0                    R 39e     3655431310 5 3 3 3   486.0  474.0
 43 2158.901439 4.064E-28 9.279E+01.06890.082 3563.94300.79-.002079        0 5 5 1        0 5 5 0                    R 39f     3655431310 5 3 3 3   486.0  474.0
 43 2158.901496 3.706E-26 8.959E+01.07650.098 2467.03850.73-.001628        0 4 4 1        0 4 4 0                    R 17e     3655431310 5 3 3 3   222.0  210.0
 43 2158.901505 3.706E-26 8.959E+01.07650.098 2467.03850.73-.001628        0 4 4 1        0 4 4 0                    R 17f     3655431310 5 3 3 3   222.0  210.0
 43 2158.903900 1.636E-27 2.964E-01.07330.092 2000.08390.74-.002022        0 3 1 1        0 3 1 0                    Q 25e     3655431810 5 3 3 3   306.0  306.0
 43 2158.906200 9.574E-26 1.603E+01.08330.106 1801.28750.72-.001685        0 3 3 1        0 3 3 0                    Q 10f     3655431910 5 3 3 3   126.0  126.0
 43 2158.906210 9.574E-26 1.603E+01.08330.106 1801.28750.72-.001685        0 3 3 1        0 3 3 0                    Q 10e     3655431910 5 3 3 3   126.0  126.0
 41 2158.910390 5.121E-28 8.648E-03.07490.095 2637.57580.73-.000107        0 8 0 0        1 2 0 0                    R 20e     3655431410 5 3 3 3   387.0  369.0
 41 2158.922890 2.181E-21 9.799E+01.06520.072 1633.96920.72-.002160        0 0 0 1        0 0 0 0                    P 62e     3645431416 5 3 3 3  1107.0 1125.0
 45 2158.925851 1.088E-28 7.864E+01.08330.106 3053.58440.72-.001414        1 3 1 1        1 3 1 0                    R  9f     3655431310 5 3 3 3  1134.0 1026.0
 43 2158.927200 3.079E-27 7.540E-01.07830.101 1959.59530.72-.001843        1 1 1 1        1 1 1 0                    Q 15e     3655431810 5 3 3 3   186.0  186.0
 44 2158.934925 4.331E-28 7.409E+01.07650.098 3213.63850.73-.001628        2 1 1 1        2 1 1 0                    R 17e     3655431310 5 3 3 3   333.0  315.0
 41 2158.940090 7.847E-28 7.398E-03.07540.096 2507.80750.73-.001948        0 4 0 1        0 4 2 0                    Q 20f     3655431410 5 3 3 3   369.0  369.0
 44 2158.942205 1.224E-28 1.118E+00.07360.093 2668.67070.74-.002009        1 2 2 1        1 2 2 0                    Q 24e     3655431310 5 3 3 3   441.0  441.0
 41 2158.950450 1.066E-25 7.326E+01.08680.109 3183.31870.71-.001320        2 1 1 1        2 1 1 0                    R  6e     3655431410 5 3 3 3   135.0  117.0
 41 2158.952560 9.373E-24 9.574E+01.08200.105 2386.66270.72-.002003        0 4 2 1        0 4 2 0                    P 11e     3655431410 5 3 3 3   189.0  207.0
 41 2158.953550 9.373E-24 9.574E+01.08200.105 2386.65940.72-.002003        0 4 2 1        0 4 2 0                    P 11f     3655431410 5 3 3 3   189.0  207.0
 41 2158.955900 2.244E-26 8.600E+01.07330.092 3788.65860.74-.001790        0 6 6 1        0 6 6 0                    R 24e     3655431410 5 3 3 3   459.0  441.0
 41 2158.955900 2.244E-26 8.600E+01.07330.092 3788.65860.74-.001790        0 6 6 1        0 6 6 0                    R 24f     3655431410 5 3 3 3   459.0  441.0
 44 2158.957475 1.224E-28 1.118E+00.07360.093 2668.66280.74-.002009        1 2 2 1        1 2 2 0                    Q 24f     3655431310 5 3 3 3   441.0  441.0
 41 2158.963610 1.066E-25 7.326E+01.08680.109 3183.36380.71-.001320        2 1 1 1        2 1 1 0                    R  6f     3655431410 5 3 3 3   135.0  117.0
 43 2158.968700 5.144E-27 1.375E+00.08200.105 1916.13970.72-.001723        1 1 1 1        1 1 1 0                    Q 11f     3655431810 5 3 3 3   138.0  138.0
 44 2158.968728 4.324E-28 7.409E+01.07650.098 3213.97720.73-.001628        2 1 1 1        2 1 1 0                    R 17f     3655431310 5 3 3 3   333.0  315.0
 43 2158.971240 1.102E-25 1.960E+01.08460.107 1793.15840.72-.001644        0 3 3 1        0 3 3 0                    Q  9e     3655431910 5 3 3 3   114.0  114.0
 43 2158.971240 1.102E-25 1.960E+01.08460.107 1793.15840.72-.001644        0 3 3 1        0 3 3 0                    Q  9f     3655431910 5 3 3 3   114.0  114.0
 41 2158.981200 3.592E-27 1.613E+02.08460.107 4091.79030.72-.001384        1 1 1 2        1 1 1 1                    R  8e     3555431410 5 3 3 3   171.0  153.0
 41 2158.989370 4.113E-24 8.914E+01.08330.106 2520.83560.72-.001957        1 2 2 1        1 2 2 0                    P 10e     3655431410 5 3 3 3   171.0  189.0
 41 2158.989590 4.113E-24 8.914E+01.08330.106 2520.83500.72-.001957        1 2 2 1        1 2 2 0                    P 10f     3655431410 5 3 3 3   171.0  189.0
 41 2158.991870 1.229E-28 1.862E-01.06570.073 3768.49290.73-.002253        0 4 2 1        0 4 2 0                    Q 58f     3645431410 5 3 3 3  1053.0 1053.0
 41 2158.995140 3.591E-27 1.613E+02.08460.107 4091.85400.72-.001384        1 1 1 2        1 1 1 1                    R  8f     3555431410 5 3 3 3   171.0  153.0
 43 2158.998400 1.880E-27 3.213E-01.07360.093 1979.82530.74-.002009        0 3 1 1        0 3 1 0                    Q 24e     3655431810 5 3 3 3   294.0  294.0
 44 2159.001050 4.105E-28 3.359E+00.07190.089 2684.18900.78-.002067        0 4 4 1        0 4 4 0                    Q 29e     3655431310 5 3 3 3   531.0  531.0
 44 2159.001073 4.105E-28 3.359E+00.07190.089 2684.18900.78-.002067        0 4 4 1        0 4 4 0                    Q 29f     3655431310 5 3 3 3   531.0  531.0
 43 2159.001600 3.492E-27 8.621E-01.07910.102 1947.49280.72-.001817        1 1 1 1        1 1 1 0                    Q 14e     3655431810 5 3 3 3   174.0  174.0
 44 2159.002200 3.500E-26 1.892E+02.07120.088 2605.76760.80-.002258        0 0 0 2        0 0 0 1                    P 31e     3655431810 5 3 3 3   549.0  567.0
 41 2159.008010 1.542E-28 1.667E+02.07190.089 4979.45050.78-.001875        1 2 2 2        1 2 2 1                    R 28f     3555431410 5 3 3 3   531.0  513.0
 42 2159.008900 9.162E-26 1.490E-01.07010.085 1104.24630.81-.002121        0 1 1 1        0 1 1 0                    Q 35f     3655431815 5 3 3 3   426.0  426.0
 42 2159.009800 1.359E-26 8.914E-02.06790.079 1442.22390.77-.002188        0 1 1 1        0 1 1 0                    Q 45e     3655431815 5 3 3 3   546.0  546.0
 41 2159.012280 1.542E-28 1.667E+02.07190.089 4979.48400.78-.001875        1 2 2 2        1 2 2 1                    R 28e     3555431410 5 3 3 3   531.0  513.0
 42 2159.013560 6.360E-28 8.339E+01.06680.076 3505.05200.75-.002245        1 2 2 1        1 2 2 0                    R 50f     3645431910 5 3 3 3   618.0  606.0
 41 2159.017990 1.996E-28 8.820E+01.06810.080 4879.91840.77-.002143        0 7 5 1        0 7 5 0                    R 43e     3555431410 5 3 3 3   801.0  783.0
 41 2159.018010 1.996E-28 8.820E+01.06810.080 4879.91850.77-.002143        0 7 5 1        0 7 5 0                    R 43f     3555431410 5 3 3 3   801.0  783.0
 43 2159.018200 6.077E-27 8.094E-01.07830.101 1834.26820.72-.001843        0 3 1 1        0 3 1 0                    Q 15f     3655431810 5 3 3 3   186.0  186.0
 42 2159.021730 4.949E-25 9.070E+01.07220.090 2031.08520.77-.001854        0 3 1 1        0 3 1 0                    R 27e     3655431910 5 3 3 3   342.0  330.0
 41 2159.025170 6.156E-28 1.071E-03.07040.086 2267.27890.81-.002113        0 3 1 1        0 3 3 0                    Q 34f     3655431410 5 3 3 3   621.0  621.0
 42 2159.026600 1.142E-22 9.999E+01.08800.110  593.06990.71-.001699        0 1 1 1        0 1 1 0                    P  6f     3655431815 5 3 3 3    66.0   78.0
 43 2159.029770 1.277E-25 2.451E+01.08570.108 1785.84220.71-.001598        0 3 3 1        0 3 3 0                    Q  8e     3655431910 5 3 3 3   102.0  102.0
 43 2159.029770 1.277E-25 2.451E+01.08570.108 1785.84220.71-.001598        0 3 3 1        0 3 3 0                    Q  8f     3655431910 5 3 3 3   102.0  102.0
 41 2159.032210 3.623E-28 2.537E-01.06680.076 3583.51370.75-.002221        1 2 2 1        1 2 2 0                    Q 51f     3645431410 5 3 3 3   927.0  927.0
 42 2159.036800 1.142E-22 9.999E+01.08800.110  593.03590.71-.001699        0 1 1 1        0 1 1 0                    P  6e     3655431815 5 3 3 3    66.0   78.0
 44 2159.045031 1.406E-27 8.290E+01.08090.104 2913.88130.72-.001471        0 5 1 1        0 5 1 0                    R 11e     3655431310 5 3 3 3   225.0  207.0
 42 2159.046600 4.972E-24 8.230E+01.08460.107 1310.38640.72-.001384        1 0 0 1        1 0 0 0                    R  8e     3655431810 5 3 3 3   114.0  102.0
 45 2159.051900 3.170E-25 9.598E+01.06990.084 1703.92470.81-.002248        0 2 0 1        0 2 0 0                    P 36e     3655431810 5 3 3 3  3834.0 3942.0
 42 2159.054600 4.256E-25 9.023E+01.07190.089 2068.15720.78-.001875        0 3 3 1        0 3 3 0                    R 28e     3655431910 5 3 3 3   354.0  342.0
 42 2159.055230 4.256E-25 9.023E+01.07190.089 2068.15950.78-.001875        0 3 3 1        0 3 3 0                    R 28f     3655431910 5 3 3 3   354.0  342.0
 41 2159.059130 3.470E-27 1.170E+00.06700.077 3429.21750.75-.002216        0 4 4 1        0 4 4 0                    Q 50e     3645431410 5 3 3 3   909.0  909.0
 43 2159.061100 5.886E-27 1.650E+00.08330.106 1907.24460.72-.001685        1 1 1 1        1 1 1 0                    Q 10f     3655431810 5 3 3 3   126.0  126.0
 41 2159.061930 3.470E-27 1.170E+00.06700.077 3429.21610.75-.002216        0 4 4 1        0 4 4 0                    Q 50f     3645431410 5 3 3 3   909.0  909.0
 42 2159.063763 1.699E-27 8.971E+01.06700.077 3313.94810.75-.002231        0 4 2 1        0 4 2 0                    R 49f     3645431910 5 3 3 3   606.0  594.0
 42 2159.065491 6.342E-28 8.336E+01.06680.076 3505.55950.75-.002245        1 2 2 1        1 2 2 0                    R 50e     3645431310 5 3 3 3   618.0  606.0
 41 2159.067200 2.638E-25 7.731E+01.09060.112 2902.85170.70-.001214        0 5 1 1        0 5 1 0                    R  3e     3655431410 5 3 3 3    81.0   63.0
 42 2159.067500 2.276E-25 8.418E+01.07220.090 2175.54830.77-.001854        1 1 1 1        1 1 1 0                    R 27e     3655431810 5 3 3 3   342.0  330.0
 44 2159.070011 4.386E-27 1.894E+02.07770.100 2893.97520.73-.002157        0 1 1 2        0 1 1 1                    P 16f     3655431310 5 3 3 3   279.0  297.0
 43 2159.071100 3.965E-27 9.951E-01.07990.103 1936.19680.72-.001788        1 1 1 1        1 1 1 0                    Q 13e     3655431810 5 3 3 3   162.0  162.0
 44 2159.071977 1.268E-27 8.047E+01.07990.103 2944.79640.72-.001499        0 5 3 1        0 5 3 0                    R 12e     3655431310 5 3 3 3   243.0  225.0
 44 2159.071986 1.268E-27 8.047E+01.07990.103 2944.79640.72-.001499        0 5 3 1        0 5 3 0                    R 12f     3655431310 5 3 3 3   243.0  225.0
 43 2159.076480 4.662E-26 9.243E+01.07770.100 2402.67060.73-.001578        0 4 0 1        0 4 0 0                    R 15e     3655431910 5 3 3 3   198.0  186.0
 43 2159.081810 1.495E-25 3.151E+01.08680.109 1779.33870.71-.001548        0 3 3 1        0 3 3 0                    Q  7e     3655431910 5 3 3 3    90.0   90.0
 43 2159.081810 1.495E-25 3.151E+01.08680.109 1779.33870.71-.001548        0 3 3 1        0 3 3 0                    Q  7f     3655431910 5 3 3 3    90.0   90.0
 42 2159.081870 4.919E-25 9.068E+01.07220.090 2032.26410.77-.001854        0 3 1 1        0 3 1 0                    R 27f     3655431910 5 3 3 3   342.0  330.0
 43 2159.083200 1.176E-23 1.015E+02.07700.099 1284.09900.73-.002177        0 2 0 1        0 2 0 0                    P 17e     3655431810 5 3 3 3   198.0  210.0
 44 2159.083397 1.404E-27 8.288E+01.08090.104 2914.12560.72-.001471        0 5 1 1        0 5 1 0                    R 11f     3655431310 5 3 3 3   225.0  207.0
 41 2159.083620 2.638E-25 7.730E+01.09060.112 2902.87780.70-.001214        0 5 1 1        0 5 1 0                    R  3f     3655431410 5 3 3 3    81.0   63.0
 41 2159.083640 7.356E-28 6.719E-03.07590.097 2490.98350.73-.001930        0 4 0 1        0 4 2 0                    Q 19f     3655431410 5 3 3 3   351.0  351.0
 42 2159.085000 4.150E-28 3.100E-03.07590.097 1294.67080.73-.001653        0 2 0 1        0 2 2 0                    R 18e     3655431810 5 3 3 3   234.0  222.0
 43 2159.088900 2.155E-27 3.495E-01.07410.094 1960.37620.73-.001995        0 3 1 1        0 3 1 0                    Q 23e     3655431810 5 3 3 3   282.0  282.0
 43 2159.090669 1.924E-28 8.708E+01.06870.081 3709.68770.78-.002095        1 3 3 1        1 3 3 0                    R 40f     3655431310 5 3 3 3   498.0  486.0
 44 2159.094135 4.390E-27 1.893E+02.07770.100 2893.78470.73-.002157        0 1 1 2        0 1 1 1                    P 16e     3655431310 5 3 3 3   279.0  297.0
 44 2159.095179 1.400E-28 1.216E+00.07410.094 2649.69970.73-.001995        1 2 2 1        1 2 2 0                    Q 23e     3655431310 5 3 3 3   423.0  423.0
 42 2159.098000 2.268E-25 8.417E+01.07220.090 2176.22350.77-.001854        1 1 1 1        1 1 1 0                    R 27f     3655431810 5 3 3 3   342.0  330.0
 41 2159.100430 6.748E-27 7.616E+01.07290.091 4018.76640.75-.001812        2 2 0 1        2 2 0 0                    R 25e     3555431410 5 3 3 3   477.0  459.0
 41 2159.106040 5.492E-26 1.853E+02.08570.108 3510.61090.71-.001845        1 0 0 2        1 0 0 1                    P  8e     3655431410 5 3 3 3   135.0  153.0
 41 2159.106500 5.722E-28 2.770E-01.06720.077 3499.43430.75-.002210        1 2 2 1        1 2 2 0                    Q 49e     3655431410 5 3 3 3   891.0  891.0
 43 2159.106529 1.924E-28 8.708E+01.06870.081 3709.66760.78-.002095        1 3 3 1        1 3 3 0                    R 40e     3655431310 5 3 3 3   498.0  486.0
 44 2159.108060 1.400E-28 1.216E+00.07410.094 2649.69310.73-.001995        1 2 2 1        1 2 2 0                    Q 23f     3655431310 5 3 3 3   423.0  423.0
 41 2159.112860 5.483E-28 2.351E-03.06870.081 2490.81570.78-.002164        0 3 1 1        0 3 3 0                    Q 41e     3655431410 5 3 3 3   747.0  747.0
 43 2159.115300 1.811E-28 3.673E-03.07090.087 1599.33810.81-.002095        0 2 0 1        0 2 2 0                    Q 32f     3655431810 5 3 3 3   390.0  390.0
 43 2159.119190 5.565E-28 1.871E+02.07490.095 3513.20760.73-.001700        0 2 2 2        0 2 2 1                    R 20f     3655431910 5 3 3 3   258.0  246.0
 43 2159.120370 5.565E-28 1.871E+02.07490.095 3513.21620.73-.001700        0 2 2 2        0 2 2 1                    R 20e     3655431910 5 3 3 3   258.0  246.0
 44 2159.124800 1.183E-23 9.423E+01.06560.073 1398.36140.73-.002169        0 0 0 1        0 0 0 0                    P 59e     3645431816 5 3 3 3  1053.0 1071.0
 43 2159.127330 1.776E-25 4.202E+01.08800.110 1773.64820.71-.001493        0 3 3 1        0 3 3 0                    Q  6e     3655431910 5 3 3 3    78.0   78.0
 43 2159.127330 1.776E-25 4.202E+01.08800.110 1773.64820.71-.001493        0 3 3 1        0 3 3 0                    Q  6f     3655431910 5 3 3 3    78.0   78.0
 44 2159.130041 3.155E-25 9.295E+01.07590.097 1904.30760.73-.002207        0 3 3 1        0 3 3 0                    P 19f     3655431310 5 3 3 3   333.0  351.0
 44 2159.130045 3.155E-25 9.295E+01.07590.097 1904.30760.73-.002207        0 3 3 1        0 3 3 0                    P 19e     3655431310 5 3 3 3   333.0  351.0
 43 2159.130900 6.417E-24 9.414E+01.07700.099 1393.27570.73-.002177        1 0 0 1        1 0 0 0                    P 17e     3655431810 5 3 3 3   198.0  210.0
 41 2159.131570 1.306E-22 9.750E+01.07330.092 2022.67450.74-.002253        0 3 1 1        0 3 1 0                    P 25f     3655431410 5 3 3 3   441.0  459.0
 43 2159.135600 4.509E-27 1.161E+00.08090.104 1925.70750.72-.001757        1 1 1 1        1 1 1 0                    Q 12e     3655431810 5 3 3 3   150.0  150.0
 41 2159.135830 3.942E-28 8.804E+01.06870.081 4725.17950.78-.002841        1 5 1 1        0 7 1 0                    R 40e     3555431410 5 3 3 3   747.0  729.0
 41 2159.139410 8.971E-28 2.673E-01.06700.077 3403.72330.75-.002216        0 4 2 1        0 4 2 0                    Q 50e     3645431410 5 3 3 3   909.0  909.0
 41 2159.143880 3.123E-28 8.802E+01.06850.081 4777.93450.78-.002112        0 7 3 1        0 7 3 0                    R 41e     3555431410 5 3 3 3   765.0  747.0
 43 2159.145000 6.735E-27 2.007E+00.08460.107 1899.15810.72-.001644        1 1 1 1        1 1 1 0                    Q  9f     3655431810 5 3 3 3   114.0  114.0
 41 2159.145120 2.059E-25 5.431E+01.08920.111 2922.46840.71-.001251        0 5 3 1        0 5 3 0                    R  4e     3655431410 5 3 3 3    99.0   81.0
 41 2159.145120 2.059E-25 5.431E+01.08920.111 2922.46840.71-.001251        0 5 3 1        0 5 3 0                    R  4f     3655431410 5 3 3 3    99.0   81.0
 41 2159.148980 6.078E-26 7.543E-03.07120.088 1698.65070.80-.000566        0 6 0 0        1 0 0 0                    P 31e     3655431410 5 3 3 3   549.0  567.0
 43 2159.152500 9.108E-23 1.007E+02.07120.088  987.68290.80-.002258        0 1 1 1        0 1 1 0                    P 31f     3655431815 5 3 3 3   366.0  378.0
 41 2159.153510 3.962E-26 8.890E+01.07490.095 3643.39240.73-.001700        0 6 0 1        0 6 0 0                    R 20e     3655431410 5 3 3 3   387.0  369.0
 45 2159.155840 1.951E-28 8.348E+01.08570.108 2902.09570.71-.001352        0 5 1 1        0 5 1 0                    R  7e     3655431310 5 3 3 3   918.0  810.0
 43 2159.156900 6.894E-27 9.251E-01.07910.102 1822.06690.72-.001817        0 3 1 1        0 3 1 0                    Q 14f     3655431810 5 3 3 3   174.0  174.0
 41 2159.157240 1.441E-26 8.243E+01.07360.093 3862.83080.74-.001768        1 4 2 1        1 4 2 0                    R 23f     3655431410 5 3 3 3   441.0  423.0
 42 2159.158600 1.677E-25 1.814E+02.07990.103 2242.49450.72-.001499        0 0 0 2        0 0 0 1                    R 12e     3655431810 5 3 3 3   162.0  150.0
 44 2159.159096 6.510E-28 7.813E+01.07770.100 3117.14950.73-.001578        1 3 3 1        1 3 3 0                    R 15f     3655431310 5 3 3 3   297.0  279.0
 44 2159.159100 6.510E-28 7.813E+01.07770.100 3117.14950.73-.001578        1 3 3 1        1 3 3 0                    R 15e     3655431310 5 3 3 3   297.0  279.0
 43 2159.159156 6.200E-28 9.239E+01.06940.083 3465.64360.80-.002044        0 5 3 1        0 5 3 0                    R 37e     3655431910 5 3 3 3   462.0  450.0
 41 2159.160260 3.120E-28 8.799E+01.06850.081 4778.04140.78-.002112        0 7 3 1        0 7 3 0                    R 41f     3555431410 5 3 3 3   765.0  747.0
 41 2159.164280 1.414E-28 2.536E-04.06700.077 2347.78360.75-.000403        0 6 2 0        1 0 0 0                    P 50e     3645431410 5 3 3 3   891.0  909.0
 41 2159.165050 1.440E-26 8.242E+01.07360.093 3862.88190.74-.001768        1 4 2 1        1 4 2 0                    R 23e     3655431410 5 3 3 3   441.0  423.0
 41 2159.165570 1.614E-28 1.534E-03.07540.096 2499.16420.73-.002219        0 4 2 1        0 4 0 0                    P 20e     3655431410 5 3 3 3   351.0  369.0
 43 2159.166350 2.155E-25 5.884E+01.08920.111 1768.77050.71-.001431        0 3 3 1        0 3 3 0                    Q  5e     3655431910 5 3 3 3    66.0   66.0
 43 2159.166350 2.155E-25 5.884E+01.08920.111 1768.77050.71-.001431        0 3 3 1        0 3 3 0                    Q  5f     3655431910 5 3 3 3    66.0   66.0
 41 2159.166660 8.939E-28 2.171E+00.07450.094 3669.04150.73-.002581        3 3 1 0        0 6 2 0                    R 21f     3655431410 5 3 3 3   405.0  387.0
 41 2159.167530 3.569E-28 1.798E+02.07220.090 4815.18200.77-.001854        0 4 2 2        0 4 2 1                    R 27f     3555431410 5 3 3 3   513.0  495.0
 42 2159.168200 1.113E-23 8.940E+01.08330.106 1182.12410.72-.001414        0 2 0 1        0 2 0 0                    R  9e     3655431810 5 3 3 3   126.0  114.0
 43 2159.175700 2.466E-27 3.815E-01.07450.094 1941.73660.73-.001980        0 3 1 1        0 3 1 0                    Q 22e     3655431810 5 3 3 3   270.0  270.0
 45 2159.179741 1.040E-27 8.365E+01.08800.110 2468.77250.71-.001699        1 2 2 1        1 2 2 0                    P  6f     3655431310 5 3 3 3   594.0  702.0
 44 2159.179812 4.755E-28 3.601E+00.07220.090 2661.13970.77-.002056        0 4 4 1        0 4 4 0                    Q 28e     3655431310 5 3 3 3   513.0  513.0
 44 2159.179831 4.755E-28 3.601E+00.07220.090 2661.13970.77-.002056        0 4 4 1        0 4 4 0                    Q 28f     3655431310 5 3 3 3   513.0  513.0
 45 2159.179832 1.040E-27 8.365E+01.08800.110 2468.77250.71-.001699        1 2 2 1        1 2 2 0                    P  6e     3655431310 5 3 3 3   594.0  702.0
 43 2159.182929 6.200E-28 9.238E+01.06940.083 3465.65750.80-.002044        0 5 3 1        0 5 3 0                    R 37f     3655431310 5 3 3 3   462.0  450.0
 41 2159.184300 3.567E-28 1.798E+02.07220.090 4815.28650.77-.001854        0 4 2 2        0 4 2 1                    R 27e     3555431410 5 3 3 3   513.0  495.0
 45 2159.184816 1.950E-28 8.347E+01.08570.108 2902.20810.71-.001352        0 5 1 1        0 5 1 0                    R  7f     3655431310 5 3 3 3   918.0  810.0
 41 2159.185130 3.062E-26 8.732E+01.07410.094 3710.99310.73-.001746        0 6 4 1        0 6 4 0                    R 22e     3655431410 5 3 3 3   423.0  405.0
 41 2159.185130 3.062E-26 8.732E+01.07410.094 3710.99310.73-.001746        0 6 4 1        0 6 4 0                    R 22f     3655431410 5 3 3 3   423.0  405.0
 45 2159.186884 3.137E-27 9.773E+01.08570.108 2337.37590.71-.001845        0 4 0 1        0 4 0 0                    P  8e     3655431310 5 3 3 3   810.0  918.0
 44 2159.187500 1.981E-25 8.701E+01.07650.098 1975.08380.73-.002193        1 1 1 1        1 1 1 0                    P 18f     3655431810 5 3 3 3   315.0  333.0
 45 2159.189836 1.770E-28 7.661E+01.08460.107 2927.32720.72-.001384        0 5 3 1        0 5 3 0                    R  8f     3655431310 5 3 3 3  1026.0  918.0
 45 2159.189970 1.770E-28 7.661E+01.08460.107 2927.32710.72-.001384        0 5 3 1        0 5 3 0                    R  8e     3655431310 5 3 3 3  1026.0  918.0
 42 2159.190870 1.686E-27 8.965E+01.06700.077 3315.29220.75-.002231        0 4 2 1        0 4 2 0                    R 49e     3645431910 5 3 3 3   606.0  594.0
 42 2159.192410 4.435E-27 1.828E+02.07070.086 3178.51090.81-.001953        0 1 1 2        0 1 1 1                    R 32e     3655431910 5 3 3 3   402.0  390.0
 43 2159.195100 5.140E-27 1.373E+00.08200.105 1916.02490.72-.001723        1 1 1 1        1 1 1 0                    Q 11e     3655431810 5 3 3 3   138.0  138.0
 43 2159.198870 2.698E-25 8.827E+01.09060.112 1764.70570.70-.001363        0 3 3 1        0 3 3 0                    Q  4e     3655431910 5 3 3 3    54.0   54.0
 43 2159.198870 2.698E-25 8.827E+01.09060.112 1764.70570.70-.001363        0 3 3 1        0 3 3 0                    Q  4f     3655431910 5 3 3 3    54.0   54.0
 43 2159.211900 9.139E-23 1.006E+02.07120.088  986.94610.80-.002258        0 1 1 1        0 1 1 0                    P 31e     3655431815 5 3 3 3   366.0  378.0
 41 2159.219530 6.811E-28 6.067E-03.07650.098 2475.00010.73-.001911        0 4 0 1        0 4 2 0                    Q 18f     3655431410 5 3 3 3   333.0  333.0
 43 2159.220700 7.844E-27 2.521E+00.08570.108 1891.88010.71-.001598        1 1 1 1        1 1 1 0                    Q  8f     3655431810 5 3 3 3   102.0  102.0
 41 2159.223840 1.312E-22 9.748E+01.07330.092 2021.70600.74-.002253        0 3 1 1        0 3 1 0                    P 25e     3655431410 5 3 3 3   441.0  459.0
 44 2159.224000 1.983E-25 8.699E+01.07650.098 1974.78550.73-.002193        1 1 1 1        1 1 1 0                    P 18e     3655431810 5 3 3 3   315.0  333.0
 43 2159.224890 3.553E-25 1.471E+02.09220.114 1761.45390.70-.001287        0 3 3 1        0 3 3 0                    Q  3e     3655431910 5 3 3 3    42.0   42.0
 43 2159.224890 3.553E-25 1.471E+02.09220.114 1761.45390.70-.001287        0 3 3 1        0 3 3 0                    Q  3f     3655431910 5 3 3 3    42.0   42.0
 41 2159.225260 3.851E-28 8.794E+01.06870.081 4729.71250.78-.002841        1 5 1 1        0 7 1 0                    R 40f     3555431410 5 3 3 3   747.0  729.0
 42 2159.227970 4.416E-27 1.828E+02.07070.086 3179.34850.81-.001953        0 1 1 2        0 1 1 1                    R 32f     3655431910 5 3 3 3   402.0  390.0
 42 2159.233900 1.670E-26 9.331E-02.06810.080 1404.56920.77-.002182        0 1 1 1        0 1 1 0                    Q 44e     3655431815 5 3 3 3   534.0  534.0
 41 2159.236940 1.563E-21 9.835E+01.06700.077 1658.52470.75-.002200        0 1 1 1        0 1 1 0                    P 50f     3645431415 5 3 3 3   891.0  909.0
 41 2159.240340 6.242E-22 9.820E+01.06940.083 1789.91750.80-.002242        0 2 0 1        0 2 0 0                    P 38e     3655431410 5 3 3 3   675.0  693.0
 44 2159.241485 1.598E-28 1.328E+00.07450.094 2631.51880.73-.001980        1 2 2 1        1 2 2 0                    Q 22e     3655431310 5 3 3 3   405.0  405.0
 42 2159.248349 1.065E-27 8.981E+01.06670.076 3418.19610.75-.002259        0 4 4 1        0 4 4 0                    R 51f     3645431310 5 3 3 3   630.0  618.0
 42 2159.249644 1.065E-27 8.981E+01.06670.076 3418.20130.75-.002259        0 4 4 1        0 4 4 0                    R 51e     3645431310 5 3 3 3   630.0  618.0
 43 2159.249700 5.880E-27 1.648E+00.08330.106 1907.14900.72-.001685        1 1 1 1        1 1 1 0                    Q 10e     3655431810 5 3 3 3   126.0  126.0
 43 2159.251200 1.509E-25 2.047E+02.07830.101 2297.95510.72-.002135        0 0 0 2        0 0 0 1                    P 15e     3655431810 5 3 3 3   174.0  186.0
 44 2159.252469 1.598E-28 1.328E+00.07450.094 2631.51310.73-.001980        1 2 2 1        1 2 2 0                    Q 22f     3655431310 5 3 3 3   405.0  405.0
 43 2159.258600 2.816E-27 4.180E-01.07490.095 1923.90680.73-.001965        0 3 1 1        0 3 1 0                    Q 21e     3655431810 5 3 3 3   258.0  258.0
 41 2159.262420 7.349E-27 1.749E+02.08460.107 3961.21750.72-.001384        0 3 1 2        0 3 1 1                    R  8e     3655431410 5 3 3 3   171.0  153.0
 45 2159.264647 6.368E-28 8.715E+01.08920.111 2536.78090.71-.001612        2 0 0 1        2 0 0 0                    P  5e     3655431310 5 3 3 3   486.0  594.0
 42 2159.269440 2.902E-28 7.646E+01.06670.076 3652.56710.75-.002259        2 0 0 1        2 0 0 0                    R 51e     3645431910 5 3 3 3   630.0  618.0
 41 2159.271130 6.737E-27 1.636E+02.08330.106 3985.84390.72-.001414        0 3 3 2        0 3 3 1                    R  9e     3655431410 5 3 3 3   189.0  171.0
 41 2159.271140 6.737E-27 1.636E+02.08330.106 3985.84390.72-.001414        0 3 3 2        0 3 3 1                    R  9f     3655431410 5 3 3 3   189.0  171.0
 41 2159.279790 1.595E-28 1.941E-01.06590.074 3719.85000.73-.002249        0 4 2 1        0 4 2 0                    Q 57f     3645431410 5 3 3 3  1035.0 1035.0
 41 2159.285690 6.476E-28 3.174E+02.08920.111 4429.74060.71-.001612        0 0 0 3        0 0 0 2                    P  5e     3555431410 5 3 3 3    81.0   99.0
 43 2159.286300 7.828E-27 1.068E+00.07990.103 1810.67870.72-.001788        0 3 1 1        0 3 1 0                    Q 13f     3655431810 5 3 3 3   162.0  162.0
 41 2159.286330 7.344E-27 1.749E+02.08460.107 3961.32290.72-.001384        0 3 1 2        0 3 1 1                    R  8f     3655431410 5 3 3 3   171.0  153.0
 43 2159.287900 9.184E-27 3.242E+00.08680.109 1885.41060.71-.001548        1 1 1 1        1 1 1 0                    Q  7f     3655431810 5 3 3 3    90.0   90.0
 42 2159.295200 1.088E-25 1.578E-01.07040.086 1074.88270.81-.002113        0 1 1 1        0 1 1 0                    Q 34f     3655431815 5 3 3 3   414.0  414.0
 43 2159.299400 6.765E-27 2.015E+00.08460.107 1899.07980.72-.001644        1 1 1 1        1 1 1 0                    Q  9e     3655431810 5 3 3 3   114.0  114.0
 44 2159.314744 6.743E-27 7.670E+01.09060.112 2313.35670.70-.001513        0 4 2 1        0 4 2 0                    P  4e     3655431310 5 3 3 3    63.0   81.0
 44 2159.314767 6.743E-27 7.670E+01.09060.112 2313.35670.70-.001513        0 4 2 1        0 4 2 0                    P  4f     3655431310 5 3 3 3    63.0   81.0
 43 2159.318360 7.622E-28 9.148E+01.06960.084 3415.72060.80-.002027        0 5 1 1        0 5 1 0                    R 36e     3655431910 5 3 3 3   450.0  438.0
 45 2159.318765 7.950E-28 1.934E+02.07590.097 2945.97610.73-.002207        0 1 1 2        0 1 1 1                    P 19f     3655431310 5 3 3 3  1998.0 2106.0
 41 2159.319730 8.449E-26 1.888E+02.08680.109 3396.47900.71-.001777        0 2 2 2        0 2 2 1                    P  7e     3655431410 5 3 3 3   117.0  135.0
 41 2159.319820 8.449E-26 1.888E+02.08680.109 3396.47880.71-.001777        0 2 2 2        0 2 2 1                    P  7f     3655431410 5 3 3 3   117.0  135.0
 41 2159.320110 5.860E-27 7.741E+01.07250.090 4058.73810.76-.001833        2 2 2 1        2 2 2 0                    R 26f     3555431410 5 3 3 3   495.0  477.0
 41 2159.321930 5.856E-27 7.738E+01.07250.090 4058.75820.76-.001833        2 2 2 1        2 2 2 0                    R 26e     3555431410 5 3 3 3   495.0  477.0
 41 2159.329210 7.870E-28 4.830E-04.06750.078 2114.23950.76-.002211        0 2 2 1        0 2 0 0                    P 47e     3655431410 5 3 3 3   837.0  855.0
 41 2159.332170 6.574E-28 1.026E-03.07070.086 2238.69890.81-.002104        0 3 1 1        0 3 3 0                    Q 33f     3655431410 5 3 3 3   603.0  603.0
 42 2159.333820 1.762E-27 8.970E+01.06700.077 3306.30630.75-.002231        0 4 0 1        0 4 0 0                    R 49e     3645431910 5 3 3 3   606.0  594.0
 43 2159.337700 3.209E-27 4.601E-01.07540.096 1906.88660.73-.001948        0 3 1 1        0 3 1 0                    Q 20e     3655431810 5 3 3 3   246.0  246.0
 43 2159.344000 7.841E-27 2.520E+00.08570.108 1891.81750.71-.001598        1 1 1 1        1 1 1 0                    Q  8e     3655431810 5 3 3 3   102.0  102.0
 42 2159.346280 6.634E-28 8.316E+01.06680.076 3495.74630.75-.002245        1 2 0 1        1 2 0 0                    R 50e     3645431910 5 3 3 3   618.0  606.0
 43 2159.346700 1.091E-26 4.323E+00.08800.110 1879.74980.71-.001493        1 1 1 1        1 1 1 0                    Q  6f     3655431810 5 3 3 3    78.0   78.0
 43 2159.347600 1.881E-28 3.470E-03.07120.088 1573.37940.80-.002086        0 2 0 1        0 2 2 0                    Q 31f     3655431810 5 3 3 3   378.0  378.0
 41 2159.347830 6.222E-28 5.444E-03.07700.099 2459.85730.73-.001890        0 4 0 1        0 4 2 0                    Q 17f     3655431410 5 3 3 3   315.0  315.0
 41 2159.348440 1.268E-22 9.706E+01.07360.093 2019.25520.74-.002249        0 3 3 1        0 3 3 0                    P 24f     3655431410 5 3 3 3   423.0  441.0
 41 2159.348520 1.268E-22 9.706E+01.07360.093 2019.25490.74-.002249        0 3 3 1        0 3 3 0                    P 24e     3655431410 5 3 3 3   423.0  441.0
 45 2159.350985 7.959E-28 1.934E+02.07590.097 2945.69590.73-.002207        0 1 1 2        0 1 1 1                    P 19e     3655431310 5 3 3 3  1998.0 2106.0
 44 2159.352410 5.494E-28 3.870E+00.07250.090 2638.88410.76-.002045        0 4 4 1        0 4 4 0                    Q 27e     3655431310 5 3 3 3   495.0  495.0
 44 2159.352428 5.494E-28 3.870E+00.07250.090 2638.88410.76-.002045        0 4 4 1        0 4 4 0                    Q 27f     3655431310 5 3 3 3   495.0  495.0
 41 2159.353580 1.578E-21 9.832E+01.06700.077 1656.51170.75-.002200        0 1 1 1        0 1 1 0                    P 50e     3645431415 5 3 3 3   891.0  909.0
 41 2159.353720 4.557E-28 2.646E-01.06700.077 3540.91620.75-.002216        1 2 2 1        1 2 2 0                    Q 50f     3645431410 5 3 3 3   909.0  909.0
 41 2159.354260 1.007E-23 9.870E+01.08200.105 2378.08810.72-.002003        0 4 0 1        0 4 0 0                    P 11e     3655431410 5 3 3 3   189.0  207.0
 43 2159.360200 1.294E-26 8.039E+01.07590.097 2671.93570.73-.001653        2 0 0 1        2 0 0 0                    R 18e     3655431810 5 3 3 3   234.0  222.0
 41 2159.361650 1.828E-25 4.316E+01.08680.109 2963.46380.71-.001320        0 5 5 1        0 5 5 0                    R  6e     3655431410 5 3 3 3   135.0  117.0
 41 2159.361650 1.828E-25 4.316E+01.08680.109 2963.46380.71-.001320        0 5 5 1        0 5 5 0                    R  6f     3655431410 5 3 3 3   135.0  117.0
 43 2159.362200 4.397E-26 9.174E+01.07700.099 2425.24210.73-.001603        0 4 2 1        0 4 2 0                    R 16f     3655431910 5 3 3 3   210.0  198.0
 41 2159.364270 1.786E-28 4.459E-03.07250.090 2768.52120.76-.000879        1 6 2 0        1 2 2 0                    R 26f     3655431410 5 3 3 3   495.0  477.0
 43 2159.365010 4.397E-26 9.174E+01.07700.099 2425.25270.73-.001603        0 4 2 1        0 4 2 0                    R 16e     3655431910 5 3 3 3   210.0  198.0
 41 2159.365580 3.330E-22 9.074E+01.06940.083 1902.89670.80-.002242        1 0 0 1        1 0 0 0                    P 38e     3655431410 5 3 3 3   675.0  693.0
 41 2159.368540 5.990E-28 2.227E-03.06890.082 2456.36650.79-.002157        0 3 1 1        0 3 3 0                    Q 40e     3655431410 5 3 3 3   729.0  729.0
 45 2159.370298 1.530E-28 7.030E+01.08200.105 2978.98110.72-.001443        0 5 5 1        0 5 5 0                    R 10f     3655431310 5 3 3 3  1242.0 1134.0
 45 2159.370434 1.530E-28 7.030E+01.08200.105 2978.98100.72-.001443        0 5 5 1        0 5 5 0                    R 10e     3655431310 5 3 3 3  1242.0 1134.0
 43 2159.370450 2.478E-28 8.577E+01.06890.082 3649.44350.79-.002079        1 3 1 1        1 3 1 0                    R 39e     3655431910 5 3 3 3   486.0  474.0
 41 2159.375560 9.805E-24 1.976E+02.06990.084 2776.97070.81-.002248        0 0 0 2        0 0 0 1                    P 36e     3655431410 5 3 3 3   639.0  657.0
 44 2159.381606 1.821E-28 1.455E+00.07490.095 2614.12760.73-.001965        1 2 2 1        1 2 2 0                    Q 21e     3655431310 5 3 3 3   387.0  387.0
 41 2159.382700 2.692E-28 1.798E+02.07150.088 4887.15850.79-.001895        0 4 4 2        0 4 4 1                    R 29f     3555431410 5 3 3 3   549.0  531.0
 41 2159.382710 2.692E-28 1.798E+02.07150.088 4887.15860.79-.001895        0 4 4 2        0 4 4 1                    R 29e     3555431410 5 3 3 3   549.0  531.0
 43 2159.383800 9.181E-27 3.241E+00.08680.109 1885.36200.71-.001548        1 1 1 1        1 1 1 0                    Q  7e     3655431810 5 3 3 3    90.0   90.0
 41 2159.388180 4.348E-27 1.220E+00.06720.077 3387.18200.75-.002210        0 4 4 1        0 4 4 0                    Q 49e     3655431410 5 3 3 3   891.0  891.0
 41 2159.390580 4.348E-27 1.220E+00.06720.077 3387.18080.75-.002210        0 4 4 1        0 4 4 0                    Q 49f     3655431410 5 3 3 3   891.0  891.0
 44 2159.390829 1.821E-28 1.455E+00.07490.095 2614.12280.73-.001965        1 2 2 1        1 2 2 0                    Q 21f     3655431310 5 3 3 3   387.0  387.0
 43 2159.391260 7.576E-28 9.212E+01.06960.084 3418.37240.80-.002027        0 5 1 1        0 5 1 0                    R 36f     3655431910 5 3 3 3   450.0  438.0
 44 2159.394257 1.044E-27 7.814E+01.07830.101 3007.07840.72-.001552        0 5 5 1        0 5 5 0                    R 14f     3655431310 5 3 3 3   279.0  261.0
 44 2159.394258 1.044E-27 7.814E+01.07830.101 3007.07840.72-.001552        0 5 5 1        0 5 5 0                    R 14e     3655431310 5 3 3 3   279.0  261.0
 43 2159.397000 1.323E-26 6.053E+00.08920.111 1874.89770.71-.001431        1 1 1 1        1 1 1 0                    Q  5f     3655431810 5 3 3 3    66.0   66.0
 43 2159.402210 1.480E-27 1.175E+02.09410.116 2773.50610.70-.001133        0 1 1 2        0 1 1 1                    R  1e     3655431910 5 3 3 3    30.0   18.0
 43 2159.405000 1.480E-27 1.175E+02.09410.116 2773.50760.70-.001133        0 1 1 2        0 1 1 1                    R  1f     3655431910 5 3 3 3    30.0   18.0
 43 2159.406600 8.902E-27 1.246E+00.08090.104 1800.10370.72-.001757        0 3 1 1        0 3 1 0                    Q 12f     3655431810 5 3 3 3   150.0  150.0
 43 2159.413200 3.652E-27 5.088E-01.07590.097 1890.67630.73-.001930        0 3 1 1        0 3 1 0                    Q 19e     3655431810 5 3 3 3   234.0  234.0
 43 2159.418400 1.091E-26 4.322E+00.08800.110 1879.71340.71-.001493        1 1 1 1        1 1 1 0                    Q  6e     3655431810 5 3 3 3    78.0   78.0
 41 2159.420310 1.627E-28 1.655E+02.07190.089 4966.79000.78-.001875        1 2 0 2        1 2 0 1                    R 28e     3555431410 5 3 3 3   531.0  513.0
 44 2159.422696 2.519E-27 1.090E+02.09410.116 2413.87440.70-.001273        1 2 0 1        1 2 0 0                    P  2e     3655431310 5 3 3 3    27.0   45.0
 41 2159.424250 8.656E-28 2.292E-03.09220.114 1882.77050.70-.000130        0 7 1 0        1 1 1 0                    R  2e     3655431410 5 3 3 3    63.0   45.0
 43 2159.427542 2.447E-28 8.567E+01.06890.082 3651.77820.79-.002079        1 3 1 1        1 3 1 0                    R 39f     3655431310 5 3 3 3   486.0  474.0
 41 2159.430110 1.551E-25 6.653E+01.08680.109 3086.32330.71-.001320        1 3 3 1        1 3 3 0                    R  6e     3655431410 5 3 3 3   135.0  117.0
 41 2159.430110 1.551E-25 6.653E+01.08680.109 3086.32330.71-.001320        1 3 3 1        1 3 3 0                    R  6f     3655431410 5 3 3 3   135.0  117.0
 45 2159.434120 1.175E-27 5.681E+01.08800.110 2363.93560.71-.001699        0 4 4 1        0 4 4 0                    P  6f     3655431310 5 3 3 3   594.0  702.0
 45 2159.434246 1.175E-27 5.681E+01.08800.110 2363.93560.71-.001699        0 4 4 1        0 4 4 0                    P  6e     3655431310 5 3 3 3   594.0  702.0
 43 2159.435890 3.174E-28 1.722E+02.07490.095 3611.57370.73-.001700        1 0 0 2        1 0 0 1                    R 20e     3655431910 5 3 3 3   258.0  246.0
 43 2159.439000 1.656E-26 9.080E+00.09060.112 1870.85420.70-.001363        1 1 1 1        1 1 1 0                    Q  4f     3655431810 5 3 3 3    54.0   54.0
 41 2159.441640 1.784E-25 7.726E+01.08800.110 3058.74540.71-.001286        1 3 1 1        1 3 1 0                    R  5e     3655431410 5 3 3 3   117.0   99.0
 43 2159.448300 1.323E-26 6.051E+00.08920.111 1874.87160.71-.001431        1 1 1 1        1 1 1 0                    Q  5e     3655431810 5 3 3 3    66.0   66.0
 41 2159.451120 3.317E-27 7.104E+01.07190.089 4172.57470.78-.001875        3 0 0 1        3 0 0 0                    R 28e     3555431410 5 3 3 3   531.0  513.0
 41 2159.452960 8.672E-28 2.296E-03.09220.114 1882.77600.70-.000130        0 7 1 0        1 1 1 0                    R  2f     3655431410 5 3 3 3    63.0   45.0
 42 2159.453000 2.045E-26 9.776E-02.06830.080 1367.74850.78-.002176        0 1 1 1        0 1 1 0                    Q 43e     3655431815 5 3 3 3   522.0  522.0
 43 2159.453688 3.558E-28 9.293E+01.06870.081 3596.50260.78-.002095        0 5 5 1        0 5 5 0                    R 40e     3655431310 5 3 3 3   498.0  486.0
 43 2159.453688 3.558E-28 9.293E+01.06870.081 3596.50260.78-.002095        0 5 5 1        0 5 5 0                    R 40f     3655431310 5 3 3 3   498.0  486.0
 41 2159.457870 7.143E-28 2.893E-01.06730.078 3458.47970.76-.002205        1 2 2 1        1 2 2 0                    Q 48e     3655431410 5 3 3 3   873.0  873.0
 43 2159.458600 2.235E-26 8.629E+01.07650.098 2563.24680.73-.001628        1 2 0 1        1 2 0 0                    R 17e     3655431810 5 3 3 3   222.0  210.0
 41 2159.459190 1.784E-25 7.725E+01.08800.110 3058.79390.71-.001286        1 3 1 1        1 3 1 0                    R  5f     3655431410 5 3 3 3   117.0   99.0
 41 2159.468620 5.603E-28 4.851E-03.07770.100 2445.55530.73-.001868        0 4 0 1        0 4 2 0                    Q 16f     3655431410 5 3 3 3   297.0  297.0
 43 2159.472500 2.181E-26 1.513E+01.09220.114 1867.61940.70-.001287        1 1 1 1        1 1 1 0                    Q  3f     3655431810 5 3 3 3    42.0   42.0
 43 2159.473100 1.656E-26 9.079E+00.09060.112 1870.83680.70-.001363        1 1 1 1        1 1 1 0                    Q  4e     3655431810 5 3 3 3    54.0   54.0
 41 2159.473990 1.099E-26 8.256E+01.07290.091 3934.87060.75-.001812        1 4 4 1        1 4 4 0                    R 25f     3655431410 5 3 3 3   477.0  459.0
 41 2159.474000 1.099E-26 8.256E+01.07290.091 3934.87060.75-.001812        1 4 4 1        1 4 4 0                    R 25e     3655431410 5 3 3 3   477.0  459.0
 43 2159.484800 4.151E-27 5.657E-01.07650.098 1875.27590.73-.001911        0 3 1 1        0 3 1 0                    Q 18e     3655431810 5 3 3 3   222.0  222.0
 44 2159.485474 7.586E-28 7.782E+01.07770.100 3084.80970.73-.001578        1 3 1 1        1 3 1 0                    R 15e     3655431310 5 3 3 3   297.0  279.0
 44 2159.485800 2.323E-24 9.485E+01.07070.086 1613.56340.81-.002255        0 2 2 1        0 2 2 0                    P 33e     3655431810 5 3 3 3   585.0  603.0
 45 2159.487159 5.890E-26 9.538E+01.07450.094 1945.66090.73-.002237        0 3 1 1        0 3 1 0                    P 22f     3655431310 5 3 3 3  2322.0 2430.0
 44 2159.491000 2.324E-24 9.485E+01.07070.086 1613.52580.81-.002255        0 2 2 1        0 2 2 0                    P 33f     3655431810 5 3 3 3   585.0  603.0
 43 2159.493000 2.181E-26 1.513E+01.09220.114 1867.60890.70-.001287        1 1 1 1        1 1 1 0                    Q  3e     3655431810 5 3 3 3    42.0   42.0
 41 2159.497740 4.514E-24 9.195E+01.08330.106 2507.98970.72-.001957        1 2 0 1        1 2 0 0                    P 10e     3655431410 5 3 3 3   171.0  189.0
 43 2159.497800 3.153E-26 3.027E+01.09410.116 1865.19320.70-.001203        1 1 1 1        1 1 1 0                    Q  2f     3655431810 5 3 3 3    30.0   30.0
 43 2159.498700 1.112E-23 1.008E+02.07770.100 1281.25270.73-.002157        0 2 2 1        0 2 2 0                    P 16e     3655431810 5 3 3 3   186.0  198.0
 43 2159.499500 1.112E-23 1.008E+02.07770.100 1281.24900.73-.002157        0 2 2 1        0 2 2 0                    P 16f     3655431810 5 3 3 3   186.0  198.0
 41 2159.500810 1.917E-24 1.971E+02.07450.094 3009.01990.73-.002237        0 1 1 2        0 1 1 1                    P 22f     3655431410 5 3 3 3   387.0  405.0
 45 2159.503000 9.275E-25 9.653E+01.06730.078 1544.08720.76-.002207        0 1 1 1        0 1 1 0                    P 48f     3655431815 5 3 3 3  5130.0 5238.0
 42 2159.507200 5.269E-28 8.339E+01.06670.076 3547.62190.75-.002259        1 2 2 1        1 2 2 0                    R 51f     3645431910 5 3 3 3   630.0  618.0
 43 2159.507900 3.153E-26 3.027E+01.09410.116 1865.18800.70-.001203        1 1 1 1        1 1 1 0                    Q  2e     3655431810 5 3 3 3    30.0   30.0
 43 2159.514500 5.720E-26 9.081E+01.09620.119 1863.57580.69-.001109        1 1 1 1        1 1 1 0                    Q  1f     3655431810 5 3 3 3    18.0   18.0
 44 2159.515121 2.071E-28 1.601E+00.07540.096 2597.52660.73-.001948        1 2 2 1        1 2 2 0                    Q 20e     3655431310 5 3 3 3   369.0  369.0
 41 2159.515590 1.886E-28 2.821E-04.06720.077 2306.14420.75-.000411        0 6 2 0        1 0 0 0                    P 49e     3655431410 5 3 3 3   873.0  891.0
 43 2159.517500 1.015E-26 1.472E+00.08200.105 1790.34190.72-.001723        0 3 1 1        0 3 1 0                    Q 11f     3655431810 5 3 3 3   138.0  138.0
 43 2159.517800 5.720E-26 9.081E+01.09620.119 1863.57410.69-.001109        1 1 1 1        1 1 1 0                    Q  1e     3655431810 5 3 3 3    18.0   18.0
 44 2159.518846 6.331E-28 4.170E+00.07290.091 2617.42250.75-.002034        0 4 4 1        0 4 4 0                    Q 26e     3655431310 5 3 3 3   477.0  477.0
 44 2159.518864 6.331E-28 4.170E+00.07290.091 2617.42250.75-.002034        0 4 4 1        0 4 4 0                    Q 26f     3655431310 5 3 3 3   477.0  477.0
 44 2159.521023 7.571E-28 7.780E+01.07770.100 3085.14710.73-.001578        1 3 1 1        1 3 1 0                    R 15f     3655431310 5 3 3 3   297.0  279.0
 41 2159.521360 3.555E-26 8.638E+01.07450.094 3669.04150.73-.001723        0 6 2 1        0 6 2 0                    R 21f     3655431410 5 3 3 3   405.0  387.0
 44 2159.522789 2.071E-28 1.601E+00.07540.096 2597.52260.73-.001948        1 2 2 1        1 2 2 0                    Q 20f     3655431310 5 3 3 3   369.0  369.0
 41 2159.528580 1.519E-26 8.247E+01.07360.093 3851.99790.74-.001768        1 4 0 1        1 4 0 0                    R 23e     3655431410 5 3 3 3   441.0  423.0
 41 2159.529640 3.639E-26 8.844E+01.07450.094 3669.12320.73-.001723        0 6 2 1        0 6 2 0                    R 21e     3655431410 5 3 3 3   405.0  387.0
 45 2159.533734 3.207E-26 8.888E+01.07490.095 2046.38050.73-.002229        1 1 1 1        1 1 1 0                    P 21f     3655431310 5 3 3 3  2214.0 2322.0
 41 2159.539070 1.129E-27 2.799E-01.06720.077 3361.68300.75-.002210        0 4 2 1        0 4 2 0                    Q 49e     3655431410 5 3 3 3   891.0  891.0
 41 2159.541290 1.921E-24 1.971E+02.07450.094 3008.62720.73-.002237        0 1 1 2        0 1 1 1                    P 22e     3655431410 5 3 3 3   387.0  405.0
 41 2159.544040 3.720E-28 1.800E+02.07220.090 4806.81600.77-.001854        0 4 0 2        0 4 0 1                    R 27e     3555431410 5 3 3 3   513.0  495.0
 43 2159.551320 5.866E-28 1.875E+02.07490.095 3502.71820.73-.001700        0 2 0 2        0 2 0 1                    R 20e     3655431910 5 3 3 3   258.0  246.0
 43 2159.551750 2.115E-27 3.213E-02.07990.103 1343.28070.72-.000627        0 6 0 0        1 0 0 0                    P 13e     3655431910 5 3 3 3   150.0  162.0
 43 2159.552700 4.714E-27 6.325E-01.07700.099 1860.68560.73-.001890        0 3 1 1        0 3 1 0                    Q 17e     3655431810 5 3 3 3   210.0  210.0
 44 2159.556973 1.005E-28 7.598E-01.07150.088 2674.58870.79-.002077        0 4 2 1        0 4 2 0                    Q 30e     3655431310 5 3 3 3   549.0  549.0
 45 2159.559438 5.909E-26 9.537E+01.07450.094 1944.96090.73-.002237        0 3 1 1        0 3 1 0                    P 22e     3655431310 5 3 3 3  2322.0 2430.0
 42 2159.560613 5.254E-28 8.337E+01.06670.076 3548.16730.75-.002259        1 2 2 1        1 2 2 0                    R 51e     3645431310 5 3 3 3   630.0  618.0
 43 2159.561300 2.047E-26 8.662E+01.07590.097 2592.93600.73-.001653        1 2 2 1        1 2 2 0                    R 18f     3655431910 5 3 3 3   234.0  222.0
 43 2159.562240 2.047E-26 8.662E+01.07590.097 2592.94050.73-.001653        1 2 2 1        1 2 2 0                    R 18e     3655431910 5 3 3 3   234.0  222.0
 41 2159.564170 2.063E-28 2.025E-01.06600.074 3672.04020.74-.002244        0 4 2 1        0 4 2 0                    Q 56f     3645431410 5 3 3 3  1017.0 1017.0
 43 2159.572300 1.939E-28 3.270E-03.07150.088 1548.23060.79-.002077        0 2 0 1        0 2 2 0                    Q 30f     3655431810 5 3 3 3   366.0  366.0
 42 2159.573300 1.287E-25 1.675E-01.07070.086 1046.35650.81-.002104        0 1 1 1        0 1 1 0                    Q 33f     3655431815 5 3 3 3   402.0  402.0
 41 2159.573570 1.705E-28 8.830E+01.06790.079 4917.00610.77-.002159        0 7 5 1        0 7 5 0                    R 44e     3555431410 5 3 3 3   819.0  801.0
 41 2159.573600 1.705E-28 8.830E+01.06790.079 4917.00620.77-.002159        0 7 5 1        0 7 5 0                    R 44f     3555431410 5 3 3 3   819.0  801.0
 42 2159.575157 1.413E-27 8.976E+01.06680.076 3355.91510.75-.002245        0 4 2 1        0 4 2 0                    R 50f     3645431910 5 3 3 3   618.0  606.0
 42 2159.580000 1.103E-23 8.705E+01.08200.105 1197.23250.72-.001443        0 2 2 1        0 2 2 0                    R 10f     3655431810 5 3 3 3   138.0  126.0
 45 2159.580637 3.213E-26 8.886E+01.07490.095 2045.96970.73-.002229        1 1 1 1        1 1 1 0                    P 21e     3655431310 5 3 3 3  2214.0 2322.0
 42 2159.580800 1.103E-23 8.705E+01.08200.105 1197.23330.72-.001443        0 2 2 1        0 2 2 0                    R 10e     3655431810 5 3 3 3   138.0  126.0
 41 2159.581940 4.967E-28 4.289E-03.07830.101 2432.09410.72-.001843        0 4 0 1        0 4 2 0                    Q 15f     3655431410 5 3 3 3   279.0  279.0
 43 2159.592858 3.663E-26 9.026E+01.07590.097 2481.68700.73-.001653        0 4 4 1        0 4 4 0                    R 18e     3655431310 5 3 3 3   234.0  222.0
 43 2159.592868 3.663E-26 9.026E+01.07590.097 2481.68700.73-.001653        0 4 4 1        0 4 4 0                    R 18f     3655431310 5 3 3 3   234.0  222.0
 41 2159.596990 1.025E-28 9.085E-01.06890.082 4056.27830.79-.002157        0 2 2 2        0 2 2 1                    Q 40e     3555431410 5 3 3 3   729.0  729.0
 44 2159.599880 4.270E-28 7.427E+01.07590.097 3227.78770.73-.001653        2 1 1 1        2 1 1 0                    R 18e     3655431310 5 3 3 3   351.0  333.0
 45 2159.603900 9.352E-25 9.651E+01.06730.078 1542.33510.76-.002207        0 1 1 1        0 1 1 0                    P 48e     3655431815 5 3 3 3  5130.0 5238.0
 45 2159.612472 1.241E-27 9.245E+01.08800.110 2452.76970.71-.001699        1 2 0 1        1 2 0 0                    P  6e     3655431310 5 3 3 3   594.0  702.0
 45 2159.614400 2.014E-25 8.860E+01.07010.085 1774.81740.81-.002251        1 0 0 1        1 0 0 0                    P 35e     3655431810 5 3 3 3  3726.0 3834.0
 43 2159.616800 5.348E-27 7.119E-01.07770.100 1846.90530.73-.001868        0 3 1 1        0 3 1 0                    Q 16e     3655431810 5 3 3 3   198.0  198.0
 41 2159.617330 6.507E-28 2.107E-03.06920.083 2422.75540.79-.002150        0 3 1 1        0 3 3 0                    Q 39e     3655431410 5 3 3 3   711.0  711.0
 43 2159.619300 1.161E-26 1.767E+00.08330.106 1781.39340.72-.001685        0 3 1 1        0 3 1 0                    Q 10f     3655431810 5 3 3 3   126.0  126.0
 43 2159.625379 1.678E-28 8.716E+01.06850.081 3742.86430.78-.002112        1 3 3 1        1 3 3 0                    R 41f     3655431310 5 3 3 3   510.0  498.0
 45 2159.627200 1.533E-24 9.620E+01.06540.073 1486.19110.73-.002166        0 0 0 1        0 0 0 0                    P 60e     3645431816 5 3 3 3  6426.0 6534.0
 41 2159.629730 6.971E-28 9.798E-04.07090.087 2210.95790.81-.002095        0 3 1 1        0 3 3 0                    Q 32f     3655431410 5 3 3 3   585.0  585.0
 41 2159.632460 2.116E-26 8.652E+01.07290.091 3809.75900.75-.001812        0 6 6 1        0 6 6 0                    R 25e     3655431410 5 3 3 3   477.0  459.0
 41 2159.632460 2.116E-26 8.652E+01.07290.091 3809.75900.75-.001812        0 6 6 1        0 6 6 0                    R 25f     3655431410 5 3 3 3   477.0  459.0
 41 2159.633350 1.420E-28 1.670E+02.07150.088 5003.51230.79-.001895        1 2 2 2        1 2 2 1                    R 29f     3555431410 5 3 3 3   549.0  531.0
 41 2159.634550 6.201E-24 8.120E+01.08460.107 2394.16120.72-.001904        0 4 4 1        0 4 4 0                    P  9e     3655431410 5 3 3 3   153.0  171.0
 41 2159.634550 6.201E-24 8.120E+01.08460.107 2394.16120.72-.001904        0 4 4 1        0 4 4 0                    P  9f     3655431410 5 3 3 3   153.0  171.0
 44 2159.635082 4.262E-28 7.427E+01.07590.097 3228.16660.73-.001653        2 1 1 1        2 1 1 0                    R 18f     3655431310 5 3 3 3   351.0  333.0
 41 2159.638010 1.419E-28 1.670E+02.07150.088 5003.55060.79-.001895        1 2 2 2        1 2 2 1                    R 29e     3555431410 5 3 3 3   549.0  531.0
 42 2159.638700 2.973E-21 9.666E+01.07540.096  175.94130.73-.002219        0 0 0 1        0 0 0 0                    P 20e     3655431816 5 3 3 3   234.0  246.0
 45 2159.639531 1.153E-28 7.919E+01.08200.105 3061.55670.72-.001443        1 3 1 1        1 3 1 0                    R 10e     3655431310 5 3 3 3  1242.0 1134.0
 43 2159.641756 1.678E-28 8.716E+01.06850.081 3742.84340.78-.002112        1 3 3 1        1 3 3 0                    R 41e     3655431310 5 3 3 3   510.0  498.0
 44 2159.642207 2.352E-28 1.771E+00.07590.097 2581.71570.73-.001930        1 2 2 1        1 2 2 0                    Q 19e     3655431310 5 3 3 3   351.0  351.0
 45 2159.646977 2.495E-27 9.122E+01.08680.109 2340.76510.71-.001777        0 4 2 1        0 4 2 0                    P  7e     3655431310 5 3 3 3   702.0  810.0
 45 2159.647021 2.495E-27 9.122E+01.08680.109 2340.76480.71-.001777        0 4 2 1        0 4 2 0                    P  7f     3655431310 5 3 3 3   702.0  810.0
 44 2159.648619 2.352E-28 1.770E+00.07590.097 2581.71230.73-.001930        1 2 2 1        1 2 2 0                    Q 19f     3655431310 5 3 3 3   351.0  351.0
 45 2159.649906 3.378E-25 9.674E+01.07010.085 1686.52630.81-.002251        0 2 2 1        0 2 2 0                    P 35e     3655431310 5 3 3 3  3726.0 3834.0
 45 2159.656646 3.379E-25 9.674E+01.07010.085 1686.46040.81-.002251        0 2 2 1        0 2 2 0                    P 35f     3655431310 5 3 3 3  3726.0 3834.0
 44 2159.662723 9.414E-27 1.013E+02.09060.112 2301.95310.70-.001513        0 4 0 1        0 4 0 0                    P  4e     3655431310 5 3 3 3    63.0   81.0
 44 2159.666300 1.615E-24 8.645E+01.07090.087 1662.89990.81-.002257        1 0 0 1        1 0 0 0                    P 32e     3655431810 5 3 3 3   567.0  585.0
 44 2159.667100 3.544E-25 9.294E+01.07590.097 1880.28470.73-.002207        0 3 1 1        0 3 1 0                    P 19f     3655431810 5 3 3 3   333.0  351.0
 42 2159.667200 2.497E-26 1.026E-01.06850.081 1331.76190.78-.002170        0 1 1 1        0 1 1 0                    Q 42e     3655431815 5 3 3 3   510.0  510.0
 45 2159.667571 1.152E-28 7.918E+01.08200.105 3061.72260.72-.001443        1 3 1 1        1 3 1 0                    R 10f     3655431310 5 3 3 3  1242.0 1134.0
 41 2159.669590 5.711E-28 2.762E-01.06720.077 3499.15040.75-.002210        1 2 2 1        1 2 2 0                    Q 49f     3655431410 5 3 3 3   891.0  891.0
 42 2159.673410 4.574E-25 9.082E+01.07190.089 2054.56130.78-.001875        0 3 1 1        0 3 1 0                    R 28e     3655431910 5 3 3 3   354.0  342.0
 43 2159.676200 3.199E-22 1.001E+02.06810.080  800.97610.77-.002222        0 0 0 1        0 0 0 0                    P 44e     3655431816 5 3 3 3   522.0  534.0
 43 2159.676900 6.067E-27 8.072E-01.07830.101 1833.93540.72-.001843        0 3 1 1        0 3 1 0                    Q 15e     3655431810 5 3 3 3   186.0  186.0
 44 2159.679120 7.278E-28 4.506E+00.07330.092 2596.75480.74-.002022        0 4 4 1        0 4 4 0                    Q 25e     3655431310 5 3 3 3   459.0  459.0
 44 2159.679138 7.278E-28 4.506E+00.07330.092 2596.75480.74-.002022        0 4 4 1        0 4 4 0                    Q 25f     3655431310 5 3 3 3   459.0  459.0
 41 2159.687870 4.329E-28 3.758E-03.07910.102 2419.47390.72-.001817        0 4 0 1        0 4 2 0                    Q 14f     3655431410 5 3 3 3   261.0  261.0
 45 2159.695874 5.525E-26 9.509E+01.07490.095 1948.35590.73-.002229        0 3 3 1        0 3 3 0                    P 21f     3655431310 5 3 3 3  2214.0 2322.0
 45 2159.696011 5.525E-26 9.509E+01.07490.095 1948.35580.73-.002229        0 3 3 1        0 3 3 0                    P 21e     3655431310 5 3 3 3  2214.0 2322.0
 42 2159.701300 3.913E-25 9.040E+01.07150.088 2092.53410.79-.001895        0 3 3 1        0 3 3 0                    R 29e     3655431910 5 3 3 3   366.0  354.0
 41 2159.701780 1.783E-28 4.454E-03.07250.090 2768.54670.76-.000879        1 6 2 0        1 2 2 0                    R 26e     3655431410 5 3 3 3   495.0  477.0
 42 2159.702050 3.913E-25 9.040E+01.07150.088 2092.53680.79-.001895        0 3 3 1        0 3 3 0                    R 29f     3655431910 5 3 3 3   366.0  354.0
 42 2159.705460 1.402E-27 8.970E+01.06680.076 3357.35370.75-.002245        0 4 2 1        0 4 2 0                    R 50e     3645431910 5 3 3 3   618.0  606.0
 41 2159.706420 3.416E-28 8.809E+01.06850.081 4759.53950.78-.002859        1 5 1 1        0 7 1 0                    R 41e     3555431410 5 3 3 3   765.0  747.0
 42 2159.710000 2.104E-25 8.429E+01.07190.089 2198.90000.78-.001875        1 1 1 1        1 1 1 0                    R 28e     3655431810 5 3 3 3   354.0  342.0
 41 2159.710190 2.692E-28 8.810E+01.06830.080 4813.30760.78-.002128        0 7 3 1        0 7 3 0                    R 42e     3555431410 5 3 3 3   783.0  765.0
 41 2159.710650 5.428E-27 1.273E+00.06730.078 3345.98390.76-.002205        0 4 4 1        0 4 4 0                    Q 48e     3655431410 5 3 3 3   873.0  873.0
 43 2159.711700 1.336E-26 2.160E+00.08460.107 1773.25820.72-.001644        0 3 1 1        0 3 1 0                    Q  9f     3655431810 5 3 3 3   114.0  114.0
 41 2159.712700 5.428E-27 1.273E+00.06730.078 3345.98290.76-.002205        0 4 4 1        0 4 4 0                    Q 48f     3655431410 5 3 3 3   873.0  873.0
 45 2159.719454 1.022E-28 7.691E+01.08090.104 3097.58000.72-.001471        1 3 3 1        1 3 3 0                    R 11f     3655431310 5 3 3 3  1350.0 1242.0
 45 2159.719573 1.022E-28 7.691E+01.08090.104 3097.58000.72-.001471        1 3 3 1        1 3 3 0                    R 11e     3655431310 5 3 3 3  1350.0 1242.0
 43 2159.722301 5.477E-28 9.249E+01.06920.083 3496.53950.79-.002062        0 5 3 1        0 5 3 0                    R 38e     3655431910 5 3 3 3   474.0  462.0
 44 2159.723000 3.551E-25 9.293E+01.07590.097 1879.79660.73-.002207        0 3 1 1        0 3 1 0                    P 19e     3655431810 5 3 3 3   333.0  351.0
 44 2159.726135 1.005E-28 7.592E-01.07150.088 2674.50380.79-.002077        0 4 2 1        0 4 2 0                    Q 30f     3655431310 5 3 3 3   549.0  549.0
 41 2159.727400 1.190E-25 7.431E+01.08570.108 3189.14030.71-.001352        2 1 1 1        2 1 1 0                    R  7e     3655431410 5 3 3 3   153.0  135.0
 41 2159.728430 2.690E-28 8.807E+01.06830.080 4813.42990.78-.002128        0 7 3 1        0 7 3 0                    R 42f     3555431410 5 3 3 3   783.0  765.0
 45 2159.731500 5.285E-27 1.937E+02.07070.086 2672.41180.81-.002255        0 0 0 2        0 0 0 1                    P 33e     3655431810 5 3 3 3  3510.0 3618.0
 43 2159.733500 6.884E-27 9.230E-01.07910.102 1821.77560.72-.001817        0 3 1 1        0 3 1 0                    Q 14e     3655431810 5 3 3 3   174.0  174.0
 42 2159.734650 4.544E-25 9.079E+01.07190.089 2055.82710.78-.001875        0 3 1 1        0 3 1 0                    R 28f     3655431910 5 3 3 3   354.0  342.0
 42 2159.740440 2.398E-28 7.649E+01.06650.076 3695.66130.74-.002272        2 0 0 1        2 0 0 0                    R 52e     3645431910 5 3 3 3   642.0  630.0
 41 2159.740670 3.859E-27 1.626E+02.08330.106 4099.24260.72-.001414        1 1 1 2        1 1 1 1                    R  9e     3555431410 5 3 3 3   189.0  171.0
 42 2159.740800 2.097E-25 8.427E+01.07190.089 2199.62540.78-.001875        1 1 1 1        1 1 1 0                    R 28f     3655431810 5 3 3 3   354.0  342.0
 41 2159.742200 1.190E-25 7.430E+01.08570.108 3189.20040.71-.001352        2 1 1 1        2 1 1 0                    R  7f     3655431410 5 3 3 3   153.0  135.0
 41 2159.743730 6.881E-23 9.080E+01.07360.093 2131.22770.74-.002249        1 1 1 1        1 1 1 0                    P 24f     3655431410 5 3 3 3   423.0  441.0
 41 2159.744010 9.563E-26 2.045E+02.08680.109 3387.30380.71-.001777        0 2 0 2        0 2 0 1                    P  7e     3655431410 5 3 3 3   117.0  135.0
 43 2159.746594 5.477E-28 9.248E+01.06920.083 3496.55590.79-.002062        0 5 3 1        0 5 3 0                    R 38f     3655431310 5 3 3 3   474.0  462.0
 41 2159.747580 6.308E-27 7.626E+01.07250.090 4040.39890.76-.001833        2 2 0 1        2 2 0 0                    R 26e     3555431410 5 3 3 3   495.0  477.0
 42 2159.749472 8.777E-28 8.987E+01.06650.076 3461.89600.74-.002272        0 4 4 1        0 4 4 0                    R 52f     3645431310 5 3 3 3   642.0  630.0
 42 2159.750855 8.776E-28 8.987E+01.06650.076 3461.90210.74-.002272        0 4 4 1        0 4 4 0                    R 52e     3645431310 5 3 3 3   642.0  630.0
 44 2159.753610 1.169E-28 8.134E-01.07190.089 2650.77610.78-.002067        0 4 2 1        0 4 2 0                    Q 29e     3655431310 5 3 3 3   531.0  531.0
 41 2159.754090 2.389E-24 8.539E+01.08460.107 2600.74270.72-.001904        2 0 0 1        2 0 0 0                    P  9e     3655431410 5 3 3 3   153.0  171.0
 41 2159.755920 3.857E-27 1.626E+02.08330.106 4099.32230.72-.001414        1 1 1 2        1 1 1 1                    R  9f     3555431410 5 3 3 3   189.0  171.0
 44 2159.756970 1.456E-27 8.330E+01.07990.103 2923.38710.72-.001499        0 5 1 1        0 5 1 0                    R 12e     3655431310 5 3 3 3   243.0  225.0
 44 2159.761100 7.525E-24 9.470E+01.06770.079 1440.64240.76-.002214        0 1 1 1        0 1 1 0                    P 46f     3655431815 5 3 3 3   819.0  837.0
 44 2159.763035 2.668E-28 1.968E+00.07650.098 2566.69480.73-.001911        1 2 2 1        1 2 2 0                    Q 18e     3655431310 5 3 3 3   333.0  333.0
 41 2159.767750 5.960E-28 1.518E+00.07410.094 3687.56830.73-.002610        3 3 1 0        0 6 2 0                    R 22f     3655431410 5 3 3 3   423.0  405.0
 44 2159.768183 2.668E-28 1.968E+00.07650.098 2566.69210.73-.001911        1 2 2 1        1 2 2 0                    Q 18f     3655431310 5 3 3 3   333.0  333.0
 43 2159.778690 4.651E-26 9.267E+01.07700.099 2415.66880.73-.001603        0 4 0 1        0 4 0 0                    R 16e     3655431910 5 3 3 3   210.0  198.0
 43 2159.778740 5.375E-28 1.876E+02.07450.094 3530.11310.73-.001723        0 2 2 2        0 2 2 1                    R 21f     3655431910 5 3 3 3   270.0  258.0
 43 2159.780050 5.375E-28 1.876E+02.07450.094 3530.12350.73-.001723        0 2 2 2        0 2 2 1                    R 21e     3655431910 5 3 3 3   270.0  258.0
 44 2159.780716 1.309E-27 8.137E+01.07910.102 2955.12950.72-.001526        0 5 3 1        0 5 3 0                    R 13f     3655431310 5 3 3 3   261.0  243.0
 44 2159.780771 1.309E-27 8.137E+01.07910.102 2955.12950.72-.001526        0 5 3 1        0 5 3 0                    R 13e     3655431310 5 3 3 3   261.0  243.0
 42 2159.784200 4.596E-28 3.532E-03.07540.096 1310.62940.73-.001677        0 2 0 1        0 2 2 0                    R 19e     3655431810 5 3 3 3   246.0  234.0
 43 2159.786200 7.818E-27 1.065E+00.07990.103 1810.42620.72-.001788        0 3 1 1        0 3 1 0                    Q 13e     3655431810 5 3 3 3   162.0  162.0
 41 2159.786460 3.702E-28 3.260E-03.07990.103 2407.69460.72-.001788        0 4 0 1        0 4 2 0                    Q 13f     3655431410 5 3 3 3   243.0  243.0
 41 2159.788270 6.087E-26 6.893E-03.07150.088 1672.80140.79-.000574        0 6 0 0        1 0 0 0                    P 30e     3655431410 5 3 3 3   531.0  549.0
 43 2159.789200 1.985E-28 3.074E-03.07190.089 1523.89190.78-.002067        0 2 0 1        0 2 2 0                    Q 29f     3655431810 5 3 3 3   354.0  354.0
 44 2159.791600 2.455E-24 9.362E+01.07070.086 1599.50690.81-.002255        0 2 0 1        0 2 0 0                    P 33e     3655431810 5 3 3 3   585.0  603.0
 41 2159.793340 3.334E-28 8.799E+01.06850.081 4764.28760.78-.002859        1 5 1 1        0 7 1 0                    R 41f     3555431410 5 3 3 3   765.0  747.0
 43 2159.795000 1.549E-26 2.700E+00.08570.108 1765.93640.71-.001598        0 3 1 1        0 3 1 0                    Q  8f     3655431810 5 3 3 3   102.0  102.0
 42 2159.797810 3.999E-27 1.830E+02.07040.086 3205.92980.81-.001972        0 1 1 2        0 1 1 1                    R 33e     3655431910 5 3 3 3   414.0  402.0
 44 2159.798010 1.453E-27 8.329E+01.07990.103 2923.67580.72-.001499        0 5 1 1        0 5 1 0                    R 12f     3655431310 5 3 3 3   243.0  225.0
 41 2159.800690 6.898E-23 9.078E+01.07360.093 2130.68160.74-.002249        1 1 1 1        1 1 1 0                    P 24e     3655431410 5 3 3 3   423.0  441.0
 41 2159.801450 8.882E-28 3.023E-01.06750.078 3418.35820.76-.002200        1 2 2 1        1 2 2 0                    Q 47e     3655431410 5 3 3 3   855.0  855.0
 41 2159.808950 3.301E-28 1.801E+02.07190.089 4838.54170.78-.001875        0 4 2 2        0 4 2 1                    R 28f     3555431410 5 3 3 3   531.0  513.0
 42 2159.813900 5.328E-24 8.280E+01.08330.106 1317.89420.72-.001414        1 0 0 1        1 0 0 0                    R  9e     3655431810 5 3 3 3   126.0  114.0
 41 2159.827480 3.299E-28 1.801E+02.07190.089 4838.66190.78-.001875        0 4 2 2        0 4 2 1                    R 28e     3555431410 5 3 3 3   531.0  513.0
 41 2159.828970 1.362E-26 8.259E+01.07330.092 3882.93270.74-.001790        1 4 2 1        1 4 2 0                    R 24f     3655431410 5 3 3 3   459.0  441.0
 44 2159.833233 8.346E-28 4.885E+00.07360.093 2576.88130.74-.002009        0 4 4 1        0 4 4 0                    Q 24e     3655431310 5 3 3 3   441.0  441.0
 44 2159.833250 8.346E-28 4.885E+00.07360.093 2576.88130.74-.002009        0 4 4 1        0 4 4 0                    Q 24f     3655431310 5 3 3 3   441.0  441.0
 42 2159.834010 3.981E-27 1.830E+02.07040.086 3206.81960.81-.001972        0 1 1 2        0 1 1 1                    R 33f     3655431910 5 3 3 3   414.0  402.0
 43 2159.835200 8.892E-27 1.243E+00.08090.104 1799.88720.72-.001757        0 3 1 1        0 3 1 0                    Q 12e     3655431810 5 3 3 3   150.0  150.0
 41 2159.837690 1.361E-26 8.258E+01.07330.092 3882.99300.74-.001790        1 4 2 1        1 4 2 0                    R 24e     3655431410 5 3 3 3   459.0  441.0
 42 2159.838020 5.500E-28 8.319E+01.06670.076 3538.25590.75-.002259        1 2 0 1        1 2 0 0                    R 51e     3645431910 5 3 3 3   630.0  618.0
 41 2159.838350 6.776E-22 9.860E+01.06960.084 1768.19580.80-.002245        0 2 2 1        0 2 2 0                    P 37e     3655431410 5 3 3 3   657.0  675.0
 42 2159.843300 1.519E-25 1.781E-01.07090.087 1018.66760.81-.002095        0 1 1 1        0 1 1 0                    Q 32f     3655431815 5 3 3 3   390.0  390.0
 42 2159.843350 1.466E-27 8.974E+01.06680.076 3348.18140.75-.002245        0 4 0 1        0 4 0 0                    R 50e     3645431910 5 3 3 3   618.0  606.0
 44 2159.844456 6.532E-28 7.865E+01.07700.099 3129.81690.73-.001603        1 3 3 1        1 3 3 0                    R 16f     3655431310 5 3 3 3   315.0  297.0
 44 2159.844458 6.532E-28 7.865E+01.07700.099 3129.81690.73-.001603        1 3 3 1        1 3 3 0                    R 16e     3655431310 5 3 3 3   315.0  297.0
 41 2159.845010 2.657E-28 2.114E-01.06620.075 3625.06390.74-.002240        0 4 2 1        0 4 2 0                    Q 55f     3645431410 5 3 3 3   999.0  999.0
 41 2159.848840 6.780E-22 9.860E+01.06960.084 1768.08300.80-.002245        0 2 2 1        0 2 2 0                    P 37f     3655431410 5 3 3 3   657.0  675.0
 44 2159.849900 7.577E-24 9.467E+01.06770.079 1439.10910.76-.002214        0 1 1 1        0 1 1 0                    P 46e     3655431815 5 3 3 3   819.0  837.0
 41 2159.850940 3.809E-26 8.905E+01.07450.094 3661.06030.73-.001723        0 6 0 1        0 6 0 0                    R 21e     3655431410 5 3 3 3   405.0  387.0
 41 2159.859260 7.025E-28 1.990E-03.06940.083 2389.98250.80-.002143        0 3 1 1        0 3 3 0                    Q 38e     3655431410 5 3 3 3   693.0  693.0
 41 2159.859990 8.852E-24 9.562E+01.08330.106 2377.40580.72-.001957        0 4 2 1        0 4 2 0                    P 10e     3655431410 5 3 3 3   171.0  189.0
 41 2159.860730 8.852E-24 9.562E+01.08330.106 2377.40360.72-.001957        0 4 2 1        0 4 2 0                    P 10f     3655431410 5 3 3 3   171.0  189.0
 43 2159.869000 1.813E-26 3.472E+00.08680.109 1759.42800.71-.001548        0 3 1 1        0 3 1 0                    Q  7f     3655431810 5 3 3 3    90.0   90.0
 41 2159.873050 5.024E-28 8.837E-03.07450.094 2655.12910.73-.000117        0 8 0 0        1 2 0 0                    R 21e     3655431410 5 3 3 3   405.0  387.0
 41 2159.873320 2.916E-26 8.768E+01.07360.093 3730.38230.74-.001768        0 6 4 1        0 6 4 0                    R 23f     3655431410 5 3 3 3   441.0  423.0
 41 2159.873330 2.916E-26 8.768E+01.07360.093 3730.38230.74-.001768        0 6 4 1        0 6 4 0                    R 23e     3655431410 5 3 3 3   441.0  423.0
 41 2159.874530 3.323E-25 8.104E+01.08920.111 2906.21060.71-.001251        0 5 1 1        0 5 1 0                    R  4e     3655431410 5 3 3 3    99.0   81.0
 42 2159.876400 3.036E-26 1.076E-01.06870.081 1296.60970.78-.002164        0 1 1 1        0 1 1 0                    Q 41e     3655431815 5 3 3 3   498.0  498.0
 44 2159.877376 3.024E-28 2.201E+00.07700.099 2552.46420.73-.001890        1 2 2 1        1 2 2 0                    Q 17e     3655431310 5 3 3 3   315.0  315.0
 41 2159.877560 2.509E-28 3.144E-04.06730.078 2265.33420.76-.000418        0 6 2 0        1 0 0 0                    P 48e     3655431410 5 3 3 3   855.0  873.0
 41 2159.877780 3.099E-28 2.795E-03.08090.104 2396.75650.72-.001757        0 4 0 1        0 4 2 0                    Q 12f     3655431410 5 3 3 3   225.0  225.0
 43 2159.880300 1.014E-26 1.470E+00.08200.105 1790.15870.72-.001723        0 3 1 1        0 3 1 0                    Q 11e     3655431810 5 3 3 3   138.0  138.0
 41 2159.881470 1.238E-28 9.572E-01.06920.083 4022.97050.79-.002150        0 2 2 2        0 2 2 1                    Q 39e     3555431410 5 3 3 3   711.0  711.0
 44 2159.881542 3.024E-28 2.201E+00.07700.099 2552.46200.73-.001890        1 2 2 1        1 2 2 0                    Q 17f     3655431310 5 3 3 3   315.0  315.0
 43 2159.886210 6.764E-28 9.154E+01.06940.083 3445.69430.80-.002044        0 5 1 1        0 5 1 0                    R 37e     3655431910 5 3 3 3   462.0  450.0
 41 2159.887140 3.819E-24 8.889E+01.08460.107 2512.46550.72-.001904        1 2 2 1        1 2 2 0                    P  9e     3655431410 5 3 3 3   153.0  171.0
 41 2159.887290 3.819E-24 8.889E+01.08460.107 2512.46500.72-.001904        1 2 2 1        1 2 2 0                    P  9f     3655431410 5 3 3 3   153.0  171.0
 41 2159.894820 3.322E-25 8.103E+01.08920.111 2906.25410.71-.001251        0 5 1 1        0 5 1 0                    R  4f     3655431410 5 3 3 3    99.0   81.0
 42 2159.896100 1.714E-25 1.820E+02.07910.102 2253.30000.72-.001526        0 0 0 2        0 0 0 1                    R 13e     3655431810 5 3 3 3   174.0  162.0
 42 2159.899300 9.637E-23 1.006E+02.08920.111  588.03110.71-.001612        0 1 1 1        0 1 1 0                    P  5f     3655431815 5 3 3 3    54.0   66.0
 44 2159.902093 1.168E-28 8.129E-01.07190.089 2650.70160.78-.002067        0 4 2 1        0 4 2 0                    Q 29f     3655431310 5 3 3 3   531.0  531.0
 41 2159.904030 1.023E-28 9.068E-01.06890.082 4056.12540.79-.002157        0 2 2 2        0 2 2 1                    Q 40f     3555431410 5 3 3 3   729.0  729.0
 42 2159.907700 9.638E-23 1.006E+02.08920.111  588.00680.71-.001612        0 1 1 1        0 1 1 0                    P  5e     3655431815 5 3 3 3    54.0   66.0
 43 2159.908740 2.173E-28 8.591E+01.06870.081 3681.69320.78-.002095        1 3 1 1        1 3 1 0                    R 40e     3655431910 5 3 3 3   498.0  486.0
 45 2159.913816 2.134E-28 8.438E+01.08460.107 2908.61340.72-.001384        0 5 1 1        0 5 1 0                    R  8e     3655431310 5 3 3 3  1026.0  918.0
 41 2159.917890 7.336E-28 9.337E-04.07120.088 2184.05630.80-.002086        0 3 1 1        0 3 3 0                    Q 31f     3655431410 5 3 3 3   567.0  567.0
 43 2159.921700 1.161E-26 1.765E+00.08330.106 1781.24070.72-.001685        0 3 1 1        0 3 1 0                    Q 10e     3655431810 5 3 3 3   126.0  126.0
 41 2159.929080 1.415E-27 2.932E-01.06730.078 3320.48090.76-.002205        0 4 2 1        0 4 2 0                    Q 48e     3655431410 5 3 3 3   873.0  873.0
 43 2159.933800 2.154E-26 4.629E+00.08800.110 1753.73310.71-.001493        0 3 1 1        0 3 1 0                    Q  6f     3655431810 5 3 3 3    78.0   78.0
 42 2159.936300 1.176E-23 8.986E+01.08200.105 1190.52130.72-.001443        0 2 0 1        0 2 0 0                    R 10e     3655431810 5 3 3 3   138.0  126.0
 41 2159.939900 1.191E-26 6.846E-04.07220.090 1518.80580.77-.002259        0 2 0 1        0 2 2 0                    P 28e     3655431410 5 3 3 3   495.0  513.0
 44 2159.943074 1.354E-28 8.727E-01.07220.090 2627.75660.77-.002056        0 4 2 1        0 4 2 0                    Q 28e     3655431310 5 3 3 3   513.0  513.0
 45 2159.944053 1.943E-28 7.891E+01.08330.106 2934.68380.72-.001414        0 5 3 1        0 5 3 0                    R  9f     3655431310 5 3 3 3  1134.0 1026.0
 45 2159.944185 1.943E-28 7.891E+01.08330.106 2934.68380.72-.001414        0 5 3 1        0 5 3 0                    R  9e     3655431310 5 3 3 3  1134.0 1026.0
 45 2159.946049 2.132E-28 8.437E+01.08460.107 2908.75790.72-.001384        0 5 1 1        0 5 1 0                    R  8f     3655431310 5 3 3 3  1026.0  918.0
 41 2159.948460 2.837E-25 6.468E+01.08800.110 2926.68060.71-.001286        0 5 3 1        0 5 3 0                    R  5e     3655431410 5 3 3 3   117.0   99.0
 41 2159.948460 2.837E-25 6.468E+01.08800.110 2926.68060.71-.001286        0 5 3 1        0 5 3 0                    R  5f     3655431410 5 3 3 3   117.0   99.0
 44 2159.952020 4.370E-27 1.899E+02.07830.101 2881.39310.72-.002135        0 1 1 2        0 1 1 1                    P 15f     3655431310 5 3 3 3   261.0  279.0
 43 2159.958780 6.721E-28 9.220E+01.06940.083 3448.49100.80-.002044        0 5 1 1        0 5 1 0                    R 37f     3655431910 5 3 3 3   462.0  450.0
 43 2159.959500 1.335E-26 2.158E+00.08460.107 1773.13320.72-.001644        0 3 1 1        0 3 1 0                    Q  9e     3655431810 5 3 3 3   114.0  114.0
 41 2159.961870 2.533E-28 2.364E-03.08200.105 2386.65940.72-.001723        0 4 0 1        0 4 2 0                    Q 11f     3655431410 5 3 3 3   207.0  207.0
 41 2159.964190 5.449E-27 7.754E+01.07220.090 4081.24570.77-.001854        2 2 2 1        2 2 2 0                    R 27f     3555431410 5 3 3 3   513.0  495.0
 41 2159.966250 5.446E-27 7.751E+01.07220.090 4081.26880.77-.001854        2 2 2 1        2 2 2 0                    R 27e     3555431410 5 3 3 3   513.0  495.0
 43 2159.967379 2.134E-28 8.538E+01.06870.081 3684.14630.78-.002095        1 3 1 1        1 3 1 0                    R 40f     3655431310 5 3 3 3   498.0  486.0
 44 2159.974528 4.373E-27 1.899E+02.07830.101 2881.22500.72-.002135        0 1 1 2        0 1 1 1                    P 15e     3655431310 5 3 3 3   261.0  279.0
 44 2159.979300 3.813E-26 1.895E+02.07150.088 2581.46060.79-.002259        0 0 0 2        0 0 0 1                    P 30e     3655431810 5 3 3 3   531.0  549.0
 41 2159.979800 7.129E-28 2.885E-01.06730.078 3458.21660.76-.002205        1 2 2 1        1 2 2 0                    Q 48f     3655431410 5 3 3 3   873.0  873.0
 44 2159.981185 9.551E-28 5.312E+00.07410.094 2557.80190.73-.001995        0 4 4 1        0 4 4 0                    Q 23e     3655431310 5 3 3 3   423.0  423.0
 44 2159.981197 9.551E-28 5.312E+00.07410.094 2557.80190.73-.001995        0 4 4 1        0 4 4 0                    Q 23f     3655431310 5 3 3 3   423.0  423.0
 41 2159.982190 4.964E-26 1.872E+02.08680.109 3503.99060.71-.001777        1 0 0 2        1 0 0 1                    P  7e     3655431410 5 3 3 3   117.0  135.0
 44 2159.985292 3.425E-28 2.477E+00.07770.100 2539.02390.73-.001868        1 2 2 1        1 2 2 0                    Q 16e     3655431310 5 3 3 3   297.0  297.0
 44 2159.988651 3.425E-28 2.477E+00.07770.100 2539.02210.73-.001868        1 2 2 1        1 2 2 0                    Q 16f     3655431310 5 3 3 3   297.0  297.0
 43 2159.989200 2.613E-26 6.481E+00.08920.111 1748.85170.71-.001431        0 3 1 1        0 3 1 0                    Q  5f     3655431810 5 3 3 3    66.0   66.0
 43 2159.993300 1.548E-26 2.698E+00.08570.108 1765.83640.71-.001598        0 3 1 1        0 3 1 0                    Q  8e     3655431810 5 3 3 3   102.0  102.0
 43 2159.998800 2.015E-28 2.883E-03.07220.090 1500.36320.77-.002056        0 2 0 1        0 2 2 0                    Q 28f     3655431810 5 3 3 3   342.0  342.0
 43 2159.999100 1.184E-23 1.018E+02.07770.100 1270.30910.73-.002157        0 2 0 1        0 2 0 0                    P 16e     3655431810 5 3 3 3   186.0  198.0
 43 2159.999429 3.101E-28 9.307E+01.06850.081 3629.87410.78-.002112        0 5 5 1        0 5 5 0                    R 41e     3655431310 5 3 3 3   510.0  498.0
 43 2159.999455 3.101E-28 9.307E+01.06850.081 3629.87410.78-.002112        0 5 5 1        0 5 5 0                    R 41f     3655431310 5 3 3 3   510.0  498.0
 41 2160.012080 2.466E-28 1.803E+02.07120.088 4912.21480.80-.001915        0 4 4 2        0 4 4 1                    R 30f     3555431410 5 3 3 3   567.0  549.0
 41 2160.012090 2.466E-28 1.803E+02.07120.088 4912.21490.80-.001915        0 4 4 2        0 4 4 1                    R 30e     3555431410 5 3 3 3   567.0  549.0
 42 2160.017341 4.321E-28 8.290E+01.06650.076 3591.02280.74-.002272        1 2 2 1        1 2 2 0                    R 52f     3645431310 5 3 3 3   642.0  630.0
 43 2160.023400 1.812E-26 3.469E+00.08680.109 1759.35020.71-.001548        0 3 1 1        0 3 1 0                    Q  7e     3655431810 5 3 3 3    90.0   90.0
 45 2160.025018 8.385E-28 8.059E+01.08920.111 2463.89670.71-.001612        1 2 2 1        1 2 2 0                    P  5f     3655431310 5 3 3 3   486.0  594.0
 45 2160.025122 8.385E-28 8.059E+01.08920.111 2463.89670.71-.001612        1 2 2 1        1 2 2 0                    P  5e     3655431310 5 3 3 3   486.0  594.0
 41 2160.026540 6.752E-27 1.329E+00.06750.078 3305.62340.76-.002200        0 4 4 1        0 4 4 0                    Q 47e     3655431410 5 3 3 3   855.0  855.0
 43 2160.027300 1.265E-26 8.055E+01.07540.096 2687.20060.73-.001677        2 0 0 1        2 0 0 0                    R 19e     3655431810 5 3 3 3   246.0  234.0
 41 2160.028160 7.893E-27 1.764E+02.08330.106 3968.70960.72-.001414        0 3 1 2        0 3 1 1                    R  9e     3655431410 5 3 3 3   189.0  171.0
 41 2160.028290 6.752E-27 1.329E+00.06750.078 3305.62250.76-.002200        0 4 4 1        0 4 4 0                    Q 47f     3655431410 5 3 3 3   855.0  855.0
 41 2160.032050 7.240E-27 1.672E+02.08200.105 3994.18990.72-.001443        0 3 3 2        0 3 3 1                    R 10e     3655431410 5 3 3 3   207.0  189.0
 41 2160.032060 7.240E-27 1.672E+02.08200.105 3994.18990.72-.001443        0 3 3 2        0 3 3 1                    R 10f     3655431410 5 3 3 3   207.0  189.0
 43 2160.035500 3.271E-26 9.722E+00.09060.112 1744.78380.70-.001363        0 3 1 1        0 3 1 0                    Q  4f     3655431810 5 3 3 3    54.0   54.0
 44 2160.036048 3.208E-25 9.293E+01.07650.098 1889.21970.73-.002193        0 3 3 1        0 3 3 0                    P 18f     3655431310 5 3 3 3   315.0  333.0
 44 2160.036049 3.208E-25 9.293E+01.07650.098 1889.21970.73-.002193        0 3 3 1        0 3 3 0                    P 18e     3655431310 5 3 3 3   315.0  333.0
 41 2160.038780 2.013E-28 1.967E-03.08330.106 2377.40360.72-.001685        0 4 0 1        0 4 2 0                    Q 10f     3655431410 5 3 3 3   189.0  189.0
 41 2160.043820 1.498E-28 1.657E+02.07150.088 4990.82300.79-.001895        1 2 0 2        1 2 0 1                    R 29e     3555431410 5 3 3 3   549.0  531.0
 43 2160.044900 6.459E-24 9.444E+01.07770.100 1379.56790.73-.002157        1 0 0 1        1 0 0 0                    P 16e     3655431810 5 3 3 3   186.0  198.0
 45 2160.047588 2.834E-27 9.878E+01.08680.109 2330.84710.71-.001777        0 4 0 1        0 4 0 0                    P  7e     3655431310 5 3 3 3   702.0  810.0
 42 2160.049608 4.329E-28 8.329E+01.06650.076 3591.60770.74-.002272        1 2 2 1        1 2 2 0                    R 52e     3645431310 5 3 3 3   642.0  630.0
 43 2160.049800 2.153E-26 4.627E+00.08800.110 1753.67470.71-.001493        0 3 1 1        0 3 1 0                    Q  6e     3655431810 5 3 3 3    78.0   78.0
 41 2160.054450 7.887E-27 1.764E+02.08330.106 3968.84140.72-.001414        0 3 1 2        0 3 1 1                    R  9f     3655431410 5 3 3 3   189.0  171.0
 43 2160.058800 4.360E-26 9.209E+01.07650.098 2439.06050.73-.001628        0 4 2 1        0 4 2 0                    R 17f     3655431910 5 3 3 3   222.0  210.0
 43 2160.062140 4.360E-26 9.209E+01.07650.098 2439.07390.73-.001628        0 4 2 1        0 4 2 0                    R 17e     3655431910 5 3 3 3   222.0  210.0
 41 2160.069220 3.053E-27 7.112E+01.07150.088 4196.58210.79-.001895        3 0 0 1        3 0 0 0                    R 29e     3555431410 5 3 3 3   549.0  531.0
 43 2160.072400 2.613E-26 6.479E+00.08920.111 1748.80990.71-.001431        0 3 1 1        0 3 1 0                    Q  5e     3655431810 5 3 3 3    66.0   66.0
 43 2160.072500 4.308E-26 1.620E+01.09220.114 1741.52950.70-.001287        0 3 1 1        0 3 1 0                    Q  3f     3655431810 5 3 3 3    42.0   42.0
 44 2160.072787 1.354E-28 8.722E-01.07220.090 2627.69150.77-.002056        0 4 2 1        0 4 2 0                    Q 28f     3655431310 5 3 3 3   513.0  513.0
 42 2160.079980 1.170E-27 8.981E+01.06670.076 3398.71690.75-.002259        0 4 2 1        0 4 2 0                    R 51f     3645431910 5 3 3 3   630.0  618.0
 42 2160.080600 3.679E-26 1.132E-01.06890.082 1262.29200.79-.002157        0 1 1 1        0 1 1 0                    Q 40e     3655431815 5 3 3 3   486.0  486.0
 43 2160.085520 3.062E-28 1.723E+02.07450.094 3628.36320.73-.001723        1 0 0 2        1 0 0 1                    R 21e     3655431910 5 3 3 3   270.0  258.0
 44 2160.086800 2.004E-25 8.723E+01.07700.099 1960.85930.73-.002177        1 1 1 1        1 1 1 0                    P 17f     3655431810 5 3 3 3   297.0  315.0
 44 2160.086849 3.879E-28 2.808E+00.07830.101 2526.37390.72-.001843        1 2 2 1        1 2 2 0                    Q 15e     3655431310 5 3 3 3   279.0  279.0
 44 2160.089465 3.879E-28 2.808E+00.07830.101 2526.37250.72-.001843        1 2 2 1        1 2 2 0                    Q 15f     3655431310 5 3 3 3   279.0  279.0
 43 2160.091200 3.271E-26 9.720E+00.09060.112 1744.75600.70-.001363        0 3 1 1        0 3 1 0                    Q  4e     3655431810 5 3 3 3    54.0   54.0
 44 2160.092718 1.067E-27 7.955E+01.07770.100 3019.02120.73-.001578        0 5 5 1        0 5 5 0                    R 15e     3655431310 5 3 3 3   297.0  279.0
 44 2160.092729 1.067E-27 7.955E+01.07770.100 3019.02120.73-.001578        0 5 5 1        0 5 5 0                    R 15f     3655431310 5 3 3 3   297.0  279.0
 45 2160.092900 3.556E-25 9.616E+01.07010.085 1674.62670.81-.002251        0 2 0 1        0 2 0 0                    P 35e     3655431810 5 3 3 3  3726.0 3834.0
 41 2160.094420 7.538E-28 1.878E-03.06960.084 2358.04790.80-.002136        0 3 1 1        0 3 3 0                    Q 37e     3655431410 5 3 3 3   675.0  675.0
 45 2160.098790 5.196E-28 8.973E+01.09060.112 2532.74480.70-.001513        2 0 0 1        2 0 0 0                    P  4e     3655431310 5 3 3 3   378.0  486.0
 43 2160.099800 6.228E-26 3.241E+01.09410.116 1739.08870.70-.001203        0 3 1 1        0 3 1 0                    Q  2f     3655431910 5 3 3 3    30.0   30.0
 42 2160.105000 1.786E-25 1.897E-01.07120.088  991.81640.80-.002086        0 1 1 1        0 1 1 0                    Q 31f     3655431815 5 3 3 3   378.0  378.0
 43 2160.106300 4.307E-26 1.620E+01.09220.114 1741.51270.70-.001287        0 3 1 1        0 3 1 0                    Q  3e     3655431810 5 3 3 3    42.0   42.0
 41 2160.108550 1.532E-28 1.589E-03.08460.107 2368.98900.72-.001644        0 4 0 1        0 4 2 0                    Q  9f     3655431410 5 3 3 3   171.0  171.0
 45 2160.113297 1.664E-28 7.355E+01.08090.104 2987.98520.72-.001471        0 5 5 1        0 5 5 0                    R 11f     3655431310 5 3 3 3  1350.0 1242.0
 45 2160.113433 1.664E-28 7.355E+01.08090.104 2987.98520.72-.001471        0 5 5 1        0 5 5 0                    R 11e     3655431310 5 3 3 3  1350.0 1242.0
 41 2160.114670 1.557E-28 1.439E-03.07590.097 2482.35190.73-.002207        0 4 2 1        0 4 0 0                    P 19e     3655431410 5 3 3 3   333.0  351.0
 43 2160.116450 6.227E-26 3.241E+01.09410.116 1739.08020.70-.001203        0 3 1 1        0 3 1 0                    Q  2e     3655431910 5 3 3 3    30.0   30.0
 43 2160.118310 1.130E-25 9.723E+01.09620.119 1737.46150.69-.001109        0 3 1 1        0 3 1 0                    Q  1f     3655431910 5 3 3 3    18.0   18.0
 44 2160.120700 2.006E-25 8.721E+01.07700.099 1960.59260.73-.002177        1 1 1 1        1 1 1 0                    P 17e     3655431810 5 3 3 3   297.0  315.0
 41 2160.122330 3.409E-28 2.208E-01.06630.075 3578.92130.74-.002235        0 4 2 1        0 4 2 0                    Q 54f     3645431410 5 3 3 3   981.0  981.0
 41 2160.122630 1.450E-28 8.840E+01.06770.079 4954.93380.76-.002174        0 7 5 1        0 7 5 0                    R 45e     3555431410 5 3 3 3   837.0  819.0
 41 2160.122680 1.450E-28 8.840E+01.06770.079 4954.93400.76-.002174        0 7 5 1        0 7 5 0                    R 45f     3555431410 5 3 3 3   837.0  819.0
 44 2160.122970 1.091E-27 5.798E+00.07450.094 2539.51690.73-.001980        0 4 4 1        0 4 4 0                    Q 22e     3655431310 5 3 3 3   405.0  405.0
 44 2160.122986 1.091E-27 5.798E+00.07450.094 2539.51690.73-.001980        0 4 4 1        0 4 4 0                    Q 22f     3655431310 5 3 3 3   405.0  405.0
 43 2160.123930 1.130E-25 9.723E+01.09620.119 1737.45860.69-.001109        0 3 1 1        0 3 1 0                    Q  1e     3655431910 5 3 3 3    18.0   18.0
 44 2160.125424 1.566E-28 9.385E-01.07250.090 2605.53020.76-.002045        0 4 2 1        0 4 2 0                    Q 27e     3655431310 5 3 3 3   495.0  495.0
 44 2160.127439 3.805E-27 5.971E+01.09220.114 2310.18040.70-.001400        0 4 2 1        0 4 2 0                    P  3e     3655431310 5 3 3 3    45.0   63.0
 44 2160.127450 3.805E-27 5.971E+01.09220.114 2310.18040.70-.001400        0 4 2 1        0 4 2 0                    P  3f     3655431310 5 3 3 3    45.0   63.0
 41 2160.133000 1.390E-22 9.770E+01.07360.093 2001.63420.74-.002249        0 3 1 1        0 3 1 0                    P 24f     3655431410 5 3 3 3   423.0  441.0
 41 2160.134940 1.029E-26 8.281E+01.07250.090 3956.68130.76-.001833        1 4 4 1        1 4 4 0                    R 26e     3655431410 5 3 3 3   495.0  477.0
 41 2160.134950 1.029E-26 8.281E+01.07250.090 3956.68130.76-.001833        1 4 4 1        1 4 4 0                    R 26f     3655431410 5 3 3 3   495.0  477.0
 41 2160.137260 1.101E-27 3.162E-01.06770.079 3379.07020.76-.002194        1 2 2 1        1 2 2 0                    Q 46e     3655431410 5 3 3 3   837.0  837.0
 41 2160.137570 5.287E-28 3.268E+02.09060.112 4425.61970.70-.001513        0 0 0 3        0 0 0 2                    P  4e     3555431410 5 3 3 3    63.0   81.0
 43 2160.140400 2.199E-26 8.647E+01.07590.097 2577.78790.73-.001653        1 2 0 1        1 2 0 0                    R 18e     3655431810 5 3 3 3   234.0  222.0
 43 2160.147800 1.494E-25 2.054E+02.07910.102 2285.91250.72-.002108        0 0 0 2        0 0 0 1                    P 14e     3655431810 5 3 3 3   162.0  174.0
 41 2160.152970 2.526E-25 5.420E+01.08570.108 2969.36760.71-.001352        0 5 5 1        0 5 5 0                    R  7e     3655431410 5 3 3 3   153.0  135.0
 41 2160.152970 2.526E-25 5.420E+01.08570.108 2969.36760.71-.001352        0 5 5 1        0 5 5 0                    R  7f     3655431410 5 3 3 3   153.0  135.0
 43 2160.153469 1.456E-28 8.724E+01.06830.080 3776.84790.78-.002128        1 3 3 1        1 3 3 0                    R 42f     3655431310 5 3 3 3   522.0  510.0
 41 2160.158260 1.490E-28 1.010E+00.06940.083 3990.49380.80-.002143        0 2 2 2        0 2 2 1                    Q 38e     3655431410 5 3 3 3   693.0  693.0
 41 2160.160400 1.236E-28 9.555E-01.06920.083 4022.83170.79-.002150        0 2 2 2        0 2 2 1                    Q 39f     3555431410 5 3 3 3   711.0  711.0
 43 2160.162100 9.959E-23 1.009E+02.07150.088  962.54430.79-.002259        0 1 1 1        0 1 1 0                    P 30f     3655431815 5 3 3 3   354.0  366.0
 44 2160.166414 7.584E-28 7.805E+01.07700.099 3097.42570.73-.001603        1 3 1 1        1 3 1 0                    R 16e     3655431310 5 3 3 3   315.0  297.0
 44 2160.169489 8.097E-28 5.105E+01.09620.119 2491.18700.69-.001089        2 0 0 1        2 0 0 0                    R  0e     3655431310 5 3 3 3    27.0    9.0
 43 2160.170038 1.456E-28 8.724E+01.06830.080 3776.82620.78-.002128        1 3 3 1        1 3 3 0                    R 42e     3655431310 5 3 3 3   522.0  510.0
 41 2160.171230 1.144E-28 1.278E-03.08570.108 2361.41570.71-.001598        0 4 0 1        0 4 2 0                    Q  8f     3655431410 5 3 3 3   153.0  153.0
 41 2160.173410 2.761E-21 9.819E+01.06530.072 1582.17980.72-.002163        0 0 0 1        0 0 0 0                    P 61e     3645431416 5 3 3 3  1089.0 1107.0
 44 2160.182001 4.394E-28 3.210E+00.07910.102 2514.51430.72-.001817        1 2 2 1        1 2 2 0                    Q 14e     3655431310 5 3 3 3   261.0  261.0
 41 2160.183350 3.440E-28 1.802E+02.07190.089 4830.15260.78-.001875        0 4 0 2        0 4 0 1                    R 28e     3555431410 5 3 3 3   531.0  513.0
 44 2160.184134 4.394E-28 3.210E+00.07910.102 2514.51310.72-.001817        1 2 2 1        1 2 2 0                    Q 14f     3655431310 5 3 3 3   261.0  261.0
 43 2160.185650 2.611E-27 1.493E+02.09220.114 2775.11300.70-.001175        0 1 1 2        0 1 1 1                    R  2e     3655431910 5 3 3 3    42.0   30.0
 43 2160.189950 2.611E-27 1.493E+02.09220.114 2775.11730.70-.001175        0 1 1 2        0 1 1 1                    R  2f     3655431910 5 3 3 3    42.0   30.0
 41 2160.193770 7.213E-26 1.854E+02.08800.110 3390.64470.71-.001699        0 2 2 2        0 2 2 1                    P  6e     3655431410 5 3 3 3    99.0  117.0
 41 2160.193820 7.213E-26 1.854E+02.08800.110 3390.64460.71-.001699        0 2 2 2        0 2 2 1                    P  6f     3655431410 5 3 3 3    99.0  117.0
 41 2160.196680 7.661E-28 8.875E-04.07150.088 2157.99420.79-.002077        0 3 1 1        0 3 3 0                    Q 30f     3655431410 5 3 3 3   549.0  549.0
 41 2160.198560 1.435E-26 8.259E+01.07330.092 3872.07900.74-.001790        1 4 0 1        1 4 0 0                    R 24e     3655431410 5 3 3 3   459.0  441.0
 43 2160.200700 2.031E-28 2.696E-03.07250.090 1477.64490.76-.002045        0 2 0 1        0 2 2 0                    Q 27f     3655431810 5 3 3 3   330.0  330.0
 44 2160.203305 7.568E-28 7.803E+01.07700.099 3097.80830.73-.001603        1 3 1 1        1 3 1 0                    R 16f     3655431310 5 3 3 3   315.0  297.0
 42 2160.204510 1.973E-28 7.651E+01.06630.075 3739.58050.74-.002285        2 0 0 1        2 0 0 0                    R 53e     3645431910 5 3 3 3   654.0  642.0
 43 2160.209990 5.661E-28 1.878E+02.07450.094 3519.61190.73-.001723        0 2 0 2        0 2 0 1                    R 21e     3655431910 5 3 3 3   270.0  258.0
 41 2160.213200 3.425E-26 8.724E+01.07410.094 3687.56830.73-.001746        0 6 2 1        0 6 2 0                    R 22f     3655431410 5 3 3 3   423.0  405.0
 42 2160.213370 1.160E-27 8.975E+01.06670.076 3400.25360.75-.002259        0 4 2 1        0 4 2 0                    R 51e     3645431910 5 3 3 3   630.0  618.0
 41 2160.214930 1.814E-25 7.070E+01.08570.108 3092.19060.71-.001352        1 3 3 1        1 3 3 0                    R  7e     3655431410 5 3 3 3   153.0  135.0
 41 2160.214930 1.814E-25 7.070E+01.08570.108 3092.19060.71-.001352        1 3 3 1        1 3 3 0                    R  7f     3655431410 5 3 3 3   153.0  135.0
 44 2160.218407 1.270E-27 1.637E+02.09620.119 2412.29590.69-.001130        1 2 0 1        1 2 0 0                    P  1e     3655431310 5 3 3 3     9.0   27.0
 43 2160.219300 9.999E-23 1.008E+02.07150.088  961.85350.79-.002259        0 1 1 1        0 1 1 0                    P 30e     3655431815 5 3 3 3   354.0  366.0
 41 2160.220900 1.395E-22 9.768E+01.07360.093 2000.73990.74-.002249        0 3 1 1        0 3 1 0                    P 24e     3655431410 5 3 3 3   423.0  441.0
 41 2160.224720 3.480E-26 8.867E+01.07410.094 3687.66600.73-.001746        0 6 2 1        0 6 2 0                    R 22e     3655431410 5 3 3 3   423.0  405.0
 41 2160.230540 2.047E-25 7.878E+01.08680.109 3063.75830.71-.001320        1 3 1 1        1 3 1 0                    R  6e     3655431410 5 3 3 3   135.0  117.0
 43 2160.237930 2.002E-26 8.688E+01.07540.096 2608.30360.73-.001677        1 2 2 1        1 2 2 0                    R 19f     3655431910 5 3 3 3   246.0  234.0
 44 2160.238162 1.565E-28 9.380E-01.07250.090 2605.47370.76-.002045        0 4 2 1        0 4 2 0                    Q 27f     3655431310 5 3 3 3   495.0  495.0
 43 2160.238970 2.002E-26 8.688E+01.07540.096 2608.30920.73-.001677        1 2 2 1        1 2 2 0                    R 19e     3655431910 5 3 3 3   246.0  234.0
 42 2160.244068 7.202E-28 8.993E+01.06630.075 3506.43270.74-.002285        0 4 4 1        0 4 4 0                    R 53f     3645431310 5 3 3 3   654.0  642.0
 42 2160.245635 7.201E-28 8.993E+01.06630.075 3506.43980.74-.002285        0 4 4 1        0 4 4 0                    R 53e     3645431310 5 3 3 3   654.0  642.0
 45 2160.245851 8.115E-28 1.939E+02.07650.098 2930.61750.73-.002193        0 1 1 2        0 1 1 1                    P 18f     3655431310 5 3 3 3  1890.0 1998.0
 41 2160.250270 3.330E-28 3.511E-04.06750.078 2225.35380.76-.000427        0 6 2 0        1 0 0 0                    P 47e     3655431410 5 3 3 3   837.0  855.0
 41 2160.250710 2.047E-25 7.877E+01.08680.109 3063.82630.71-.001320        1 3 1 1        1 3 1 0                    R  6f     3655431410 5 3 3 3   135.0  117.0
 41 2160.251790 1.300E-28 1.672E+02.07120.088 5028.40260.80-.001915        1 2 2 2        1 2 2 1                    R 30f     3555431410 5 3 3 3   567.0  549.0
 41 2160.256890 1.300E-28 1.672E+02.07120.088 5028.44630.80-.001915        1 2 2 2        1 2 2 1                    R 30e     3555431410 5 3 3 3   567.0  549.0
 44 2160.258300 4.181E-28 7.444E+01.07540.096 3242.72270.73-.001677        2 1 1 1        2 1 1 0                    R 19e     3655431310 5 3 3 3   369.0  351.0
 44 2160.258596 1.243E-27 6.353E+00.07490.095 2522.02620.73-.001965        0 4 4 1        0 4 4 0                    Q 21e     3655431310 5 3 3 3   387.0  387.0
 44 2160.258607 1.243E-27 6.353E+00.07490.095 2522.02620.73-.001965        0 4 4 1        0 4 4 0                    Q 21f     3655431310 5 3 3 3   387.0  387.0
 41 2160.260940 9.579E-24 9.929E+01.08330.106 2368.83660.72-.001957        0 4 0 1        0 4 0 0                    P 10e     3655431410 5 3 3 3   171.0  189.0
 41 2160.269910 2.310E-28 8.816E+01.06810.080 4849.52000.77-.002143        0 7 3 1        0 7 3 0                    R 43e     3555431410 5 3 3 3   801.0  783.0
 41 2160.270500 2.947E-28 8.815E+01.06830.080 4794.73380.78-.002877        1 5 1 1        0 7 1 0                    R 42e     3555431410 5 3 3 3   783.0  765.0
 44 2160.270805 4.983E-28 3.705E+00.07990.103 2503.44510.72-.001788        1 2 2 1        1 2 2 0                    Q 13e     3655431310 5 3 3 3   243.0  243.0
 44 2160.272407 4.983E-28 3.705E+00.07990.103 2503.44420.72-.001788        1 2 2 1        1 2 2 0                    Q 13f     3655431310 5 3 3 3   243.0  243.0
 43 2160.273300 1.868E-27 2.933E-02.08090.104 1332.79720.72-.000618        0 6 0 0        1 0 0 0                    P 12e     3655431910 5 3 3 3   138.0  150.0
 45 2160.276154 8.124E-28 1.939E+02.07650.098 2930.36530.73-.002193        0 1 1 2        0 1 1 1                    P 18e     3655431310 5 3 3 3  1890.0 1998.0
 43 2160.277738 3.593E-26 9.086E+01.07540.096 2497.14890.73-.001677        0 4 4 1        0 4 4 0                    R 19f     3655431310 5 3 3 3   246.0  234.0
 43 2160.277757 3.593E-26 9.086E+01.07540.096 2497.14890.73-.001677        0 4 4 1        0 4 4 0                    R 19e     3655431310 5 3 3 3   246.0  234.0
 41 2160.279710 1.207E-27 2.518E-03.09060.112 1885.27530.70-.000108        0 7 1 0        1 1 1 0                    R  3e     3655431410 5 3 3 3    81.0   63.0
 42 2160.279900 4.443E-26 1.191E-01.06920.083 1228.80900.79-.002150        0 1 1 1        0 1 1 0                    Q 39e     3655431815 5 3 3 3   474.0  474.0
 44 2160.283400 1.459E-23 9.440E+01.06570.073 1351.81330.73-.002172        0 0 0 1        0 0 0 0                    P 58e     3645431816 5 3 3 3  1035.0 1053.0
 45 2160.283504 6.501E-28 3.754E+01.08920.111 2359.03000.71-.001612        0 4 4 1        0 4 4 0                    P  5f     3655431310 5 3 3 3   486.0  594.0
 45 2160.283630 6.501E-28 3.754E+01.08920.111 2359.03000.71-.001612        0 4 4 1        0 4 4 0                    P  5e     3655431310 5 3 3 3   486.0  594.0
 41 2160.284330 8.867E-28 3.016E-01.06750.078 3418.11480.76-.002200        1 2 2 1        1 2 2 0                    Q 47f     3655431410 5 3 3 3   855.0  855.0
 41 2160.290130 2.308E-28 8.814E+01.06810.080 4849.65960.77-.002143        0 7 3 1        0 7 3 0                    R 43f     3555431410 5 3 3 3   801.0  783.0
 44 2160.295138 4.173E-28 7.444E+01.07540.096 3243.14380.73-.001677        2 1 1 1        2 1 1 0                    R 19f     3655431310 5 3 3 3   369.0  351.0
 44 2160.300764 1.805E-28 1.012E+00.07290.091 2584.09700.75-.002034        0 4 2 1        0 4 2 0                    Q 26e     3655431310 5 3 3 3   477.0  477.0
 43 2160.300841 4.816E-28 9.258E+01.06890.082 3528.24660.79-.002079        0 5 3 1        0 5 3 0                    R 39e     3655431310 5 3 3 3   486.0  474.0
 41 2160.302500 1.984E-26 8.700E+01.07250.090 3831.70250.76-.001833        0 6 6 1        0 6 6 0                    R 26e     3655431410 5 3 3 3   495.0  477.0
 41 2160.302500 1.984E-26 8.700E+01.07250.090 3831.70250.76-.001833        0 6 6 1        0 6 6 0                    R 26f     3655431410 5 3 3 3   495.0  477.0
 43 2160.303777 4.816E-28 9.258E+01.06890.082 3528.26550.79-.002079        0 5 3 1        0 5 3 0                    R 39f     3655431310 5 3 3 3   486.0  474.0
 41 2160.309460 1.768E-27 3.075E-01.06750.078 3280.11750.76-.002200        0 4 2 1        0 4 2 0                    Q 47e     3655431410 5 3 3 3   855.0  855.0
 42 2160.318560 4.204E-25 9.093E+01.07150.088 2078.87440.79-.001895        0 3 1 1        0 3 1 0                    R 29e     3655431910 5 3 3 3   366.0  354.0
 41 2160.322800 8.039E-28 1.769E-03.06990.084 2326.95180.81-.002129        0 3 1 1        0 3 3 0                    Q 36e     3655431410 5 3 3 3   657.0  657.0
 42 2160.323430 4.540E-28 8.322E+01.06650.076 3581.59370.74-.002272        1 2 0 1        1 2 0 0                    R 52e     3645431910 5 3 3 3   642.0  630.0
 41 2160.325730 1.211E-27 2.525E-03.09060.112 1885.28620.70-.000108        0 7 1 0        1 1 1 0                    R  3f     3655431410 5 3 3 3    81.0   63.0
 41 2160.325840 7.100E-22 9.838E+01.06960.084 1758.05680.80-.002245        0 2 0 1        0 2 0 0                    P 37e     3655431410 5 3 3 3   657.0  675.0
 41 2160.335840 8.367E-27 1.388E+00.06770.079 3266.10070.76-.002194        0 4 4 1        0 4 4 0                    Q 46e     3655431410 5 3 3 3   837.0  837.0
 41 2160.337330 8.367E-27 1.388E+00.06770.079 3266.10000.76-.002194        0 4 4 1        0 4 4 0                    Q 46f     3655431410 5 3 3 3   837.0  837.0
 42 2160.341460 3.580E-25 9.056E+01.07120.088 2117.75040.80-.001915        0 3 3 1        0 3 3 0                    R 30e     3655431910 5 3 3 3   378.0  366.0
 42 2160.341700 1.157E-23 8.792E+01.08090.104 1206.47230.72-.001471        0 2 2 1        0 2 2 0                    R 11f     3655431810 5 3 3 3   150.0  138.0
 41 2160.342100 1.339E-22 9.714E+01.07410.094 1999.07210.73-.002244        0 3 3 1        0 3 3 0                    P 23f     3655431410 5 3 3 3   405.0  423.0
 41 2160.342160 1.339E-22 9.714E+01.07410.094 1999.07180.73-.002244        0 3 3 1        0 3 3 0                    P 23e     3655431410 5 3 3 3   405.0  423.0
 42 2160.342330 3.579E-25 9.056E+01.07120.088 2117.75370.80-.001915        0 3 3 1        0 3 3 0                    R 30f     3655431910 5 3 3 3   378.0  366.0
 42 2160.342600 1.157E-23 8.792E+01.08090.104 1206.47350.72-.001471        0 2 2 1        0 2 2 0                    R 11e     3655431810 5 3 3 3   150.0  138.0
 42 2160.345800 1.936E-25 8.439E+01.07150.088 2223.08460.79-.001895        1 1 1 1        1 1 1 0                    R 29e     3655431810 5 3 3 3   366.0  354.0
 42 2160.346430 1.214E-27 8.979E+01.06670.076 3390.88820.75-.002259        0 4 0 1        0 4 0 0                    R 51e     3645431910 5 3 3 3   630.0  618.0
 44 2160.353310 5.660E-28 4.324E+00.08090.104 2493.16630.72-.001757        1 2 2 1        1 2 2 0                    Q 12e     3655431310 5 3 3 3   225.0  225.0
 44 2160.354528 5.660E-28 4.324E+00.08090.104 2493.16560.72-.001757        1 2 2 1        1 2 2 0                    Q 12f     3655431310 5 3 3 3   225.0  225.0
 41 2160.354610 2.873E-28 8.805E+01.06830.080 4799.70080.78-.002877        1 5 1 1        0 7 1 0                    R 42f     3555431410 5 3 3 3   783.0  765.0
 41 2160.358070 4.208E-28 1.130E+00.07360.093 3706.93610.74-.002639        3 3 1 0        0 6 2 0                    R 23f     3655431410 5 3 3 3   441.0  423.0
 42 2160.358600 2.094E-25 2.024E-01.07150.088  965.80280.79-.002077        0 1 1 1        0 1 1 0                    Q 30f     3655431815 5 3 3 3   366.0  366.0
 41 2160.368370 1.703E-28 4.584E-03.07220.090 2791.10810.77-.000894        1 6 2 0        1 2 2 0                    R 27f     3655431410 5 3 3 3   513.0  495.0
 45 2160.372568 1.206E-28 7.965E+01.08090.104 3070.47540.72-.001471        1 3 1 1        1 3 1 0                    R 11e     3655431310 5 3 3 3  1350.0 1242.0
 42 2160.377100 1.928E-25 8.438E+01.07150.088 2223.86170.79-.001895        1 1 1 1        1 1 1 0                    R 29f     3655431810 5 3 3 3   366.0  354.0
 42 2160.380820 4.175E-25 9.091E+01.07150.088 2080.23000.79-.001895        0 3 1 1        0 3 1 0                    R 29f     3655431910 5 3 3 3   366.0  354.0
 41 2160.387790 5.864E-27 7.634E+01.07220.090 4062.86220.77-.001854        2 2 0 1        2 2 0 0                    R 27e     3555431410 5 3 3 3   513.0  495.0
 44 2160.388059 1.415E-27 6.991E+00.07540.096 2505.33000.73-.001948        0 4 4 1        0 4 4 0                    Q 20e     3655431310 5 3 3 3   369.0  369.0
 44 2160.388068 1.415E-27 6.991E+00.07540.096 2505.32990.73-.001948        0 4 4 1        0 4 4 0                    Q 20f     3655431310 5 3 3 3   369.0  369.0
 41 2160.394710 4.232E-24 9.259E+01.08460.107 2499.62780.72-.001904        1 2 0 1        1 2 0 0                    P  9e     3655431410 5 3 3 3   153.0  171.0
 43 2160.395100 2.029E-28 2.514E-03.07290.091 1455.73690.75-.002034        0 2 0 1        0 2 2 0                    Q 26f     3655431810 5 3 3 3   318.0  318.0
 41 2160.396120 4.358E-28 2.307E-01.06650.076 3533.61270.74-.002230        0 4 2 1        0 4 2 0                    Q 53f     3645431410 5 3 3 3   963.0  963.0
 42 2160.396540 3.589E-27 1.832E+02.07010.085 3234.17790.81-.001991        0 1 1 2        0 1 1 1                    R 34e     3655431910 5 3 3 3   426.0  414.0
 44 2160.398117 1.804E-28 1.011E+00.07290.091 2584.04820.75-.002034        0 4 2 1        0 4 2 0                    Q 26f     3655431310 5 3 3 3   477.0  477.0
 45 2160.402699 1.205E-28 7.964E+01.08090.104 3070.67450.72-.001471        1 3 1 1        1 3 1 0                    R 11f     3655431310 5 3 3 3  1350.0 1242.0
 41 2160.406660 1.879E-21 9.852E+01.06720.077 1616.61740.75-.002203        0 1 1 1        0 1 1 0                    P 49f     3655431415 5 3 3 3   873.0  891.0
 43 2160.408900 1.109E-23 1.009E+02.07830.101 1268.26430.72-.002135        0 2 2 1        0 2 2 0                    P 15e     3655431810 5 3 3 3   174.0  186.0
 43 2160.409600 1.109E-23 1.009E+02.07830.101 1268.26140.72-.002135        0 2 2 1        0 2 2 0                    P 15f     3655431810 5 3 3 3   174.0  186.0
 41 2160.410950 1.488E-28 1.008E+00.06940.083 3990.36810.80-.002143        0 2 2 2        0 2 2 1                    Q 38f     3655431410 5 3 3 3   693.0  693.0
 41 2160.411350 9.695E-28 5.027E-04.06770.079 2074.86640.76-.002214        0 2 2 1        0 2 0 0                    P 46e     3655431410 5 3 3 3   819.0  837.0
 41 2160.427380 1.787E-28 1.066E+00.06960.084 3958.84840.80-.002136        0 2 2 2        0 2 2 1                    Q 37e     3655431410 5 3 3 3   675.0  675.0
 44 2160.429364 6.445E-28 5.111E+00.08200.105 2483.67810.72-.001723        1 2 2 1        1 2 2 0                    Q 11e     3655431310 5 3 3 3   207.0  207.0
 44 2160.430240 6.445E-28 5.111E+00.08200.105 2483.67760.72-.001723        1 2 2 1        1 2 2 0                    Q 11f     3655431310 5 3 3 3   207.0  207.0
 43 2160.431510 5.160E-28 1.880E+02.07410.094 3547.82310.73-.001746        0 2 2 2        0 2 2 1                    R 22f     3655431910 5 3 3 3   282.0  270.0
 41 2160.431780 6.108E-26 6.343E-03.07190.089 1647.78470.78-.000583        0 6 0 0        1 0 0 0                    P 29e     3655431410 5 3 3 3   513.0  531.0
 43 2160.433030 5.160E-28 1.880E+02.07410.094 3547.83550.73-.001746        0 2 2 2        0 2 2 1                    R 22e     3655431910 5 3 3 3   282.0  270.0
 42 2160.433120 3.572E-27 1.832E+02.07010.085 3235.12170.81-.001991        0 1 1 2        0 1 1 1                    R 34f     3655431910 5 3 3 3   426.0  414.0
 45 2160.439254 6.137E-26 9.559E+01.07490.095 1927.69290.73-.002229        0 3 1 1        0 3 1 0                    P 21f     3655431310 5 3 3 3  2214.0 2322.0
 43 2160.440310 1.896E-28 8.599E+01.06850.081 3714.74650.78-.002112        1 3 1 1        1 3 1 0                    R 41e     3655431910 5 3 3 3   510.0  498.0
 41 2160.443610 3.037E-28 1.803E+02.07150.088 4862.73440.79-.001895        0 4 2 2        0 4 2 1                    R 29f     3555431410 5 3 3 3   549.0  531.0
 41 2160.446080 1.103E-23 1.979E+02.07010.085 2747.08310.81-.002251        0 0 0 2        0 0 0 1                    P 35e     3655431410 5 3 3 3   621.0  639.0
 43 2160.447540 5.976E-28 9.159E+01.06920.083 3476.47560.79-.002062        0 5 1 1        0 5 1 0                    R 38e     3655431910 5 3 3 3   474.0  462.0
 45 2160.449224 1.066E-28 7.797E+01.07990.103 3107.34450.72-.001499        1 3 3 1        1 3 3 0                    R 12f     3655431310 5 3 3 3  1458.0 1350.0
 45 2160.449337 1.066E-28 7.797E+01.07990.103 3107.34450.72-.001499        1 3 3 1        1 3 3 0                    R 12e     3655431310 5 3 3 3  1458.0 1350.0
 41 2160.453720 3.784E-22 9.091E+01.06960.084 1871.22320.80-.002245        1 0 0 1        1 0 0 0                    P 37e     3655431410 5 3 3 3   657.0  675.0
 45 2160.456739 1.060E-27 9.426E+01.08920.111 2447.90060.71-.001612        1 2 0 1        1 2 0 0                    P  5e     3655431310 5 3 3 3   486.0  594.0
 44 2160.462620 1.492E-27 8.365E+01.07910.102 2933.68480.72-.001526        0 5 1 1        0 5 1 0                    R 13e     3655431310 5 3 3 3   261.0  243.0
 41 2160.464010 3.034E-28 1.803E+02.07150.088 4862.87180.79-.001895        0 4 2 2        0 4 2 1                    R 29e     3555431410 5 3 3 3   549.0  531.0
 41 2160.465330 1.359E-27 3.310E-01.06790.079 3340.61570.77-.002188        1 2 2 1        1 2 2 0                    Q 45e     3655431410 5 3 3 3   819.0  819.0
 41 2160.466150 7.939E-28 8.413E-04.07190.089 2132.77150.78-.002067        0 3 1 1        0 3 3 0                    Q 29f     3655431410 5 3 3 3   531.0  531.0
 44 2160.469070 2.076E-28 1.094E+00.07330.092 2563.45710.74-.002022        0 4 2 1        0 4 2 0                    Q 25e     3655431310 5 3 3 3   459.0  459.0
 42 2160.474200 5.347E-26 1.255E-01.06940.083 1196.16080.80-.002143        0 1 1 1        0 1 1 0                    Q 38e     3655431815 5 3 3 3   462.0  462.0
 43 2160.474480 4.605E-26 9.288E+01.07650.098 2429.47850.73-.001628        0 4 0 1        0 4 0 0                    R 17e     3655431910 5 3 3 3   222.0  210.0
 44 2160.474998 7.172E-27 1.065E+02.09220.114 2298.77880.70-.001400        0 4 0 1        0 4 0 0                    P  3e     3655431310 5 3 3 3    45.0   63.0
 42 2160.475700 5.022E-28 3.996E-03.07490.095 1327.42760.73-.001700        0 2 0 1        0 2 2 0                    R 20e     3655431810 5 3 3 3   258.0  246.0
 41 2160.476900 2.001E-24 1.975E+02.07490.095 2990.69940.73-.002229        0 1 1 2        0 1 1 1                    P 21f     3655431410 5 3 3 3   369.0  387.0
 45 2160.478297 3.319E-26 8.907E+01.07540.096 2029.32720.73-.002219        1 1 1 1        1 1 1 0                    P 20f     3655431310 5 3 3 3  2106.0 2214.0
 44 2160.479400 2.559E-24 9.500E+01.07090.087 1587.40420.81-.002257        0 2 2 1        0 2 2 0                    P 32e     3655431810 5 3 3 3   567.0  585.0
 44 2160.483177 1.337E-27 8.213E+01.07830.101 2966.25730.72-.001552        0 5 3 1        0 5 3 0                    R 14e     3655431310 5 3 3 3   279.0  261.0
 44 2160.483258 1.337E-27 8.213E+01.07830.101 2966.25720.72-.001552        0 5 3 1        0 5 3 0                    R 14f     3655431310 5 3 3 3   279.0  261.0
 44 2160.484200 2.559E-24 9.500E+01.07090.087 1587.37090.81-.002257        0 2 2 1        0 2 2 0                    P 32f     3655431810 5 3 3 3   567.0  585.0
 42 2160.491256 3.544E-28 8.279E+01.06630.075 3635.25440.74-.002285        1 2 2 1        1 2 2 0                    R 53f     3645431310 5 3 3 3   654.0  642.0
 41 2160.493250 4.085E-27 1.638E+02.08200.105 4107.52290.72-.001443        1 1 1 2        1 1 1 1                    R 10e     3555431410 5 3 3 3   207.0  189.0
 41 2160.493970 1.280E-26 8.274E+01.07290.091 3903.87110.75-.001812        1 4 2 1        1 4 2 0                    R 25f     3655431410 5 3 3 3   477.0  459.0
 41 2160.497510 1.301E-25 7.511E+01.08460.107 3195.79350.72-.001384        2 1 1 1        2 1 1 0                    R  8e     3655431410 5 3 3 3   171.0  153.0
 44 2160.499046 7.368E-28 6.135E+00.08330.106 2474.98050.72-.001685        1 2 2 1        1 2 2 0                    Q 10e     3655431310 5 3 3 3   189.0  189.0
 44 2160.499671 7.368E-28 6.135E+00.08330.106 2474.98010.72-.001685        1 2 2 1        1 2 2 0                    Q 10f     3655431310 5 3 3 3   189.0  189.0
 45 2160.501803 2.129E-27 8.953E+01.08800.110 2335.04900.71-.001699        0 4 2 1        0 4 2 0                    P  6f     3655431310 5 3 3 3   594.0  702.0
 45 2160.501820 2.129E-27 8.953E+01.08800.110 2335.04920.71-.001699        0 4 2 1        0 4 2 0                    P  6e     3655431310 5 3 3 3   594.0  702.0
 41 2160.503650 1.279E-26 8.273E+01.07290.091 3903.94170.75-.001812        1 4 2 1        1 4 2 0                    R 25e     3655431410 5 3 3 3   477.0  459.0
 44 2160.506324 1.490E-27 8.364E+01.07910.102 2934.02160.72-.001526        0 5 1 1        0 5 1 0                    R 13f     3655431310 5 3 3 3   261.0  243.0
 45 2160.507755 6.154E-26 9.557E+01.07490.095 1927.05370.73-.002229        0 3 1 1        0 3 1 0                    P 21e     3655431310 5 3 3 3  2214.0 2322.0
 43 2160.509170 1.766E-28 8.110E+01.06850.081 3717.32090.78-.002112        1 3 1 1        1 3 1 0                    R 41f     3655431310 5 3 3 3   510.0  498.0
 41 2160.509790 4.083E-27 1.638E+02.08200.105 4107.62030.72-.001443        1 1 1 2        1 1 1 1                    R 10f     3555431410 5 3 3 3   207.0  189.0
 44 2160.511356 1.607E-27 7.730E+00.07590.097 2489.42830.73-.001930        0 4 4 1        0 4 4 0                    Q 19e     3655431310 5 3 3 3   351.0  351.0
 44 2160.511365 1.607E-27 7.730E+00.07590.097 2489.42830.73-.001930        0 4 4 1        0 4 4 0                    Q 19f     3655431310 5 3 3 3   351.0  351.0
 41 2160.513860 1.301E-25 7.510E+01.08460.107 3195.87080.72-.001384        2 1 1 1        2 1 1 0                    R  8f     3655431410 5 3 3 3   171.0  153.0
 41 2160.515250 2.004E-24 1.975E+02.07490.095 2990.34080.73-.002229        0 1 1 2        0 1 1 1                    P 21e     3655431410 5 3 3 3   369.0  387.0
 43 2160.519660 5.934E-28 9.227E+01.06920.083 3479.42070.79-.002062        0 5 1 1        0 5 1 0                    R 38f     3655431910 5 3 3 3   474.0  462.0
 41 2160.520210 1.896E-21 9.850E+01.06720.077 1614.68310.75-.002203        0 1 1 1        0 1 1 0                    P 49e     3655431415 5 3 3 3   873.0  891.0
 45 2160.522523 3.324E-26 8.905E+01.07540.096 2028.95380.73-.002219        1 1 1 1        1 1 1 0                    P 20e     3655431310 5 3 3 3  2106.0 2214.0
 44 2160.523521 6.501E-28 7.911E+01.07650.098 3143.27570.73-.001628        1 3 3 1        1 3 3 0                    R 17f     3655431310 5 3 3 3   333.0  315.0
 44 2160.523525 6.501E-28 7.911E+01.07650.098 3143.27570.73-.001628        1 3 3 1        1 3 3 0                    R 17e     3655431310 5 3 3 3   333.0  315.0
 41 2160.529500 5.347E-24 7.654E+01.08570.108 2386.58010.71-.001845        0 4 4 1        0 4 4 0                    P  8e     3655431410 5 3 3 3   135.0  153.0
 41 2160.529500 5.347E-24 7.654E+01.08570.108 2386.58010.71-.001845        0 4 4 1        0 4 4 0                    P  8f     3655431410 5 3 3 3   135.0  153.0
 43 2160.538734 2.690E-28 9.319E+01.06830.080 3664.05720.78-.002128        0 5 5 1        0 5 5 0                    R 42e     3655431310 5 3 3 3   522.0  510.0
 43 2160.538745 2.690E-28 9.319E+01.06830.080 3664.05720.78-.002128        0 5 5 1        0 5 5 0                    R 42f     3655431310 5 3 3 3   522.0  510.0
 42 2160.541140 3.299E-28 7.731E+01.06630.075 3635.88060.74-.002285        1 2 2 1        1 2 2 0                    R 53e     3645431310 5 3 3 3   654.0  642.0
 41 2160.541640 3.640E-26 8.919E+01.07410.094 3679.56740.73-.001746        0 6 0 1        0 6 0 0                    R 22e     3655431410 5 3 3 3   423.0  405.0
 41 2160.544470 8.518E-28 1.664E-03.07010.085 2296.69450.81-.002121        0 3 1 1        0 3 3 0                    Q 35e     3655431410 5 3 3 3   639.0  639.0
 44 2160.552674 2.075E-28 1.094E+00.07330.092 2563.41520.74-.002022        0 4 2 1        0 4 2 0                    Q 25f     3655431310 5 3 3 3   459.0  459.0
 41 2160.555000 2.759E-26 8.801E+01.07330.092 3750.61370.74-.001790        0 6 4 1        0 6 4 0                    R 24f     3655431410 5 3 3 3   459.0  441.0
 41 2160.555010 2.759E-26 8.801E+01.07330.092 3750.61370.74-.001790        0 6 4 1        0 6 4 0                    R 24e     3655431410 5 3 3 3   459.0  441.0
 44 2160.562390 8.469E-28 7.500E+00.08460.107 2467.07340.72-.001644        1 2 2 1        1 2 2 0                    Q  9e     3655431310 5 3 3 3   171.0  171.0
 44 2160.562864 8.469E-28 7.500E+00.08460.107 2467.07310.72-.001644        1 2 2 1        1 2 2 0                    Q  9f     3655431310 5 3 3 3   171.0  171.0
 44 2160.574200 3.613E-25 9.316E+01.07650.098 1865.19340.73-.002193        0 3 1 1        0 3 1 0                    P 18f     3655431810 5 3 3 3   315.0  333.0
 42 2160.574600 5.628E-24 8.323E+01.08200.105 1326.23600.72-.001443        1 0 0 1        1 0 0 0                    R 10e     3655431810 5 3 3 3   138.0  126.0
 42 2160.578202 9.642E-28 8.985E+01.06650.076 3442.35320.74-.002272        0 4 2 1        0 4 2 0                    R 52f     3645431910 5 3 3 3   642.0  630.0
 43 2160.582200 2.011E-28 2.337E-03.07330.092 1434.63930.74-.002022        0 2 0 1        0 2 2 0                    Q 25f     3655431810 5 3 3 3   306.0  306.0
 41 2160.583140 1.099E-27 3.155E-01.06770.079 3378.84550.76-.002194        1 2 2 1        1 2 2 0                    Q 46f     3655431410 5 3 3 3   837.0  837.0
 41 2160.601440 5.040E-27 7.766E+01.07190.089 4104.58580.78-.001875        2 2 2 1        2 2 2 0                    R 28f     3555431410 5 3 3 3   531.0  513.0
 42 2160.602300 3.066E-21 9.691E+01.07590.097  159.18760.73-.002207        0 0 0 1        0 0 0 0                    P 19e     3655431816 5 3 3 3   222.0  234.0
 41 2160.603730 5.038E-27 7.764E+01.07190.089 4104.61240.78-.001875        2 2 2 1        2 2 2 0                    R 28e     3555431410 5 3 3 3   531.0  513.0
 42 2160.604000 2.446E-25 2.164E-01.07190.089  940.62710.78-.002067        0 1 1 1        0 1 1 0                    Q 29f     3655431815 5 3 3 3   354.0  354.0
 41 2160.617540 8.435E-26 2.074E+02.08800.110 3381.47260.71-.001699        0 2 0 2        0 2 0 1                    P  6e     3655431410 5 3 3 3    99.0  117.0
 44 2160.619337 9.806E-28 9.377E+00.08570.108 2459.95700.71-.001598        1 2 2 1        1 2 2 0                    Q  8e     3655431310 5 3 3 3   153.0  153.0
 44 2160.619748 9.806E-28 9.377E+00.08570.108 2459.95670.71-.001598        1 2 2 1        1 2 2 0                    Q  8f     3655431310 5 3 3 3   153.0  153.0
 45 2160.623800 1.099E-24 9.671E+01.06750.078 1505.03350.76-.002211        0 1 1 1        0 1 1 0                    P 47f     3655431815 5 3 3 3  5022.0 5130.0
 42 2160.626700 1.736E-25 1.826E+02.07830.101 2264.93650.72-.001552        0 0 0 2        0 0 0 1                    R 14e     3655431810 5 3 3 3   186.0  174.0
 44 2160.626900 3.620E-25 9.315E+01.07650.098 1864.75400.73-.002193        0 3 1 1        0 3 1 0                    P 18e     3655431810 5 3 3 3   315.0  333.0
 44 2160.628488 1.824E-27 8.593E+00.07650.098 2474.32120.73-.001911        0 4 4 1        0 4 4 0                    Q 18e     3655431310 5 3 3 3   333.0  333.0
 44 2160.628501 1.824E-27 8.593E+00.07650.098 2474.32120.73-.001911        0 4 4 1        0 4 4 0                    Q 18f     3655431310 5 3 3 3   333.0  333.0
 44 2160.630325 2.381E-28 1.186E+00.07360.093 2543.61070.74-.002009        0 4 2 1        0 4 2 0                    Q 24e     3655431310 5 3 3 3   441.0  441.0
 41 2160.633820 4.412E-28 3.931E-04.06770.079 2186.20340.76-.000435        0 6 2 0        1 0 0 0                    P 46e     3655431410 5 3 3 3   819.0  837.0
 41 2160.634750 2.247E-28 1.806E+02.07090.087 4938.10510.81-.001934        0 4 4 2        0 4 4 1                    R 31f     3555431410 5 3 3 3   585.0  567.0
 41 2160.634760 2.247E-28 1.806E+02.07090.087 4938.10510.81-.001934        0 4 4 2        0 4 4 1                    R 31e     3555431410 5 3 3 3   585.0  567.0
 41 2160.638580 1.033E-26 1.452E+00.06790.079 3227.41600.77-.002188        0 4 4 1        0 4 4 0                    Q 45e     3655431410 5 3 3 3   819.0  819.0
 41 2160.639830 1.033E-26 1.452E+00.06790.079 3227.41540.77-.002188        0 4 4 1        0 4 4 0                    Q 45f     3655431410 5 3 3 3   819.0  819.0
 45 2160.640514 5.709E-26 9.512E+01.07540.096 1931.21360.73-.002219        0 3 3 1        0 3 3 0                    P 20f     3655431310 5 3 3 3  2106.0 2214.0
 45 2160.640647 5.709E-26 9.512E+01.07540.096 1931.21340.73-.002219        0 3 3 1        0 3 3 0                    P 20e     3655431310 5 3 3 3  2106.0 2214.0
 41 2160.640940 2.203E-24 8.612E+01.08570.108 2593.26220.71-.001845        2 0 0 1        2 0 0 0                    P  8e     3655431410 5 3 3 3   135.0  153.0
 45 2160.650200 2.246E-25 8.876E+01.07040.086 1746.49110.81-.002253        1 0 0 1        1 0 0 0                    P 34e     3655431810 5 3 3 3  3618.0 3726.0
 44 2160.654100 1.769E-24 8.661E+01.07120.088 1637.69620.80-.002258        1 0 0 1        1 0 0 0                    P 31e     3655431810 5 3 3 3   549.0  567.0
 41 2160.655650 1.785E-28 1.065E+00.06960.084 3958.73480.80-.002136        0 2 2 2        0 2 2 1                    Q 37f     3655431410 5 3 3 3   675.0  675.0
 41 2160.660380 1.371E-28 1.659E+02.07120.088 5015.68310.80-.001915        1 2 0 2        1 2 0 1                    R 30e     3555431410 5 3 3 3   567.0  549.0
 42 2160.661710 1.616E-28 7.653E+01.06620.075 3784.32440.74-.002297        2 0 0 1        2 0 0 0                    R 54e     3645431910 5 3 3 3   666.0  654.0
 42 2160.663400 6.412E-26 1.324E-01.06960.084 1164.34780.80-.002136        0 1 1 1        0 1 1 0                    Q 37e     3655431815 5 3 3 3   450.0  450.0
 41 2160.665190 1.228E-28 8.849E+01.06750.078 4993.70140.76-.002189        0 7 5 1        0 7 5 0                    R 46e     3555431410 5 3 3 3   855.0  837.0
 41 2160.665230 1.228E-28 8.849E+01.06750.078 4993.70150.76-.002189        0 7 5 1        0 7 5 0                    R 46f     3555431410 5 3 3 3   855.0  837.0
 45 2160.665453 2.294E-28 8.510E+01.08330.106 2915.94560.72-.001414        0 5 1 1        0 5 1 0                    R  9e     3655431310 5 3 3 3  1134.0 1026.0
 41 2160.666390 5.549E-28 2.413E-01.06670.076 3489.13830.75-.002226        0 4 2 1        0 4 2 0                    Q 52f     3645431410 5 3 3 3   945.0  945.0
 44 2160.669986 1.147E-27 1.206E+01.08680.109 2453.63120.71-.001548        1 2 2 1        1 2 2 0                    Q  7e     3655431310 5 3 3 3   135.0  135.0
 44 2160.670255 1.147E-27 1.206E+01.08680.109 2453.63100.71-.001548        1 2 2 1        1 2 2 0                    Q  7f     3655431310 5 3 3 3   135.0  135.0
 43 2160.674933 1.258E-28 8.732E+01.06810.080 3811.63850.77-.002143        1 3 3 1        1 3 3 0                    R 43f     3655431310 5 3 3 3   534.0  522.0
 41 2160.675370 3.957E-25 8.341E+01.08800.110 2910.40910.71-.001286        0 5 1 1        0 5 1 0                    R  5e     3655431410 5 3 3 3   117.0   99.0
 41 2160.680240 2.200E-27 3.226E-01.06770.079 3240.59290.76-.002194        0 4 2 1        0 4 2 0                    Q 46e     3655431410 5 3 3 3   837.0  837.0
 41 2160.680280 2.796E-27 7.120E+01.07120.088 4221.41640.80-.001915        3 0 0 1        3 0 0 0                    R 30e     3555431410 5 3 3 3   567.0  549.0
 45 2160.685096 3.770E-25 9.690E+01.07040.086 1658.00550.81-.002253        0 2 2 1        0 2 2 0                    P 34e     3655431310 5 3 3 3  3618.0 3726.0
 43 2160.687600 1.229E-26 8.070E+01.07490.095 2703.26850.73-.001700        2 0 0 1        2 0 0 0                    R 20e     3655431810 5 3 3 3   258.0  246.0
 41 2160.688900 2.136E-28 1.128E+00.06990.084 3928.03420.81-.002129        0 2 2 2        0 2 2 1                    Q 36e     3655431410 5 3 3 3   657.0  657.0
 45 2160.691290 3.771E-25 9.690E+01.07040.086 1657.94650.81-.002253        0 2 2 1        0 2 2 0                    P 34f     3655431310 5 3 3 3  3618.0 3726.0
 43 2160.691719 1.258E-28 8.732E+01.06810.080 3811.61580.77-.002143        1 3 3 1        1 3 3 0                    R 43e     3655431310 5 3 3 3   534.0  522.0
 45 2160.691926 2.090E-28 8.068E+01.08200.105 2942.85780.72-.001443        0 5 3 1        0 5 3 0                    R 10f     3655431310 5 3 3 3  1242.0 1134.0
 45 2160.692055 2.090E-28 8.068E+01.08200.105 2942.85780.72-.001443        0 5 3 1        0 5 3 0                    R 10e     3655431310 5 3 3 3  1242.0 1134.0
 42 2160.697500 1.227E-23 9.027E+01.08090.104 1199.75810.72-.001471        0 2 0 1        0 2 0 0                    R 11e     3655431810 5 3 3 3   150.0  138.0
 41 2160.699420 3.956E-25 8.340E+01.08800.110 2910.47430.71-.001286        0 5 1 1        0 5 1 0                    R  5f     3655431410 5 3 3 3   117.0   99.0
 45 2160.700854 2.292E-28 8.509E+01.08330.106 2916.12620.72-.001414        0 5 1 1        0 5 1 0                    R  9f     3655431310 5 3 3 3  1134.0 1026.0
 44 2160.701851 2.381E-28 1.186E+00.07360.093 2543.57480.74-.002009        0 4 2 1        0 4 2 0                    Q 24f     3655431310 5 3 3 3   441.0  441.0
 44 2160.714365 1.362E-27 1.608E+01.08800.110 2448.09600.71-.001493        1 2 2 1        1 2 2 0                    Q  6e     3655431310 5 3 3 3   117.0  117.0
 42 2160.714590 9.558E-28 8.979E+01.06650.076 3443.99160.74-.002272        0 4 2 1        0 4 2 0                    R 52e     3645431910 5 3 3 3   642.0  630.0
 44 2160.714606 1.362E-27 1.608E+01.08800.110 2448.09580.71-.001493        1 2 2 1        1 2 2 0                    Q  6f     3655431310 5 3 3 3   117.0  117.0
 45 2160.722000 1.107E-24 9.668E+01.06750.078 1503.35220.76-.002211        0 1 1 1        0 1 1 0                    P 47e     3655431815 5 3 3 3  5022.0 5130.0
 43 2160.722250 1.106E-28 2.042E-01.06540.073 2654.88660.73-.002261        0 2 2 1        0 2 2 0                    Q 60e     3645431910 5 3 3 3   726.0  726.0
 41 2160.726310 8.160E-28 7.953E-04.07220.090 2108.38850.77-.002056        0 3 1 1        0 3 3 0                    Q 28f     3655431410 5 3 3 3   513.0  513.0
 43 2160.727790 2.933E-28 1.722E+02.07410.094 3645.95210.73-.001746        1 0 0 2        1 0 0 1                    R 22e     3655431910 5 3 3 3   282.0  270.0
 42 2160.732133 5.883E-28 8.999E+01.06620.075 3551.80590.74-.002297        0 4 4 1        0 4 4 0                    R 54f     3645431310 5 3 3 3   666.0  654.0
 42 2160.733895 5.883E-28 8.999E+01.06620.075 3551.81410.74-.002297        0 4 4 1        0 4 4 0                    R 54e     3645431310 5 3 3 3   666.0  654.0
 41 2160.737440 7.272E-23 9.099E+01.07410.094 2111.15530.73-.002244        1 1 1 1        1 1 1 0                    P 23f     3655431410 5 3 3 3   405.0  423.0
 44 2160.739459 2.068E-27 9.607E+00.07700.099 2460.00880.73-.001890        0 4 4 1        0 4 4 0                    Q 17e     3655431310 5 3 3 3   315.0  315.0
 44 2160.739470 2.068E-27 9.607E+00.07700.099 2460.00880.73-.001890        0 4 4 1        0 4 4 0                    Q 17f     3655431310 5 3 3 3   315.0  315.0
 41 2160.745280 3.516E-25 7.125E+01.08680.109 2931.73510.71-.001320        0 5 3 1        0 5 3 0                    R  6e     3655431410 5 3 3 3   135.0  117.0
 41 2160.745280 3.516E-25 7.125E+01.08680.109 2931.73510.71-.001320        0 5 3 1        0 5 3 0                    R  6f     3655431410 5 3 3 3   135.0  117.0
 43 2160.748880 4.292E-26 9.241E+01.07590.097 2453.69120.73-.001653        0 4 2 1        0 4 2 0                    R 18f     3655431910 5 3 3 3   234.0  222.0
 45 2160.749700 5.835E-27 1.941E+02.07090.087 2645.81520.81-.002257        0 0 0 2        0 0 0 1                    P 32e     3655431810 5 3 3 3  3402.0 3510.0
 44 2160.752300 1.651E-27 2.252E+01.08920.111 2443.35160.71-.001431        1 2 2 1        1 2 2 0                    Q  5e     3655431310 5 3 3 3    99.0   99.0
 44 2160.752421 1.651E-27 2.252E+01.08920.111 2443.35150.71-.001431        1 2 2 1        1 2 2 0                    Q  5f     3655431310 5 3 3 3    99.0   99.0
 43 2160.752810 4.292E-26 9.241E+01.07590.097 2453.70790.73-.001653        0 4 2 1        0 4 2 0                    R 18e     3655431910 5 3 3 3   234.0  222.0
 41 2160.754560 1.702E-28 4.582E-03.07220.090 2791.13760.77-.000894        1 6 2 0        1 2 2 0                    R 27e     3655431410 5 3 3 3   513.0  495.0
 41 2160.759480 8.969E-28 1.563E-03.07040.086 2267.27590.81-.002113        0 3 1 1        0 3 3 0                    Q 34e     3655431410 5 3 3 3   621.0  621.0
 41 2160.760830 8.221E-24 9.535E+01.08460.107 2368.99050.72-.001904        0 4 2 1        0 4 2 0                    P  9e     3655431410 5 3 3 3   153.0  171.0
 41 2160.761360 8.221E-24 9.535E+01.08460.107 2368.98900.72-.001904        0 4 2 1        0 4 2 0                    P  9f     3655431410 5 3 3 3   153.0  171.0
 43 2160.761600 1.975E-28 2.165E-03.07360.093 1414.35240.74-.002009        0 2 0 1        0 2 2 0                    Q 24f     3655431810 5 3 3 3   294.0  294.0
 42 2160.765500 7.686E-23 1.012E+02.09060.112  583.83200.70-.001513        0 1 1 1        0 1 1 0                    P  4f     3655431815 5 3 3 3    42.0   54.0
 43 2160.771100 3.719E-22 1.003E+02.06830.080  765.40440.78-.002225        0 0 0 1        0 0 0 0                    P 43e     3655431816 5 3 3 3   510.0  522.0
 42 2160.772200 7.686E-23 1.012E+02.09060.112  583.81580.70-.001513        0 1 1 1        0 1 1 0                    P  4e     3655431815 5 3 3 3    42.0   54.0
 41 2160.778170 3.473E-24 8.841E+01.08570.108 2504.93230.71-.001845        1 2 2 1        1 2 2 0                    P  8e     3655431410 5 3 3 3   135.0  153.0
 41 2160.778280 3.473E-24 8.841E+01.08570.108 2504.93200.71-.001845        1 2 2 1        1 2 2 0                    P  8f     3655431410 5 3 3 3   135.0  153.0
 44 2160.784013 2.066E-27 3.378E+01.09060.112 2439.39780.70-.001363        1 2 2 1        1 2 2 0                    Q  4e     3655431310 5 3 3 3    81.0   81.0
 44 2160.784024 2.066E-27 3.378E+01.09060.112 2439.39780.70-.001363        1 2 2 1        1 2 2 0                    Q  4f     3655431310 5 3 3 3    81.0   81.0
 44 2160.784300 2.704E-24 9.380E+01.07090.087 1573.38190.81-.002257        0 2 0 1        0 2 0 0                    P 32e     3655431810 5 3 3 3   567.0  585.0
 44 2160.784716 2.726E-28 1.291E+00.07410.094 2524.55760.73-.001995        0 4 2 1        0 4 2 0                    Q 23e     3655431310 5 3 3 3   423.0  423.0
 44 2160.785050 1.079E-27 8.074E+01.07700.099 3031.75990.73-.001603        0 5 5 1        0 5 5 0                    R 16e     3655431310 5 3 3 3   315.0  297.0
 44 2160.785055 1.079E-27 8.074E+01.07700.099 3031.75980.73-.001603        0 5 5 1        0 5 5 0                    R 16f     3655431310 5 3 3 3   315.0  297.0
 41 2160.785680 1.671E-27 3.468E-01.06810.080 3302.99490.77-.002182        1 2 2 1        1 2 2 0                    Q 44e     3655431410 5 3 3 3   801.0  801.0
 41 2160.786230 7.651E-27 1.701E+02.08090.104 4003.37040.72-.001471        0 3 3 2        0 3 3 1                    R 11e     3555431410 5 3 3 3   225.0  207.0
 41 2160.786240 7.651E-27 1.701E+02.08090.104 4003.37040.72-.001471        0 3 3 2        0 3 3 1                    R 11f     3555431410 5 3 3 3   225.0  207.0
 41 2160.787190 8.354E-27 1.777E+02.08200.105 3977.03400.72-.001443        0 3 1 2        0 3 1 1                    R 10e     3655431410 5 3 3 3   207.0  189.0
 41 2160.789230 9.571E-27 8.305E+01.07220.090 3979.33000.77-.001854        1 4 4 1        1 4 4 0                    R 27f     3655431410 5 3 3 3   513.0  495.0
 41 2160.789250 9.571E-27 8.305E+01.07220.090 3979.33000.77-.001854        1 4 4 1        1 4 4 0                    R 27e     3655431410 5 3 3 3   513.0  495.0
 41 2160.791470 7.288E-23 9.097E+01.07410.094 2110.65300.73-.002244        1 1 1 1        1 1 1 0                    P 23e     3655431410 5 3 3 3   405.0  423.0
 44 2160.800881 3.931E-27 1.126E+02.09410.116 2433.89000.70-.001203        1 2 2 1        1 2 2 0                    Q  2e     3655431310 5 3 3 3    45.0   45.0
 44 2160.800884 3.931E-27 1.126E+02.09410.116 2433.89000.70-.001203        1 2 2 1        1 2 2 0                    Q  2f     3655431310 5 3 3 3    45.0   45.0
 42 2160.801010 3.730E-28 8.324E+01.06630.075 3625.76090.74-.002285        1 2 0 1        1 2 0 0                    R 53e     3645431910 5 3 3 3   654.0  642.0
 44 2160.809421 2.720E-27 5.630E+01.09220.114 2436.23470.70-.001287        1 2 2 1        1 2 2 0                    Q  3e     3655431310 5 3 3 3    63.0   63.0
 44 2160.809428 2.720E-27 5.630E+01.09220.114 2436.23470.70-.001287        1 2 2 1        1 2 2 0                    Q  3f     3655431310 5 3 3 3    63.0   63.0
 43 2160.815500 2.148E-26 8.664E+01.07540.096 2593.13630.73-.001677        1 2 0 1        1 2 0 0                    R 19e     3655431810 5 3 3 3   246.0  234.0
 41 2160.815800 8.346E-27 1.776E+02.08200.105 3977.19510.72-.001443        0 3 1 2        0 3 1 1                    R 10f     3655431410 5 3 3 3   207.0  189.0
 41 2160.815810 3.164E-28 1.804E+02.07150.088 4854.32030.79-.001895        0 4 0 2        0 4 0 1                    R 29e     3555431410 5 3 3 3   549.0  531.0
 41 2160.823030 1.973E-28 8.823E+01.06790.079 4886.57160.77-.002159        0 7 3 1        0 7 3 0                    R 44e     3555431410 5 3 3 3   819.0  801.0
 45 2160.826100 1.911E-24 9.637E+01.06560.073 1437.53420.73-.002169        0 0 0 1        0 0 0 0                    P 59e     3645431816 5 3 3 3  6318.0 6426.0
 44 2160.827671 4.318E-27 1.904E+02.07910.102 2869.59710.72-.002108        0 1 1 2        0 1 1 1                    P 14f     3655431310 5 3 3 3   243.0  261.0
 41 2160.828100 2.531E-28 8.820E+01.06810.080 4830.76210.77-.002895        1 5 1 1        0 7 1 0                    R 43e     3555431410 5 3 3 3   801.0  783.0
 43 2160.828470 4.216E-28 9.267E+01.06870.081 3560.76490.78-.002095        0 5 3 1        0 5 3 0                    R 40e     3655431910 5 3 3 3   498.0  486.0
 44 2160.837700 8.790E-24 9.486E+01.06790.079 1404.22980.77-.002218        0 1 1 1        0 1 1 0                    P 45f     3655431815 5 3 3 3   801.0  819.0
 41 2160.839050 4.902E-28 9.037E-03.07410.094 2673.51740.73-.000128        0 8 0 0        1 2 0 0                    R 22e     3655431410 5 3 3 3   423.0  405.0
 44 2160.840769 7.527E-28 7.825E+01.07650.098 3110.83000.73-.001628        1 3 1 1        1 3 1 0                    R 17e     3655431310 5 3 3 3   333.0  315.0
 42 2160.841300 2.851E-25 2.321E-01.07220.090  916.28930.77-.002056        0 1 1 1        0 1 1 0                    Q 28f     3655431815 5 3 3 3   342.0  342.0
 42 2160.843050 1.002E-27 8.983E+01.06650.076 3434.42660.74-.002272        0 4 0 1        0 4 0 0                    R 52e     3645431910 5 3 3 3   642.0  630.0
 44 2160.844269 2.343E-27 1.081E+01.07770.100 2446.49120.73-.001868        0 4 4 1        0 4 4 0                    Q 16e     3655431310 5 3 3 3   297.0  297.0
 44 2160.844273 2.343E-27 1.081E+01.07770.100 2446.49120.73-.001868        0 4 4 1        0 4 4 0                    Q 16f     3655431310 5 3 3 3   297.0  297.0
 41 2160.845370 1.971E-28 8.820E+01.06790.079 4886.73030.77-.002159        0 7 3 1        0 7 3 0                    R 44f     3555431410 5 3 3 3   819.0  801.0
 44 2160.845467 2.725E-28 1.290E+00.07410.094 2524.52710.73-.001995        0 4 2 1        0 4 2 0                    Q 23f     3655431310 5 3 3 3   423.0  423.0
 42 2160.847600 7.666E-26 1.399E-01.06990.084 1133.36990.81-.002129        0 1 1 1        0 1 1 0                    Q 36e     3655431815 5 3 3 3   438.0  438.0
 44 2160.848584 4.321E-27 1.904E+02.07910.102 2869.45000.72-.002108        0 1 1 2        0 1 1 1                    P 14e     3655431310 5 3 3 3   243.0  261.0
 45 2160.849969 1.772E-28 7.614E+01.07990.103 2997.80770.72-.001499        0 5 5 1        0 5 5 0                    R 12f     3655431310 5 3 3 3  1458.0 1350.0
 45 2160.850105 1.772E-28 7.614E+01.07990.103 2997.80770.72-.001499        0 5 5 1        0 5 5 0                    R 12e     3655431310 5 3 3 3  1458.0 1350.0
 41 2160.851390 4.378E-26 1.899E+02.08800.110 3498.19790.71-.001699        1 0 0 2        1 0 0 1                    P  6e     3655431410 5 3 3 3    99.0  117.0
 43 2160.854471 4.215E-28 9.267E+01.06870.081 3560.78650.78-.002095        0 5 3 1        0 5 3 0                    R 40f     3655431310 5 3 3 3   498.0  486.0
 41 2160.861750 1.348E-26 8.270E+01.07290.091 3892.99510.75-.001812        1 4 0 1        1 4 0 0                    R 25e     3655431410 5 3 3 3   477.0  459.0
 43 2160.862090 5.431E-28 1.881E+02.07410.094 3537.30910.73-.001746        0 2 0 2        0 2 0 1                    R 22e     3655431910 5 3 3 3   282.0  270.0
 41 2160.863340 1.185E-28 1.674E+02.07090.087 5054.12130.81-.001934        1 2 2 2        1 2 2 1                    R 31f     3555431410 5 3 3 3   585.0  567.0
 45 2160.863780 6.111E-28 7.409E+01.09060.112 2459.83350.70-.001513        1 2 2 1        1 2 2 0                    P  4f     3655431310 5 3 3 3   378.0  486.0
 45 2160.863893 6.111E-28 7.409E+01.09060.112 2459.83340.70-.001513        1 2 2 1        1 2 2 0                    P  4e     3655431310 5 3 3 3   378.0  486.0
 41 2160.868870 1.184E-28 1.674E+02.07090.087 5054.17090.81-.001934        1 2 2 2        1 2 2 1                    R 31e     3555431410 5 3 3 3   585.0  567.0
 41 2160.876210 1.356E-27 3.303E-01.06790.079 3340.40860.77-.002188        1 2 2 1        1 2 2 0                    Q 45f     3655431410 5 3 3 3   819.0  819.0
 44 2160.879219 7.509E-28 7.823E+01.07650.098 3111.26030.73-.001628        1 3 1 1        1 3 1 0                    R 17f     3655431310 5 3 3 3   333.0  315.0
 41 2160.894480 2.134E-28 1.126E+00.06990.084 3927.93190.81-.002129        0 2 2 2        0 2 2 1                    Q 36f     3655431410 5 3 3 3   657.0  657.0
 41 2160.898860 3.270E-26 8.782E+01.07360.093 3706.93610.74-.001768        0 6 2 1        0 6 2 0                    R 23f     3655431410 5 3 3 3   441.0  423.0
 45 2160.901978 2.499E-27 1.002E+02.08800.110 2325.13430.71-.001699        0 4 0 1        0 4 0 0                    P  6e     3655431310 5 3 3 3   594.0  702.0
 43 2160.907820 1.945E-26 8.712E+01.07490.095 2624.47960.73-.001700        1 2 2 1        1 2 2 0                    R 20f     3655431910 5 3 3 3   258.0  246.0
 44 2160.908000 1.614E-27 6.131E+01.09410.116 2491.97290.70-.001133        2 0 0 1        2 0 0 0                    R  1e     3655431810 5 3 3 3    45.0   27.0
 43 2160.908600 1.183E-23 1.021E+02.07830.101 1257.33000.72-.002135        0 2 0 1        0 2 0 0                    P 15e     3655431810 5 3 3 3   174.0  186.0
 43 2160.909040 1.945E-26 8.712E+01.07490.095 2624.48640.73-.001700        1 2 2 1        1 2 2 0                    R 20e     3655431910 5 3 3 3   258.0  246.0
 41 2160.909100 2.464E-28 8.810E+01.06810.080 4835.95140.77-.002895        1 5 1 1        0 7 1 0                    R 43f     3555431410 5 3 3 3   801.0  783.0
 44 2160.910322 4.068E-28 7.459E+01.07490.095 3258.44330.73-.001700        2 1 1 1        2 1 1 0                    R 20e     3655431310 5 3 3 3   387.0  369.0
 41 2160.913400 3.307E-26 8.887E+01.07360.093 3707.05200.74-.001768        0 6 2 1        0 6 2 0                    R 23e     3655431410 5 3 3 3   441.0  423.0
 41 2160.919400 7.670E-22 9.877E+01.06990.084 1737.13200.81-.002248        0 2 2 1        0 2 2 0                    P 36e     3655431410 5 3 3 3   639.0  657.0
 44 2160.924000 8.851E-24 9.483E+01.06790.079 1402.76160.77-.002218        0 1 1 1        0 1 1 0                    P 45e     3655431815 5 3 3 3   801.0  819.0
 45 2160.926209 3.960E-28 9.431E+01.09220.114 2529.51590.70-.001400        2 0 0 1        2 0 0 0                    P  3e     3655431310 5 3 3 3   270.0  378.0
 41 2160.929120 7.674E-22 9.877E+01.06990.084 1737.03050.81-.002248        0 2 2 1        0 2 2 0                    P 36f     3655431410 5 3 3 3   639.0  657.0
 44 2160.932357 3.114E-28 1.409E+00.07450.094 2506.29790.73-.001980        0 4 2 1        0 4 2 0                    Q 22e     3655431310 5 3 3 3   405.0  405.0
 41 2160.933140 7.040E-28 2.524E-01.06680.076 3445.49840.75-.002221        0 4 2 1        0 4 2 0                    Q 51f     3645431410 5 3 3 3   927.0  927.0
 43 2160.933800 1.923E-28 1.999E-03.07410.094 1394.87610.73-.001995        0 2 0 1        0 2 2 0                    Q 23f     3655431810 5 3 3 3   282.0  282.0
 41 2160.934730 1.271E-26 1.520E+00.06810.080 3189.56950.77-.002182        0 4 4 1        0 4 4 0                    Q 44e     3655431410 5 3 3 3   801.0  801.0
 41 2160.935800 1.271E-26 1.520E+00.06810.080 3189.56900.77-.002182        0 4 4 1        0 4 4 0                    Q 44f     3655431410 5 3 3 3   801.0  801.0
 44 2160.935883 3.238E-25 9.288E+01.07700.099 1874.92550.73-.002177        0 3 3 1        0 3 3 0                    P 17f     3655431310 5 3 3 3   297.0  315.0
 44 2160.935884 3.238E-25 9.288E+01.07700.099 1874.92550.73-.002177        0 3 3 1        0 3 3 0                    P 17e     3655431310 5 3 3 3   297.0  315.0
 41 2160.937760 3.121E-25 6.195E+01.08460.107 2976.11480.72-.001384        0 5 5 1        0 5 5 0                    R  8e     3655431410 5 3 3 3   171.0  153.0
 41 2160.937760 3.121E-25 6.195E+01.08460.107 2976.11480.72-.001384        0 5 5 1        0 5 5 0                    R  8f     3655431410 5 3 3 3   171.0  153.0
 41 2160.937840 3.092E-28 8.803E-01.07330.092 3727.14480.74-.002666        3 3 1 0        0 6 2 0                    R 24f     3655431410 5 3 3 3   459.0  441.0
 41 2160.942810 2.545E-28 1.194E+00.07010.085 3898.05140.81-.002121        0 2 2 2        0 2 2 1                    Q 35e     3655431410 5 3 3 3   639.0  639.0
 44 2160.942907 2.654E-27 1.226E+01.07830.101 2433.76840.72-.001843        0 4 4 1        0 4 4 0                    Q 15e     3655431310 5 3 3 3   279.0  279.0
 44 2160.942918 2.654E-27 1.226E+01.07830.101 2433.76840.72-.001843        0 4 4 1        0 4 4 0                    Q 15f     3655431310 5 3 3 3   279.0  279.0
 42 2160.945510 2.922E-28 8.349E+01.06620.075 3680.31630.74-.002297        1 2 2 1        1 2 2 0                    R 54f     3645431910 5 3 3 3   666.0  654.0
 44 2160.948535 4.059E-28 7.460E+01.07490.095 3258.90910.73-.001700        2 1 1 1        2 1 1 0                    R 20f     3655431310 5 3 3 3   387.0  369.0
 44 2160.949700 4.134E-26 1.899E+02.07190.089 2557.93670.78-.002259        0 0 0 2        0 0 0 1                    P 29e     3655431810 5 3 3 3   513.0  531.0
 43 2160.952200 6.449E-24 9.475E+01.07830.101 1366.66610.72-.002135        1 0 0 1        1 0 0 0                    P 15e     3655431810 5 3 3 3   174.0  186.0
 43 2160.956083 3.500E-26 9.138E+01.07490.095 2513.42400.73-.001700        0 4 4 1        0 4 4 0                    R 20e     3655431310 5 3 3 3   258.0  246.0
 43 2160.956117 3.500E-26 9.138E+01.07490.095 2513.42400.73-.001700        0 4 4 1        0 4 4 0                    R 20f     3655431310 5 3 3 3   258.0  246.0
 42 2160.957180 3.845E-25 9.104E+01.07120.088 2104.02430.80-.001915        0 3 1 1        0 3 1 0                    R 30e     3655431910 5 3 3 3   378.0  366.0
 43 2160.962460 3.629E-27 1.634E+02.09060.112 2777.52330.70-.001214        0 1 1 2        0 1 1 1                    R  3e     3655431910 5 3 3 3    54.0   42.0
 43 2160.964910 1.646E-28 8.605E+01.06830.080 3748.60360.78-.002128        1 3 1 1        1 3 1 0                    R 42e     3655431910 5 3 3 3   522.0  510.0
 41 2160.966040 1.848E-26 8.743E+01.07220.090 3854.48900.77-.001854        0 6 6 1        0 6 6 0                    R 27e     3655431410 5 3 3 3   513.0  495.0
 41 2160.966040 1.848E-26 8.743E+01.07220.090 3854.48900.77-.001854        0 6 6 1        0 6 6 0                    R 27f     3655431410 5 3 3 3   513.0  495.0
 41 2160.967840 9.381E-28 1.466E-03.07070.086 2238.69630.81-.002104        0 3 1 1        0 3 3 0                    Q 33e     3655431410 5 3 3 3   603.0  603.0
 43 2160.967990 3.629E-27 1.634E+02.09060.112 2777.53210.70-.001214        0 1 1 2        0 1 1 1                    R  3f     3655431910 5 3 3 3    54.0   42.0
 42 2160.975000 1.771E-25 8.448E+01.07120.088 2248.10180.80-.001915        1 1 1 1        1 1 1 0                    R 30e     3655431810 5 3 3 3   378.0  366.0
 42 2160.975080 3.257E-25 9.071E+01.07090.087 2143.80610.81-.001934        0 3 3 1        0 3 3 0                    R 31e     3655431910 5 3 3 3   390.0  378.0
 42 2160.976110 3.257E-25 9.071E+01.07090.087 2143.81010.81-.001934        0 3 3 1        0 3 3 0                    R 31f     3655431910 5 3 3 3   390.0  378.0
 41 2160.977200 8.318E-28 7.495E-04.07250.090 2084.84530.76-.002045        0 3 1 1        0 3 3 0                    Q 27f     3655431410 5 3 3 3   495.0  495.0
 44 2160.979500 2.013E-25 8.745E+01.07770.100 1947.42480.73-.002157        1 1 1 1        1 1 1 0                    P 16f     3655431810 5 3 3 3   279.0  297.0
 41 2160.981940 1.277E-26 6.798E-04.07250.090 1495.28970.76-.002258        0 2 0 1        0 2 2 0                    P 27e     3655431410 5 3 3 3   477.0  495.0
 41 2160.982530 4.030E-28 3.434E+02.09220.114 4422.32290.70-.001400        0 0 0 3        0 0 0 2                    P  3e     3555431410 5 3 3 3    45.0   63.0
 44 2160.983410 3.113E-28 1.409E+00.07450.094 2506.27230.73-.001980        0 4 2 1        0 4 2 0                    Q 22f     3655431310 5 3 3 3   405.0  405.0
 42 2160.988460 3.205E-27 1.834E+02.06990.084 3263.25520.81-.002009        0 1 1 2        0 1 1 1                    R 35e     3655431910 5 3 3 3   438.0  426.0
 41 2160.993050 2.043E-25 7.367E+01.08460.107 3098.89600.72-.001384        1 3 3 1        1 3 3 0                    R  8e     3655431410 5 3 3 3   171.0  153.0
 41 2160.993060 2.043E-25 7.367E+01.08460.107 3098.89600.72-.001384        1 3 3 1        1 3 3 0                    R  8f     3655431410 5 3 3 3   171.0  153.0
 42 2161.000811 2.900E-28 8.313E+01.06620.075 3680.98580.74-.002297        1 2 2 1        1 2 2 0                    R 54e     3645431310 5 3 3 3   666.0  654.0
 43 2161.001530 1.651E-27 2.710E-02.08200.105 1323.12000.72-.000605        0 6 0 0        1 0 0 0                    P 11e     3655431910 5 3 3 3   126.0  138.0
 43 2161.002370 5.255E-28 9.163E+01.06890.082 3508.06430.79-.002079        0 5 1 1        0 5 1 0                    R 39e     3655431910 5 3 3 3   486.0  474.0
 43 2161.003994 1.553E-28 8.224E+01.06830.080 3751.30200.78-.002128        1 3 1 1        1 3 1 0                    R 42f     3655431310 5 3 3 3   522.0  510.0
 42 2161.006300 1.764E-25 8.447E+01.07120.088 2248.93270.80-.001915        1 1 1 1        1 1 1 0                    R 30f     3655431810 5 3 3 3   378.0  366.0
 44 2161.011200 2.015E-25 8.743E+01.07770.100 1947.18770.73-.002157        1 1 1 1        1 1 1 0                    P 16e     3655431810 5 3 3 3   279.0  297.0
 41 2161.012770 2.286E-25 7.990E+01.08570.108 3069.60670.71-.001352        1 3 1 1        1 3 1 0                    R  7e     3655431410 5 3 3 3   153.0  135.0
 42 2161.020370 3.816E-25 9.101E+01.07120.088 2105.47280.80-.001915        0 3 1 1        0 3 1 0                    R 30f     3655431910 5 3 3 3   378.0  366.0
 41 2161.021060 5.423E-27 7.642E+01.07190.089 4086.15600.78-.001875        2 2 0 1        2 2 0 0                    R 28e     3555431410 5 3 3 3   531.0  513.0
 42 2161.025670 3.189E-27 1.833E+02.06990.084 3264.25430.81-.002009        0 1 1 2        0 1 1 1                    R 35f     3655431910 5 3 3 3   438.0  426.0
 42 2161.026900 9.132E-26 1.480E-01.07010.085 1103.22740.81-.002121        0 1 1 1        0 1 1 0                    Q 35e     3655431815 5 3 3 3   426.0  426.0
 41 2161.028280 5.840E-28 4.418E-04.06790.079 2147.88290.77-.000443        0 6 2 0        1 0 0 0                    P 45e     3655431410 5 3 3 3   801.0  819.0
 44 2161.035386 3.008E-27 1.401E+01.07910.102 2421.84050.72-.001817        0 4 4 1        0 4 4 0                    Q 14e     3655431310 5 3 3 3   261.0  261.0
 44 2161.035395 3.008E-27 1.401E+01.07910.102 2421.84050.72-.001817        0 4 4 1        0 4 4 0                    Q 14f     3655431310 5 3 3 3   261.0  261.0
 41 2161.035460 2.284E-25 7.989E+01.08570.108 3069.69720.71-.001352        1 3 1 1        1 3 1 0                    R  7f     3655431410 5 3 3 3   153.0  135.0
 43 2161.038100 1.466E-25 2.062E+02.07990.103 2274.67230.72-.002078        0 0 0 2        0 0 0 1                    P 13e     3655431810 5 3 3 3   150.0  162.0
 41 2161.041460 2.728E-27 3.388E-01.06790.079 3201.90720.77-.002188        0 4 2 1        0 4 2 0                    Q 45e     3655431410 5 3 3 3   819.0  819.0
 41 2161.059100 1.480E-28 1.339E-03.07650.098 2466.37900.73-.002193        0 4 2 1        0 4 0 0                    P 18e     3655431410 5 3 3 3   315.0  333.0
 41 2161.061050 5.821E-26 1.786E+02.08920.111 3385.64380.71-.001612        0 2 2 2        0 2 2 1                    P  5e     3655431410 5 3 3 3    81.0   99.0
 41 2161.061080 5.821E-26 1.786E+02.08920.111 3385.64370.71-.001612        0 2 2 2        0 2 2 1                    P  5f     3655431410 5 3 3 3    81.0   99.0
 42 2161.070400 3.314E-25 2.494E-01.07250.090  892.78960.76-.002045        0 1 1 1        0 1 1 0                    Q 27f     3655431815 5 3 3 3   330.0  330.0
 41 2161.071520 2.780E-28 1.806E+02.07120.088 4887.75970.80-.001915        0 4 2 2        0 4 2 1                    R 30f     3555431410 5 3 3 3   567.0  549.0
 43 2161.071527 2.324E-28 9.331E+01.06810.080 3699.05170.77-.002143        0 5 5 1        0 5 5 0                    R 43e     3655431310 5 3 3 3   534.0  522.0
 43 2161.071534 2.324E-28 9.331E+01.06810.080 3699.05170.77-.002143        0 5 5 1        0 5 5 0                    R 43f     3655431310 5 3 3 3   534.0  522.0
 44 2161.073143 3.550E-28 1.545E+00.07490.095 2488.83180.73-.001965        0 4 2 1        0 4 2 0                    Q 21e     3655431310 5 3 3 3   387.0  387.0
 43 2161.073880 5.216E-28 9.234E+01.06890.082 3511.16130.79-.002079        0 5 1 1        0 5 1 0                    R 39f     3655431910 5 3 3 3   486.0  474.0
 43 2161.077700 4.924E-28 1.884E+02.07360.093 3566.33730.74-.001768        0 2 2 2        0 2 2 1                    R 23f     3655431910 5 3 3 3   294.0  282.0
 43 2161.079420 4.924E-28 1.884E+02.07360.093 3566.35200.74-.001768        0 2 2 2        0 2 2 1                    R 23e     3655431910 5 3 3 3   294.0  282.0
 41 2161.079700 6.135E-26 5.873E-03.07220.090 1623.60070.77-.000591        0 6 0 0        1 0 0 0                    P 28e     3655431410 5 3 3 3   495.0  513.0
 41 2161.093880 2.777E-28 1.806E+02.07120.088 4887.91620.80-.001915        0 4 2 2        0 4 2 1                    R 30e     3555431410 5 3 3 3   567.0  549.0
 42 2161.096800 1.199E-23 8.864E+01.07990.103 1216.55190.72-.001499        0 2 2 1        0 2 2 0                    R 12f     3655431810 5 3 3 3   162.0  150.0
 42 2161.097900 1.199E-23 8.864E+01.07990.103 1216.55360.72-.001499        0 2 2 1        0 2 2 0                    R 12e     3655431810 5 3 3 3   162.0  150.0
 41 2161.098310 2.048E-27 3.637E-01.06830.080 3266.20800.78-.002176        1 2 2 1        1 2 2 0                    Q 43e     3655431410 5 3 3 3   783.0  783.0
 43 2161.098500 1.853E-28 1.838E-03.07450.094 1376.21060.73-.001980        0 2 0 1        0 2 2 0                    Q 22f     3655431810 5 3 3 3   270.0  270.0
 45 2161.099092 1.248E-28 8.004E+01.07990.103 3080.20470.72-.001499        1 3 1 1        1 3 1 0                    R 12e     3655431310 5 3 3 3  1458.0 1350.0
 42 2161.110901 7.913E-28 8.990E+01.06630.075 3486.82400.74-.002285        0 4 2 1        0 4 2 0                    R 53f     3645431310 5 3 3 3   654.0  642.0
 42 2161.112050 1.318E-28 7.655E+01.06600.074 3829.89280.74-.002310        2 0 0 1        2 0 0 0                    R 55e     3645431910 5 3 3 3   678.0  666.0
 44 2161.115781 3.549E-28 1.545E+00.07490.095 2488.81040.73-.001965        0 4 2 1        0 4 2 0                    Q 21f     3655431310 5 3 3 3   387.0  387.0
 43 2161.116900 5.722E-26 5.459E+01.09410.116 1863.57410.70-.001133        1 1 1 1        1 1 1 0                    R  1e     3655431810 5 3 3 3    30.0   18.0
 43 2161.120100 5.722E-26 5.459E+01.09410.116 1863.57580.70-.001133        1 1 1 1        1 1 1 0                    R  1f     3655431810 5 3 3 3    30.0   18.0
 44 2161.121698 3.411E-27 1.617E+01.07990.103 2410.70750.72-.001788        0 4 4 1        0 4 4 0                    Q 13e     3655431310 5 3 3 3   243.0  243.0
 44 2161.121709 3.411E-27 1.617E+01.07990.103 2410.70750.72-.001788        0 4 4 1        0 4 4 0                    Q 13f     3655431310 5 3 3 3   243.0  243.0
 45 2161.127200 3.969E-25 9.634E+01.07040.086 1646.14040.81-.002253        0 2 0 1        0 2 0 0                    P 34e     3655431810 5 3 3 3  3618.0 3726.0
 41 2161.127380 2.542E-28 1.193E+00.07010.085 3897.95960.81-.002121        0 2 2 2        0 2 2 1                    Q 35f     3655431410 5 3 3 3   639.0  639.0
 41 2161.127850 1.469E-22 9.791E+01.07410.094 1981.43440.73-.002244        0 3 1 1        0 3 1 0                    P 23f     3655431410 5 3 3 3   405.0  423.0
 45 2161.131234 1.246E-28 8.003E+01.07990.103 3080.43990.72-.001499        1 3 1 1        1 3 1 0                    R 12f     3655431310 5 3 3 3  1458.0 1350.0
 41 2161.140260 1.527E-27 2.651E-03.08920.111 1888.61500.71-.000090        0 7 1 0        1 1 1 0                    R  4e     3655431410 5 3 3 3    99.0   81.0
 43 2161.146950 1.429E-28 2.118E-01.06560.073 2606.28790.73-.002257        0 2 2 1        0 2 2 0                    Q 59e     3645431910 5 3 3 3   714.0  714.0
 41 2161.152260 1.196E-26 8.288E+01.07250.090 3925.64600.76-.001833        1 4 2 1        1 4 2 0                    R 26f     3655431410 5 3 3 3   495.0  477.0
 42 2161.159300 5.420E-28 4.492E-03.07450.094 1345.06550.73-.001723        0 2 0 1        0 2 2 0                    R 21e     3655431810 5 3 3 3   270.0  258.0
 41 2161.161120 8.984E-24 9.999E+01.08460.107 2360.42590.72-.001904        0 4 0 1        0 4 0 0                    P  9e     3655431410 5 3 3 3   153.0  171.0
 44 2161.162261 1.516E-27 8.396E+01.07830.101 2944.77420.72-.001552        0 5 1 1        0 5 1 0                    R 14e     3655431310 5 3 3 3   279.0  261.0
 41 2161.162960 1.195E-26 8.287E+01.07250.090 3925.72810.76-.001833        1 4 2 1        1 4 2 0                    R 26e     3655431410 5 3 3 3   495.0  477.0
 41 2161.163490 1.669E-27 3.461E-01.06810.080 3302.80450.77-.002182        1 2 2 1        1 2 2 0                    Q 44f     3655431410 5 3 3 3   801.0  801.0
 43 2161.163520 4.528E-26 9.308E+01.07590.097 2444.09990.73-.001653        0 4 0 1        0 4 0 0                    R 18e     3655431910 5 3 3 3   234.0  222.0
 43 2161.165200 1.084E-22 1.010E+02.07190.089  938.21550.78-.002259        0 1 1 1        0 1 1 0                    P 29f     3655431815 5 3 3 3   342.0  354.0
 45 2161.166385 8.226E-28 1.944E+02.07700.099 2916.06680.73-.002177        0 1 1 2        0 1 1 1                    P 17f     3655431310 5 3 3 3  1782.0 1890.0
 41 2161.169630 9.746E-28 1.372E-03.07090.087 2210.95580.81-.002095        0 3 1 1        0 3 3 0                    Q 32e     3655431410 5 3 3 3   585.0  585.0
 45 2161.172510 1.099E-28 7.884E+01.07910.102 3117.92250.72-.001526        1 3 3 1        1 3 3 0                    R 13f     3655431310 5 3 3 3  1566.0 1458.0
 45 2161.172643 1.099E-28 7.884E+01.07910.102 3117.92250.72-.001526        1 3 3 1        1 3 3 0                    R 13e     3655431310 5 3 3 3  1566.0 1458.0
 44 2161.179593 1.353E-27 8.277E+01.07770.100 2978.17940.73-.001578        0 5 3 1        0 5 3 0                    R 15e     3655431310 5 3 3 3   297.0  279.0
 44 2161.179608 1.353E-27 8.277E+01.07770.100 2978.17950.73-.001578        0 5 3 1        0 5 3 0                    R 15f     3655431310 5 3 3 3   297.0  279.0
 41 2161.189190 3.021E-28 1.267E+00.07040.086 3868.90030.81-.002113        0 2 2 2        0 2 2 1                    Q 34e     3655431410 5 3 3 3   621.0  621.0
 43 2161.189780 1.083E-28 8.739E+01.06790.079 3847.23590.77-.002159        1 3 3 1        1 3 3 0                    R 44f     3655431310 5 3 3 3   546.0  534.0
 45 2161.194725 8.234E-28 1.944E+02.07700.099 2915.84120.73-.002177        0 1 1 2        0 1 1 1                    P 17e     3655431310 5 3 3 3  1782.0 1890.0
 44 2161.196288 6.422E-28 7.951E+01.07590.097 3157.52580.73-.001653        1 3 3 1        1 3 3 0                    R 18f     3655431310 5 3 3 3   351.0  333.0
 44 2161.196291 6.422E-28 7.951E+01.07590.097 3157.52580.73-.001653        1 3 3 1        1 3 3 0                    R 18e     3655431310 5 3 3 3   351.0  333.0
 41 2161.196360 8.898E-28 2.643E-01.06700.077 3402.69320.75-.002216        0 4 2 1        0 4 2 0                    Q 50f     3645431410 5 3 3 3   909.0  909.0
 41 2161.201210 1.034E-28 8.857E+01.06730.078 5033.30850.76-.002203        0 7 5 1        0 7 5 0                    R 47e     3555431410 5 3 3 3   873.0  855.0
 41 2161.201260 1.034E-28 8.857E+01.06730.078 5033.30870.76-.002203        0 7 5 1        0 7 5 0                    R 47f     3555431410 5 3 3 3   873.0  855.0
 42 2161.201300 1.084E-25 1.569E-01.07040.086 1073.92040.81-.002113        0 1 1 1        0 1 1 0                    Q 34e     3655431815 5 3 3 3   414.0  414.0
 44 2161.201847 3.876E-27 1.887E+01.08090.104 2400.36950.72-.001757        0 4 4 1        0 4 4 0                    Q 12e     3655431310 5 3 3 3   225.0  225.0
 44 2161.201859 3.876E-27 1.887E+01.08090.104 2400.36950.72-.001757        0 4 4 1        0 4 4 0                    Q 12f     3655431310 5 3 3 3   225.0  225.0
 43 2161.206796 1.083E-28 8.739E+01.06790.079 3847.21220.77-.002159        1 3 3 1        1 3 3 0                    R 44e     3655431310 5 3 3 3   546.0  534.0
 44 2161.207184 4.040E-28 1.701E+00.07540.096 2472.15920.73-.001948        0 4 2 1        0 4 2 0                    Q 20e     3655431310 5 3 3 3   369.0  369.0
 41 2161.207460 1.534E-27 2.663E-03.08920.111 1888.63310.71-.000090        0 7 1 0        1 1 1 0                    R  4f     3655431410 5 3 3 3    99.0   81.0
 44 2161.208334 1.513E-27 8.394E+01.07830.101 2945.16280.72-.001552        0 5 1 1        0 5 1 0                    R 14f     3655431310 5 3 3 3   279.0  261.0
 41 2161.211430 1.475E-22 9.789E+01.07410.094 1980.61150.73-.002244        0 3 1 1        0 3 1 0                    P 23e     3655431410 5 3 3 3   405.0  423.0
 42 2161.213662 4.785E-28 9.004E+01.06600.074 3598.01550.74-.002310        0 4 4 1        0 4 4 0                    R 55f     3645431310 5 3 3 3   678.0  666.0
 42 2161.215661 4.785E-28 9.004E+01.06600.074 3598.02490.74-.002310        0 4 4 1        0 4 4 0                    R 55e     3645431310 5 3 3 3   678.0  666.0
 41 2161.218850 8.406E-28 7.040E-04.07290.091 2062.14190.75-.002034        0 3 1 1        0 3 3 0                    Q 26f     3655431410 5 3 3 3   477.0  477.0
 43 2161.220100 1.087E-22 1.010E+02.07190.089  937.56910.78-.002259        0 1 1 1        0 1 1 0                    P 29e     3655431815 5 3 3 3   342.0  354.0
 41 2161.224310 1.558E-26 1.593E+00.06830.080 3152.56140.78-.002176        0 4 4 1        0 4 4 0                    Q 43e     3655431410 5 3 3 3   783.0  783.0
 41 2161.225200 1.558E-26 1.593E+00.06830.080 3152.56100.78-.002176        0 4 4 1        0 4 4 0                    Q 43f     3655431410 5 3 3 3   783.0  783.0
 41 2161.225620 3.457E-26 8.932E+01.07360.093 3698.91340.74-.001768        0 6 0 1        0 6 0 0                    R 23e     3655431410 5 3 3 3   441.0  423.0
 41 2161.230160 2.595E-26 8.830E+01.07290.091 3771.68720.75-.001812        0 6 4 1        0 6 4 0                    R 25f     3655431410 5 3 3 3   477.0  459.0
 41 2161.230170 2.595E-26 8.830E+01.07290.091 3771.68730.75-.001812        0 6 4 1        0 6 4 0                    R 25e     3655431410 5 3 3 3   477.0  459.0
 41 2161.231850 4.638E-27 7.778E+01.07150.088 4128.75840.79-.001895        2 2 2 1        2 2 2 0                    R 29f     3555431410 5 3 3 3   549.0  531.0
 41 2161.234370 4.635E-27 7.775E+01.07150.088 4128.78890.79-.001895        2 2 2 1        2 2 2 0                    R 29e     3555431410 5 3 3 3   549.0  531.0
 41 2161.238940 4.270E-27 1.647E+02.08090.104 4116.63110.72-.001471        1 1 1 2        1 1 1 1                    R 11e     3555431410 5 3 3 3   225.0  207.0
 44 2161.242473 4.040E-28 1.700E+00.07540.096 2472.14150.73-.001948        0 4 2 1        0 4 2 0                    Q 20f     3655431310 5 3 3 3   369.0  369.0
 42 2161.244547 7.839E-28 8.983E+01.06630.075 3488.56750.74-.002285        0 4 2 1        0 4 2 0                    R 53e     3645431310 5 3 3 3   654.0  642.0
 41 2161.250690 2.037E-28 1.810E+02.07070.086 4964.82910.81-.001953        0 4 4 2        0 4 4 1                    R 32f     3555431410 5 3 3 3   603.0  585.0
 41 2161.250710 2.037E-28 1.810E+02.07070.086 4964.82920.81-.001953        0 4 4 2        0 4 4 1                    R 32e     3555431410 5 3 3 3   603.0  585.0
 43 2161.255900 1.768E-28 1.683E-03.07490.095 1358.35600.73-.001965        0 2 0 1        0 2 2 0                    Q 21f     3655431810 5 3 3 3   258.0  258.0
 41 2161.256720 4.267E-27 1.647E+02.08090.104 4116.74790.72-.001471        1 1 1 2        1 1 1 1                    R 11f     3555431410 5 3 3 3   225.0  207.0
 41 2161.260760 1.398E-25 7.575E+01.08330.106 3203.27820.72-.001414        2 1 1 1        2 1 1 0                    R  9e     3655431410 5 3 3 3   189.0  171.0
 41 2161.269990 1.249E-28 1.660E+02.07090.087 5041.37000.81-.001934        1 2 0 2        1 2 0 1                    R 31e     3555431410 5 3 3 3   585.0  567.0
 42 2161.272790 3.052E-28 8.326E+01.06620.075 3670.75540.74-.002297        1 2 0 1        1 2 0 0                    R 54e     3645431910 5 3 3 3   666.0  654.0
 44 2161.275831 4.415E-27 2.231E+01.08200.105 2390.82650.72-.001723        0 4 4 1        0 4 4 0                    Q 11e     3655431310 5 3 3 3   207.0  207.0
 44 2161.275843 4.415E-27 2.231E+01.08200.105 2390.82650.72-.001723        0 4 4 1        0 4 4 0                    Q 11f     3655431310 5 3 3 3   207.0  207.0
 41 2161.278600 1.397E-25 7.574E+01.08330.106 3203.37490.72-.001414        2 1 1 1        2 1 1 0                    R  9f     3655431410 5 3 3 3   189.0  171.0
 44 2161.281102 4.838E-27 1.185E+02.09410.116 2296.39800.70-.001273        0 4 0 1        0 4 0 0                    P  2e     3655431310 5 3 3 3    27.0   45.0
 41 2161.284330 2.548E-27 7.127E+01.07090.087 4247.07750.81-.001934        3 0 0 1        3 0 0 0                    R 31e     3555431410 5 3 3 3   585.0  567.0
 41 2161.284960 3.903E-24 9.338E+01.08570.108 2492.10180.71-.001845        1 2 0 1        1 2 0 0                    P  8e     3655431410 5 3 3 3   135.0  153.0
 42 2161.291400 3.840E-25 2.686E-01.07290.091  870.12810.75-.002034        0 1 1 1        0 1 1 0                    Q 26f     3655431815 5 3 3 3   318.0  318.0
 45 2161.294641 8.648E-28 9.705E+01.09060.112 2443.84280.70-.001513        1 2 0 1        1 2 0 0                    P  4e     3655431310 5 3 3 3   378.0  486.0
 43 2161.312600 1.095E-23 1.010E+02.07910.102 1256.08740.72-.002108        0 2 2 1        0 2 2 0                    P 14e     3655431810 5 3 3 3   162.0  174.0
 43 2161.313200 1.095E-23 1.010E+02.07910.102 1256.08510.72-.002108        0 2 2 1        0 2 2 0                    P 14f     3655431810 5 3 3 3   162.0  174.0
 42 2161.328500 5.873E-24 8.360E+01.08090.104 1335.41190.72-.001471        1 0 0 1        1 0 0 0                    R 11e     3655431810 5 3 3 3   150.0  138.0
 41 2161.329190 1.405E-22 9.721E+01.07450.094 1979.72930.73-.002237        0 3 3 1        0 3 3 0                    P 22f     3655431410 5 3 3 3   387.0  405.0
 41 2161.329240 1.405E-22 9.721E+01.07450.094 1979.72900.73-.002237        0 3 3 1        0 3 3 0                    P 22e     3655431410 5 3 3 3   387.0  405.0
 42 2161.333210 8.224E-28 8.987E+01.06630.075 3478.79630.74-.002285        0 4 0 1        0 4 0 0                    R 53e     3645431910 5 3 3 3   654.0  642.0
 44 2161.334521 4.591E-28 1.881E+00.07590.097 2456.28030.73-.001930        0 4 2 1        0 4 2 0                    Q 19e     3655431310 5 3 3 3   351.0  351.0
 43 2161.341000 1.186E-26 8.084E+01.07450.094 2720.13930.73-.001723        2 0 0 1        2 0 0 0                    R 21e     3655431810 5 3 3 3   270.0  258.0
 44 2161.343459 5.048E-27 2.678E+01.08330.106 2382.07890.72-.001685        0 4 4 1        0 4 4 0                    Q 10f     3655431310 5 3 3 3   189.0  189.0
 44 2161.343856 5.048E-27 2.678E+01.08330.106 2382.07870.72-.001685        0 4 4 1        0 4 4 0                    Q 10e     3655431310 5 3 3 3   189.0  189.0
 45 2161.350229 1.717E-27 8.626E+01.08920.111 2330.14970.71-.001612        0 4 2 1        0 4 2 0                    P  5f     3655431310 5 3 3 3   486.0  594.0
 45 2161.350296 1.717E-27 8.626E+01.08920.111 2330.14970.71-.001612        0 4 2 1        0 4 2 0                    P  5e     3655431310 5 3 3 3   486.0  594.0
 42 2161.350800 1.743E-25 1.831E+02.07770.100 2277.40370.73-.001578        0 0 0 2        0 0 0 1                    R 15e     3655431810 5 3 3 3   198.0  186.0
 41 2161.354330 3.019E-28 1.265E+00.07040.086 3868.81810.81-.002113        0 2 2 2        0 2 2 1                    Q 34f     3655431410 5 3 3 3   621.0  621.0
 43 2161.362300 2.780E-28 1.713E+02.07360.093 3664.34070.74-.001768        1 0 0 2        1 0 0 1                    R 23e     3655431910 5 3 3 3   294.0  282.0
 44 2161.363448 4.591E-28 1.881E+00.07590.097 2456.26580.73-.001930        0 4 2 1        0 4 2 0                    Q 19f     3655431310 5 3 3 3   351.0  351.0
 41 2161.364860 1.006E-27 1.282E-03.07120.088 2184.05460.80-.002086        0 3 1 1        0 3 3 0                    Q 31e     3655431410 5 3 3 3   567.0  567.0
 41 2161.369530 1.678E-28 8.829E+01.06770.079 4924.46210.76-.002174        0 7 3 1        0 7 3 0                    R 45e     3555431410 5 3 3 3   837.0  819.0
 42 2161.370600 1.283E-25 1.665E-01.07070.086 1045.44900.81-.002104        0 1 1 1        0 1 1 0                    Q 33e     3655431815 5 3 3 3   402.0  402.0
 41 2161.377450 1.618E-28 4.717E-03.07190.089 2814.53050.78-.000910        1 6 2 0        1 2 2 0                    R 28f     3655431410 5 3 3 3   531.0  513.0
 41 2161.379180 2.163E-28 8.825E+01.06790.079 4867.62410.77-.002912        1 5 1 1        0 7 1 0                    R 44e     3555431410 5 3 3 3   819.0  801.0
 45 2161.384971 6.354E-26 9.580E+01.07540.096 1910.54100.73-.002219        0 3 1 1        0 3 1 0                    P 20f     3655431310 5 3 3 3  2106.0 2214.0
 41 2161.393160 3.369E-27 3.561E-01.06810.080 3164.06070.77-.002182        0 4 2 1        0 4 2 0                    Q 44e     3655431410 5 3 3 3   801.0  801.0
 41 2161.394110 1.676E-28 8.826E+01.06770.079 4924.64200.76-.002174        0 7 3 1        0 7 3 0                    R 45f     3555431410 5 3 3 3   837.0  819.0
 43 2161.395480 3.673E-28 9.276E+01.06850.081 3594.09210.78-.002112        0 5 3 1        0 5 3 0                    R 41e     3655431310 5 3 3 3   510.0  498.0
 43 2161.398676 3.672E-28 9.275E+01.06850.081 3594.11850.78-.002112        0 5 3 1        0 5 3 0                    R 41f     3655431310 5 3 3 3   510.0  498.0
 41 2161.403200 2.500E-27 3.817E-01.06850.081 3230.25520.78-.002170        1 2 2 1        1 2 2 0                    Q 42e     3655431410 5 3 3 3   765.0  765.0
 41 2161.404790 8.037E-22 9.857E+01.06990.084 1727.03190.81-.002248        0 2 0 1        0 2 0 0                    P 36e     3655431410 5 3 3 3   639.0  657.0
 44 2161.405303 5.803E-27 3.274E+01.08460.107 2374.12590.72-.001644        0 4 4 1        0 4 4 0                    Q  9e     3655431310 5 3 3 3   171.0  171.0
 44 2161.405315 5.803E-27 3.274E+01.08460.107 2374.12590.72-.001644        0 4 4 1        0 4 4 0                    Q  9f     3655431310 5 3 3 3   171.0  171.0
 43 2161.405900 1.670E-28 1.535E-03.07540.096 1341.31230.73-.001948        0 2 0 1        0 2 2 0                    Q 20f     3655431810 5 3 3 3   246.0  246.0
 45 2161.410745 2.430E-28 8.569E+01.08200.105 2924.09240.72-.001443        0 5 1 1        0 5 1 0                    R 10e     3655431310 5 3 3 3  1242.0 1134.0
 42 2161.412510 2.381E-28 8.357E+01.06600.074 3726.20860.74-.002310        1 2 2 1        1 2 2 0                    R 55f     3645431910 5 3 3 3   678.0  666.0
 45 2161.416128 3.412E-26 8.928E+01.07590.097 2013.08560.73-.002207        1 1 1 1        1 1 1 0                    P 19f     3655431310 5 3 3 3  1998.0 2106.0
 41 2161.417320 3.481E-21 9.838E+01.06540.073 1531.22050.73-.002166        0 0 0 1        0 0 0 0                    P 60e     3645431416 5 3 3 3  1071.0 1089.0
 41 2161.417900 4.342E-24 6.947E+01.08680.109 2379.84130.71-.001777        0 4 4 1        0 4 4 0                    P  7e     3655431410 5 3 3 3   117.0  135.0
 41 2161.417900 4.342E-24 6.947E+01.08680.109 2379.84130.71-.001777        0 4 4 1        0 4 4 0                    P  7f     3655431410 5 3 3 3   117.0  135.0
 43 2161.424440 4.196E-26 9.270E+01.07540.096 2469.14220.73-.001677        0 4 2 1        0 4 2 0                    R 19f     3655431910 5 3 3 3   246.0  234.0
 41 2161.428030 3.576E-28 1.346E+00.07070.086 3840.58080.81-.002104        0 2 2 2        0 2 2 1                    Q 33e     3655431410 5 3 3 3   603.0  603.0
 45 2161.433452 2.211E-28 8.208E+01.08090.104 2951.84910.72-.001471        0 5 3 1        0 5 3 0                    R 11f     3655431310 5 3 3 3  1350.0 1242.0
 45 2161.433576 2.211E-28 8.208E+01.08090.104 2951.84900.72-.001471        0 5 3 1        0 5 3 0                    R 11e     3655431310 5 3 3 3  1350.0 1242.0
 41 2161.433720 7.728E-28 4.986E-04.06810.080 2110.39280.77-.000451        0 6 2 0        1 0 0 0                    P 44e     3655431410 5 3 3 3   783.0  801.0
 44 2161.435800 1.792E-23 9.456E+01.06590.074 1306.04990.73-.002176        0 0 0 1        0 0 0 0                    P 57e     3645431816 5 3 3 3  1017.0 1035.0
 41 2161.436880 8.856E-27 8.327E+01.07190.089 4002.81640.78-.001875        1 4 4 1        1 4 4 0                    R 28e     3555431410 5 3 3 3   531.0  513.0
 41 2161.436880 8.856E-27 8.327E+01.07190.089 4002.81640.78-.001875        1 4 4 1        1 4 4 0                    R 28f     3555431410 5 3 3 3   531.0  513.0
 43 2161.437020 4.196E-26 9.269E+01.07540.096 2469.15480.73-.001677        0 4 2 1        0 4 2 0                    R 19e     3655431910 5 3 3 3   246.0  234.0
 41 2161.441430 2.895E-28 1.806E+02.07120.088 4879.31890.80-.001915        0 4 0 2        0 4 0 1                    R 30e     3555431410 5 3 3 3   567.0  549.0
 41 2161.444950 2.045E-27 3.630E-01.06830.080 3266.03340.78-.002176        1 2 2 1        1 2 2 0                    Q 43f     3655431410 5 3 3 3   783.0  783.0
 41 2161.446220 2.075E-24 1.980E+02.07540.096 2973.21100.73-.002219        0 1 1 2        0 1 1 1                    P 20f     3655431410 5 3 3 3   351.0  369.0
 45 2161.449229 2.427E-28 8.567E+01.08200.105 2924.31310.72-.001443        0 5 1 1        0 5 1 0                    R 10f     3655431310 5 3 3 3  1242.0 1134.0
 45 2161.449740 6.370E-26 9.579E+01.07540.096 1909.95970.73-.002219        0 3 1 1        0 3 1 0                    P 20e     3655431310 5 3 3 3  2106.0 2214.0
 41 2161.451290 8.420E-28 6.591E-04.07330.092 2040.27850.74-.002022        0 3 1 1        0 3 3 0                    Q 25f     3655431410 5 3 3 3   459.0  459.0
 42 2161.452300 1.266E-23 9.062E+01.07990.103 1209.83430.72-.001499        0 2 0 1        0 2 0 0                    R 12e     3655431810 5 3 3 3   162.0  150.0
 44 2161.455202 5.211E-28 2.091E+00.07650.098 2441.19500.73-.001911        0 4 2 1        0 4 2 0                    Q 18e     3655431310 5 3 3 3   333.0  333.0
 41 2161.456030 1.120E-27 2.769E-01.06720.077 3360.72320.75-.002210        0 4 2 1        0 4 2 0                    Q 49f     3655431410 5 3 3 3   891.0  891.0
 41 2161.456790 2.104E-28 8.814E+01.06790.079 4873.03930.77-.002912        1 5 1 1        0 7 1 0                    R 44f     3555431410 5 3 3 3   819.0  801.0
 45 2161.457829 3.417E-26 8.926E+01.07590.097 2012.74770.73-.002207        1 1 1 1        1 1 1 0                    P 19e     3655431310 5 3 3 3  1998.0 2106.0
 44 2161.460792 6.721E-27 4.093E+01.08570.108 2366.96840.71-.001598        0 4 4 1        0 4 4 0                    Q  8e     3655431310 5 3 3 3   153.0  153.0
 44 2161.460805 6.721E-27 4.093E+01.08570.108 2366.96840.71-.001598        0 4 4 1        0 4 4 0                    Q  8f     3655431310 5 3 3 3   153.0  153.0
 44 2161.466800 2.805E-24 9.515E+01.07120.088 1562.03660.80-.002258        0 2 2 1        0 2 2 0                    P 31e     3655431810 5 3 3 3   549.0  567.0
 41 2161.467990 1.074E-28 1.676E+02.07070.086 5080.66820.81-.001953        1 2 2 2        1 2 2 1                    R 32f     3555431410 5 3 3 3   603.0  585.0
 41 2161.469700 4.540E-25 8.505E+01.08680.109 2915.44720.71-.001320        0 5 1 1        0 5 1 0                    R  6e     3655431410 5 3 3 3   135.0  117.0
 42 2161.470328 2.370E-28 8.347E+01.06600.074 3726.92310.74-.002310        1 2 2 1        1 2 2 0                    R 55e     3645431310 5 3 3 3   678.0  666.0
 44 2161.471100 2.805E-24 9.515E+01.07120.088 1562.00720.80-.002258        0 2 2 1        0 2 2 0                    P 31f     3655431810 5 3 3 3   549.0  567.0
 44 2161.471221 1.081E-27 8.175E+01.07650.098 3045.29430.73-.001628        0 5 5 1        0 5 5 0                    R 17e     3655431310 5 3 3 3   333.0  315.0
 44 2161.471229 1.081E-27 8.175E+01.07650.098 3045.29430.73-.001628        0 5 5 1        0 5 5 0                    R 17f     3655431310 5 3 3 3   333.0  315.0
 41 2161.473990 1.074E-28 1.676E+02.07070.086 5080.72420.81-.001953        1 2 2 2        1 2 2 1                    R 32e     3555431410 5 3 3 3   603.0  585.0
 44 2161.475200 3.658E-25 9.340E+01.07700.099 1850.89590.73-.002177        0 3 1 1        0 3 1 0                    P 17f     3655431810 5 3 3 3   297.0  315.0
 44 2161.478658 5.210E-28 2.091E+00.07650.098 2441.18320.73-.001911        0 4 2 1        0 4 2 0                    Q 18f     3655431310 5 3 3 3   333.0  333.0
 41 2161.482480 2.078E-24 1.980E+02.07540.096 2972.88500.73-.002219        0 1 1 2        0 1 1 1                    P 20e     3655431410 5 3 3 3   351.0  369.0
 43 2161.482890 1.423E-28 8.611E+01.06810.080 3783.26400.77-.002143        1 3 1 1        1 3 1 0                    R 43e     3655431910 5 3 3 3   534.0  522.0
 43 2161.484000 2.085E-26 8.680E+01.07490.095 2609.29180.73-.001700        1 2 0 1        1 2 0 0                    R 20e     3655431810 5 3 3 3   258.0  246.0
 41 2161.484360 7.204E-26 2.115E+02.08920.111 3376.47420.71-.001612        0 2 0 2        0 2 0 1                    P  5e     3655431410 5 3 3 3    81.0   99.0
 41 2161.489860 1.186E-27 5.218E-04.06790.079 2036.32710.77-.002218        0 2 2 1        0 2 0 0                    P 45e     3655431410 5 3 3 3   801.0  819.0
 41 2161.497410 4.538E-25 8.504E+01.08680.109 2915.53850.71-.001320        0 5 1 1        0 5 1 0                    R  6f     3655431410 5 3 3 3   135.0  117.0
 42 2161.504100 4.438E-25 2.903E-01.07330.092  848.30500.74-.002022        0 1 1 1        0 1 1 0                    Q 25f     3655431815 5 3 3 3   306.0  306.0
 41 2161.507160 2.338E-28 7.098E-01.07290.091 3748.19430.75-.002693        3 3 1 0        0 6 2 0                    R 25f     3655431410 5 3 3 3   477.0  459.0
 41 2161.507310 1.903E-26 1.671E+00.06850.081 3116.39180.78-.002170        0 4 4 1        0 4 4 0                    Q 42e     3655431410 5 3 3 3   765.0  765.0
 43 2161.507400 5.180E-28 1.884E+02.07360.093 3555.80990.74-.001768        0 2 0 2        0 2 0 1                    R 23e     3655431910 5 3 3 3   294.0  282.0
 41 2161.508060 1.903E-26 1.671E+00.06850.081 3116.39150.78-.002170        0 4 4 1        0 4 4 0                    Q 42f     3655431410 5 3 3 3   765.0  765.0
 44 2161.508857 7.418E-28 7.844E+01.07590.097 3125.02220.73-.001653        1 3 1 1        1 3 1 0                    R 18e     3655431310 5 3 3 3   351.0  333.0
 41 2161.509850 1.234E-23 1.983E+02.07040.086 2718.02410.81-.002253        0 0 0 2        0 0 0 1                    P 34e     3655431410 5 3 3 3   603.0  621.0
 44 2161.510116 7.865E-27 5.263E+01.08680.109 2360.60600.71-.001548        0 4 4 1        0 4 4 0                    Q  7e     3655431310 5 3 3 3   135.0  135.0
 44 2161.510128 7.865E-27 5.263E+01.08680.109 2360.60600.71-.001548        0 4 4 1        0 4 4 0                    Q  7f     3655431310 5 3 3 3   135.0  135.0
 41 2161.518150 1.259E-26 8.280E+01.07250.090 3914.74590.76-.001833        1 4 0 1        1 4 0 0                    R 26e     3655431410 5 3 3 3   495.0  477.0
 41 2161.520860 1.991E-24 8.704E+01.08680.109 2586.61290.71-.001777        2 0 0 1        2 0 0 0                    P  7e     3655431410 5 3 3 3   117.0  135.0
 44 2161.524300 3.664E-25 9.338E+01.07700.099 1850.50280.73-.002177        0 3 1 1        0 3 1 0                    P 17e     3655431810 5 3 3 3   297.0  315.0
 43 2161.530066 1.394E-28 8.547E+01.06810.080 3786.08920.77-.002143        1 3 1 1        1 3 1 0                    R 43f     3655431310 5 3 3 3   534.0  522.0
 41 2161.533690 7.974E-27 1.725E+02.07990.103 4013.38520.72-.001499        0 3 3 2        0 3 3 1                    R 12e     3555431410 5 3 3 3   243.0  225.0
 41 2161.533690 7.974E-27 1.725E+02.07990.103 4013.38520.72-.001499        0 3 3 2        0 3 3 1                    R 12f     3555431410 5 3 3 3   243.0  225.0
 42 2161.535000 1.515E-25 1.771E-01.07090.087 1017.81350.81-.002095        0 1 1 1        0 1 1 0                    Q 32e     3655431815 5 3 3 3   390.0  390.0
 41 2161.535110 4.280E-22 9.108E+01.06990.084 1840.38120.81-.002248        1 0 0 1        1 0 0 0                    P 36e     3655431410 5 3 3 3   639.0  657.0
 41 2161.535560 4.112E-25 7.570E+01.08570.108 2937.63200.71-.001352        0 5 3 1        0 5 3 0                    R  7e     3655431410 5 3 3 3   153.0  135.0
 41 2161.535560 4.112E-25 7.570E+01.08570.108 2937.63200.71-.001352        0 5 3 1        0 5 3 0                    R  7f     3655431410 5 3 3 3   153.0  135.0
 41 2161.539510 8.729E-27 1.787E+02.08090.104 3986.19070.72-.001471        0 3 1 2        0 3 1 1                    R 11e     3655431410 5 3 3 3   225.0  207.0
 43 2161.548600 1.558E-28 1.392E-03.07590.097 1325.07970.73-.001930        0 2 0 1        0 2 2 0                    Q 19f     3655431810 5 3 3 3   234.0  234.0
 44 2161.548682 7.398E-28 7.842E+01.07590.097 3125.50310.73-.001653        1 3 1 1        1 3 1 0                    R 18f     3655431310 5 3 3 3   351.0  333.0
 43 2161.550690 4.600E-28 9.168E+01.06870.081 3540.46020.78-.002095        0 5 1 1        0 5 1 0                    R 40e     3655431910 5 3 3 3   498.0  486.0
 44 2161.553275 9.339E-27 7.019E+01.08800.110 2355.03890.71-.001493        0 4 4 1        0 4 4 0                    Q  6e     3655431310 5 3 3 3   117.0  117.0
 44 2161.553287 9.339E-27 7.019E+01.08800.110 2355.03890.71-.001493        0 4 4 1        0 4 4 0                    Q  6f     3655431310 5 3 3 3   117.0  117.0
 41 2161.553580 1.030E-27 1.195E-03.07150.088 2157.99270.79-.002077        0 3 1 1        0 3 3 0                    Q 30e     3655431410 5 3 3 3   549.0  549.0
 42 2161.554876 6.466E-28 8.994E+01.06620.075 3532.12870.74-.002297        0 4 2 1        0 4 2 0                    R 54f     3645431910 5 3 3 3   666.0  654.0
 42 2161.555480 1.071E-28 7.657E+01.06590.074 3876.28550.73-.002322        2 0 0 1        2 0 0 0                    R 56e     3645431910 5 3 3 3   690.0  678.0
 44 2161.555979 3.935E-28 7.473E+01.07450.094 3274.94940.73-.001723        2 1 1 1        2 1 1 0                    R 21e     3655431310 5 3 3 3   405.0  387.0
 42 2161.559300 3.140E-21 9.718E+01.07650.098  143.27120.73-.002193        0 0 0 1        0 0 0 0                    P 18e     3655431816 5 3 3 3   210.0  222.0
 43 2161.563930 1.839E-28 2.198E-01.06570.073 2558.49500.73-.002253        0 2 2 1        0 2 2 0                    Q 58e     3645431910 5 3 3 3   702.0  702.0
 44 2161.569266 5.908E-28 2.339E+00.07700.099 2426.90350.73-.001890        0 4 2 1        0 4 2 0                    Q 17e     3655431310 5 3 3 3   315.0  315.0
 41 2161.569780 2.248E-21 9.871E+01.06730.078 1575.54480.76-.002207        0 1 1 1        0 1 1 0                    P 48f     3655431415 5 3 3 3   855.0  873.0
 41 2161.570400 8.720E-27 1.787E+02.08090.104 3986.38390.72-.001471        0 3 1 2        0 3 1 1                    R 11f     3655431410 5 3 3 3   225.0  207.0
 43 2161.571100 1.877E-26 8.733E+01.07450.094 2641.46380.73-.001723        1 2 2 1        1 2 2 0                    R 21f     3655431910 5 3 3 3   270.0  258.0
 43 2161.572500 1.877E-26 8.733E+01.07450.094 2641.47200.73-.001723        1 2 2 1        1 2 2 0                    R 21e     3655431910 5 3 3 3   270.0  258.0
 42 2161.573620 2.848E-27 1.835E+02.06960.084 3293.16150.80-.002027        0 1 1 2        0 1 1 1                    R 36e     3655431910 5 3 3 3   450.0  438.0
 41 2161.575290 3.573E-28 1.344E+00.07070.086 3840.50750.81-.002104        0 2 2 2        0 2 2 1                    Q 33f     3655431410 5 3 3 3   603.0  603.0
 41 2161.578180 3.098E-26 8.825E+01.07330.092 3727.14480.74-.001790        0 6 2 1        0 6 2 0                    R 24f     3655431410 5 3 3 3   459.0  441.0
 45 2161.578788 5.859E-26 9.513E+01.07590.097 1914.88700.73-.002207        0 3 3 1        0 3 3 0                    P 19f     3655431310 5 3 3 3  1998.0 2106.0
 45 2161.578917 5.859E-26 9.513E+01.07590.097 1914.88690.73-.002207        0 3 3 1        0 3 3 0                    P 19e     3655431310 5 3 3 3  1998.0 2106.0
 45 2161.580309 1.856E-28 7.823E+01.07910.102 3008.44850.72-.001526        0 5 5 1        0 5 5 0                    R 13f     3655431310 5 3 3 3  1566.0 1458.0
 45 2161.580445 1.856E-28 7.823E+01.07910.102 3008.44850.72-.001526        0 5 5 1        0 5 5 0                    R 13e     3655431310 5 3 3 3  1566.0 1458.0
 44 2161.588063 5.908E-28 2.339E+00.07700.099 2426.89400.73-.001890        0 4 2 1        0 4 2 0                    Q 17f     3655431310 5 3 3 3   315.0  315.0
 42 2161.589250 3.498E-25 9.115E+01.07090.087 2130.01100.81-.001934        0 3 1 1        0 3 1 0                    R 31e     3655431910 5 3 3 3   390.0  378.0
 44 2161.590268 1.132E-26 9.827E+01.08920.111 2350.26700.71-.001431        0 4 4 1        0 4 4 0                    Q  5e     3655431310 5 3 3 3    99.0   99.0
 44 2161.590280 1.132E-26 9.827E+01.08920.111 2350.26700.71-.001431        0 4 4 1        0 4 4 0                    Q  5f     3655431310 5 3 3 3    99.0   99.0
 41 2161.595660 3.124E-26 8.906E+01.07330.092 3727.28130.74-.001790        0 6 2 1        0 6 2 0                    R 24e     3655431410 5 3 3 3   459.0  441.0
 44 2161.595718 3.925E-28 7.474E+01.07450.094 3275.46200.73-.001723        2 1 1 1        2 1 1 0                    R 21f     3655431310 5 3 3 3   405.0  387.0
 42 2161.597400 1.612E-25 8.458E+01.07090.087 2273.95160.81-.001934        1 1 1 1        1 1 1 0                    R 31e     3655431810 5 3 3 3   390.0  378.0
 43 2161.597830 1.998E-28 9.343E+01.06790.079 3734.85760.77-.002159        0 5 5 1        0 5 5 0                    R 44e     3655431310 5 3 3 3   546.0  534.0
 43 2161.597842 1.998E-28 9.343E+01.06790.079 3734.85760.77-.002159        0 5 5 1        0 5 5 0                    R 44f     3655431310 5 3 3 3   546.0  534.0
 42 2161.602150 2.949E-25 9.085E+01.07070.086 2170.70100.81-.001953        0 3 3 1        0 3 3 0                    R 32e     3655431910 5 3 3 3   402.0  390.0
 42 2161.603360 2.949E-25 9.085E+01.07070.086 2170.70590.81-.001953        0 3 3 1        0 3 3 0                    R 32f     3655431910 5 3 3 3   402.0  390.0
 42 2161.611400 2.833E-27 1.835E+02.06960.084 3294.21750.80-.002027        0 1 1 2        0 1 1 1                    R 36f     3655431910 5 3 3 3   450.0  438.0
 44 2161.621095 1.417E-26 1.474E+02.09060.112 2346.29040.70-.001363        0 4 4 1        0 4 4 0                    Q  4e     3655431310 5 3 3 3    81.0   81.0
 44 2161.621107 1.417E-26 1.474E+02.09060.112 2346.29040.70-.001363        0 4 4 1        0 4 4 0                    Q  4f     3655431310 5 3 3 3    81.0   81.0
 43 2161.621450 4.563E-28 9.240E+01.06870.081 3543.71260.78-.002095        0 5 1 1        0 5 1 0                    R 40f     3655431910 5 3 3 3   498.0  486.0
 41 2161.623050 1.712E-26 8.782E+01.07190.089 3878.11830.78-.001875        0 6 6 1        0 6 6 0                    R 28e     3655431410 5 3 3 3   531.0  513.0
 41 2161.623050 1.712E-26 8.782E+01.07190.089 3878.11830.78-.001875        0 6 6 1        0 6 6 0                    R 28f     3655431410 5 3 3 3   531.0  513.0
 42 2161.625100 5.557E-23 1.009E+02.09220.114  580.47270.70-.001400        0 1 1 1        0 1 1 0                    P  3f     3655431815 5 3 3 3    30.0   42.0
 43 2161.627987 3.386E-26 9.185E+01.07450.094 2530.51230.73-.001723        0 4 4 1        0 4 4 0                    R 21e     3655431310 5 3 3 3   270.0  258.0
 43 2161.627995 3.386E-26 9.185E+01.07450.094 2530.51230.73-.001723        0 4 4 1        0 4 4 0                    R 21f     3655431310 5 3 3 3   270.0  258.0
 42 2161.629200 1.605E-25 8.457E+01.07090.087 2274.83790.81-.001934        1 1 1 1        1 1 1 0                    R 31f     3655431810 5 3 3 3   390.0  378.0
 42 2161.630100 5.557E-23 1.009E+02.09220.114  580.46290.70-.001400        0 1 1 1        0 1 1 0                    P  3e     3655431815 5 3 3 3    30.0   42.0
 44 2161.635400 1.928E-24 8.676E+01.07150.088 1613.27910.79-.002259        1 0 0 1        1 0 0 0                    P 30e     3655431810 5 3 3 3   531.0  549.0
 41 2161.647370 4.988E-27 7.650E+01.07150.088 4110.28020.79-.001895        2 2 0 1        2 2 0 0                    R 29e     3555431410 5 3 3 3   549.0  531.0
 42 2161.653290 3.471E-25 9.112E+01.07090.087 2131.55530.81-.001934        0 3 1 1        0 3 1 0                    R 31f     3655431910 5 3 3 3   390.0  378.0
 41 2161.655080 7.479E-24 9.484E+01.08570.108 2361.41670.71-.001845        0 4 2 1        0 4 2 0                    P  8e     3655431410 5 3 3 3   135.0  153.0
 41 2161.655460 7.479E-24 9.484E+01.08570.108 2361.41570.71-.001845        0 4 2 1        0 4 2 0                    P  8f     3655431410 5 3 3 3   135.0  153.0
 41 2161.659410 4.218E-28 1.432E+00.07090.087 3813.09310.81-.002095        0 2 2 2        0 2 2 1                    Q 32e     3655431410 5 3 3 3   585.0  585.0
 41 2161.662470 3.077E-24 8.753E+01.08680.109 2498.23600.71-.001777        1 2 2 1        1 2 2 0                    P  7e     3655431410 5 3 3 3   117.0  135.0
 41 2161.662540 3.077E-24 8.753E+01.08680.109 2498.23590.71-.001777        1 2 2 1        1 2 2 0                    P  7f     3655431410 5 3 3 3   117.0  135.0
 44 2161.674400 2.402E-27 6.575E+01.09220.114 2493.54460.70-.001175        2 0 0 1        2 0 0 0                    R  2e     3655431810 5 3 3 3    63.0   45.0
 41 2161.674550 8.355E-28 6.147E-04.07360.093 2019.25520.74-.002009        0 3 1 1        0 3 3 0                    Q 24f     3655431410 5 3 3 3   441.0  441.0
 44 2161.676756 6.694E-28 2.632E+00.07770.100 2413.40570.73-.001868        0 4 2 1        0 4 2 0                    Q 16e     3655431310 5 3 3 3   297.0  297.0
 45 2161.679500 2.493E-25 8.892E+01.07070.086 1718.97260.81-.002255        1 0 0 1        1 0 0 0                    P 33e     3655431810 5 3 3 3  3510.0 3618.0
 41 2161.680260 2.268E-21 9.867E+01.06730.078 1573.68760.76-.002207        0 1 1 1        0 1 1 0                    P 48e     3655431415 5 3 3 3   855.0  873.0
 43 2161.684000 1.437E-28 1.255E-03.07650.098 1309.65830.73-.001911        0 2 0 1        0 2 2 0                    Q 18f     3655431810 5 3 3 3   222.0  222.0
 42 2161.688651 3.875E-28 9.009E+01.06590.074 3645.06120.73-.002322        0 4 4 1        0 4 4 0                    R 56f     3645431310 5 3 3 3   690.0  678.0
 42 2161.690887 3.875E-28 9.009E+01.06590.074 3645.07190.73-.002322        0 4 4 1        0 4 4 0                    R 56e     3645431310 5 3 3 3   690.0  678.0
 44 2161.691625 6.694E-28 2.632E+00.07770.100 2413.39820.73-.001868        0 4 2 1        0 4 2 0                    Q 16f     3655431310 5 3 3 3   297.0  297.0
 41 2161.692680 2.531E-28 1.808E+02.07090.087 4913.61760.81-.001934        0 4 2 2        0 4 2 1                    R 31f     3555431410 5 3 3 3   585.0  567.0
 42 2161.694300 1.781E-25 1.887E-01.07120.088  991.01400.80-.002086        0 1 1 1        0 1 1 0                    Q 31e     3655431815 5 3 3 3   378.0  378.0
 45 2161.696023 3.450E-28 5.768E+01.09220.114 2456.58280.70-.001400        1 2 2 1        1 2 2 0                    P  3f     3655431310 5 3 3 3   270.0  378.0
 45 2161.696141 3.450E-28 5.768E+01.09220.114 2456.58280.70-.001400        1 2 2 1        1 2 2 0                    P  3e     3655431310 5 3 3 3   270.0  378.0
 44 2161.697021 4.228E-27 1.910E+02.07990.103 2858.58720.72-.002078        0 1 1 2        0 1 1 1                    P 13f     3655431310 5 3 3 3   225.0  243.0
 42 2161.698981 6.401E-28 8.987E+01.06620.075 3534.01420.74-.002297        0 4 2 1        0 4 2 0                    R 54e     3645431310 5 3 3 3   666.0  654.0
 41 2161.700110 3.038E-27 4.006E-01.06870.081 3195.13650.78-.002164        1 2 2 1        1 2 2 0                    Q 41e     3655431410 5 3 3 3   747.0  747.0
 42 2161.708700 5.116E-25 3.145E-01.07360.093  827.32020.74-.002009        0 1 1 1        0 1 1 0                    Q 24f     3655431815 5 3 3 3   294.0  294.0
 41 2161.712140 1.405E-27 2.903E-01.06730.078 3319.58830.76-.002205        0 4 2 1        0 4 2 0                    Q 48f     3655431410 5 3 3 3   873.0  873.0
 41 2161.713670 3.738E-26 1.936E+02.08920.111 3493.23260.71-.001612        1 0 0 2        1 0 0 1                    P  5e     3655431410 5 3 3 3    81.0   99.0
 45 2161.713885 4.188E-25 9.706E+01.07070.086 1630.29830.81-.002255        0 2 2 1        0 2 2 0                    P 33e     3655431310 5 3 3 3  3510.0 3618.0
 41 2161.716010 3.626E-25 6.762E+01.08330.106 2983.70520.72-.001414        0 5 5 1        0 5 5 0                    R  9e     3655431410 5 3 3 3   189.0  171.0
 41 2161.716010 3.626E-25 6.762E+01.08330.106 2983.70520.72-.001414        0 5 5 1        0 5 5 0                    R  9f     3655431410 5 3 3 3   189.0  171.0
 44 2161.716353 4.230E-27 1.910E+02.07990.103 2858.45970.72-.002078        0 1 1 2        0 1 1 1                    P 13e     3655431310 5 3 3 3   225.0  243.0
 41 2161.717090 2.528E-28 1.808E+02.07090.087 4913.79490.81-.001934        0 4 2 2        0 4 2 1                    R 31e     3555431410 5 3 3 3   585.0  567.0
 43 2161.717120 4.673E-28 1.888E+02.07330.092 3585.65580.74-.001790        0 2 2 2        0 2 2 1                    R 24f     3655431910 5 3 3 3   306.0  294.0
 43 2161.718950 4.672E-28 1.888E+02.07330.092 3585.67320.74-.001790        0 2 2 2        0 2 2 1                    R 24e     3655431910 5 3 3 3   306.0  294.0
 45 2161.719564 4.189E-25 9.706E+01.07070.086 1630.24580.81-.002255        0 2 2 1        0 2 2 0                    P 33f     3655431310 5 3 3 3  3510.0 3618.0
 41 2161.720470 2.496E-27 3.810E-01.06850.081 3230.09530.78-.002170        1 2 2 1        1 2 2 0                    Q 42f     3655431410 5 3 3 3   765.0  765.0
 41 2161.724390 7.639E-23 9.118E+01.07450.094 2091.91850.73-.002237        1 1 1 1        1 1 1 0                    P 22f     3655431410 5 3 3 3   387.0  405.0
 43 2161.729900 1.130E-25 5.845E+01.09410.116 1737.45860.70-.001133        0 3 1 1        0 3 1 0                    R  1e     3655431910 5 3 3 3    30.0   18.0
 41 2161.732190 6.163E-26 5.469E-03.07250.090 1600.24960.76-.000599        0 6 0 0        1 0 0 0                    P 27e     3655431410 5 3 3 3   477.0  495.0
 43 2161.732620 4.574E-27 1.713E+02.08920.111 2780.73700.71-.001251        0 1 1 2        0 1 1 1                    R  4e     3655431910 5 3 3 3    66.0   54.0
 43 2161.735150 1.130E-25 5.845E+01.09410.116 1737.46150.70-.001133        0 3 1 1        0 3 1 0                    R  1f     3655431910 5 3 3 3    30.0   18.0
 41 2161.735390 4.146E-27 3.746E-01.06830.080 3127.05360.78-.002176        0 4 2 1        0 4 2 0                    Q 43e     3655431410 5 3 3 3   783.0  783.0
 41 2161.735830 1.048E-27 1.112E-03.07190.089 2132.77030.78-.002067        0 3 1 1        0 3 3 0                    Q 29e     3655431410 5 3 3 3   531.0  531.0
 43 2161.736690 1.457E-27 2.534E-02.08330.106 1314.24900.72-.000590        0 6 0 0        1 0 0 0                    P 10e     3655431910 5 3 3 3   114.0  126.0
 42 2161.738090 2.485E-28 8.326E+01.06600.074 3716.57760.74-.002310        1 2 0 1        1 2 0 0                    R 55e     3645431910 5 3 3 3   678.0  666.0
 45 2161.738300 1.296E-24 9.688E+01.06770.079 1466.79030.76-.002214        0 1 1 1        0 1 1 0                    P 46f     3655431815 5 3 3 3  4914.0 5022.0
 43 2161.739500 4.574E-27 1.713E+02.08920.111 2780.75160.71-.001251        0 1 1 2        0 1 1 1                    R  4f     3655431910 5 3 3 3    66.0   54.0
 45 2161.746917 2.671E-28 1.049E+02.09410.116 2527.09420.70-.001273        2 0 0 1        2 0 0 0                    P  2e     3655431310 5 3 3 3   162.0  270.0
 45 2161.750013 2.133E-27 1.021E+02.08920.111 2320.23750.71-.001612        0 4 0 1        0 4 0 0                    P  5e     3655431310 5 3 3 3   486.0  594.0
 45 2161.761200 6.411E-27 1.945E+02.07120.088 2620.02320.80-.002258        0 0 0 2        0 0 0 1                    P 31e     3655431810 5 3 3 3  3294.0 3402.0
 41 2161.764480 2.241E-25 7.588E+01.08330.106 3106.43950.72-.001414        1 3 3 1        1 3 3 0                    R  9e     3655431410 5 3 3 3   189.0  171.0
 41 2161.764480 2.241E-25 7.588E+01.08330.106 3106.43950.72-.001414        1 3 3 1        1 3 3 0                    R  9f     3655431410 5 3 3 3   189.0  171.0
 41 2161.764490 1.019E-28 4.810E-02.06480.071 3551.46590.72-.002281        0 3 1 1        0 3 1 0                    Q 65f     3645431410 5 3 3 3  1179.0 1179.0
 43 2161.768920 1.102E-28 2.030E-01.06540.073 2654.36390.73-.002261        0 2 2 1        0 2 2 0                    Q 60f     3645431910 5 3 3 3   726.0  726.0
 44 2161.771000 2.964E-24 9.398E+01.07120.088 1548.04680.80-.002258        0 2 0 1        0 2 0 0                    P 31e     3655431810 5 3 3 3   549.0  567.0
 41 2161.775530 7.654E-23 9.116E+01.07450.094 2091.45810.73-.002237        1 1 1 1        1 1 1 0                    P 22e     3655431410 5 3 3 3   387.0  405.0
 44 2161.777718 7.584E-28 2.985E+00.07830.101 2400.70170.72-.001843        0 4 2 1        0 4 2 0                    Q 15e     3655431310 5 3 3 3   279.0  279.0
 41 2161.783730 2.316E-26 1.754E+00.06870.081 3081.06100.78-.002164        0 4 4 1        0 4 4 0                    Q 41e     3655431410 5 3 3 3   747.0  747.0
 41 2161.784350 2.316E-26 1.754E+00.06870.081 3081.06070.78-.002164        0 4 4 1        0 4 4 0                    Q 41f     3655431410 5 3 3 3   747.0  747.0
 41 2161.788320 2.498E-25 8.076E+01.08460.107 3076.29040.72-.001384        1 3 1 1        1 3 1 0                    R  8e     3655431410 5 3 3 3   171.0  153.0
 44 2161.789296 7.584E-28 2.985E+00.07830.101 2400.69590.72-.001843        0 4 2 1        0 4 2 0                    Q 15f     3655431310 5 3 3 3   279.0  279.0
 41 2161.790210 4.215E-28 1.431E+00.07090.087 3813.02800.81-.002095        0 2 2 2        0 2 2 1                    Q 32f     3655431410 5 3 3 3   585.0  585.0
 44 2161.790296 1.275E-27 5.465E+01.09620.119 2411.50680.69-.001089        1 2 0 1        1 2 0 0                    R  0e     3655431310 5 3 3 3    27.0    9.0
 41 2161.803820 1.112E-26 8.301E+01.07220.090 3948.25710.77-.001854        1 4 2 1        1 4 2 0                    R 27f     3655431410 5 3 3 3   513.0  495.0
 41 2161.808150 4.759E-28 9.247E-03.07360.093 2692.74040.74-.000139        0 8 0 0        1 2 0 0                    R 23e     3655431410 5 3 3 3   441.0  423.0
 43 2161.811500 1.171E-23 1.025E+02.07910.102 1245.16160.72-.002108        0 2 0 1        0 2 0 0                    P 14e     3655431810 5 3 3 3   162.0  174.0
 43 2161.812200 1.308E-28 1.125E-03.07700.099 1295.04800.73-.001890        0 2 0 1        0 2 2 0                    Q 17f     3655431810 5 3 3 3   210.0  210.0
 41 2161.813440 2.496E-25 8.075E+01.08460.107 3076.40680.72-.001384        1 3 1 1        1 3 1 0                    R  8f     3655431410 5 3 3 3   171.0  153.0
 41 2161.815610 1.111E-26 8.300E+01.07220.090 3948.35210.77-.001854        1 4 2 1        1 4 2 0                    R 27e     3655431410 5 3 3 3   513.0  495.0
 41 2161.816880 1.618E-28 4.720E-03.07190.089 2814.56440.78-.000910        1 6 2 0        1 2 2 0                    R 28e     3655431410 5 3 3 3   531.0  513.0
 45 2161.819079 1.278E-28 8.038E+01.07910.102 3090.74460.72-.001526        1 3 1 1        1 3 1 0                    R 13e     3655431310 5 3 3 3  1566.0 1458.0
 41 2161.820570 2.720E-28 3.820E+02.09410.116 4419.85040.70-.001273        0 0 0 3        0 0 0 2                    P  2e     3555431410 5 3 3 3    27.0   45.0
 44 2161.829541 3.242E-25 9.277E+01.07770.100 1861.42510.73-.002157        0 3 3 1        0 3 3 0                    P 16f     3655431310 5 3 3 3   279.0  297.0
 44 2161.829543 3.242E-25 9.277E+01.07770.100 1861.42510.73-.002157        0 3 3 1        0 3 3 0                    P 16e     3655431310 5 3 3 3   279.0  297.0
 44 2161.833542 1.167E-28 1.590E+02.09060.112 3349.12080.70-.001214        0 2 0 2        0 2 0 1                    R  3e     3655431310 5 3 3 3    81.0   63.0
 45 2161.833700 1.305E-24 9.685E+01.06770.079 1465.17850.76-.002214        0 1 1 1        0 1 1 0                    P 46e     3655431815 5 3 3 3  4914.0 5022.0
 42 2161.835200 5.781E-28 5.021E-03.07410.094 1363.54280.73-.001746        0 2 0 1        0 2 2 0                    R 22e     3655431810 5 3 3 3   282.0  270.0
 42 2161.845400 1.228E-23 8.924E+01.07910.102 1227.47120.72-.001526        0 2 2 1        0 2 2 0                    R 13f     3655431810 5 3 3 3   174.0  162.0
 43 2161.846050 4.422E-26 9.326E+01.07540.096 2459.53260.73-.001677        0 4 0 1        0 4 0 0                    R 19e     3655431910 5 3 3 3   246.0  234.0
 42 2161.846700 1.228E-23 8.924E+01.07910.102 1227.47360.72-.001526        0 2 2 1        0 2 2 0                    R 13e     3655431810 5 3 3 3   174.0  162.0
 42 2161.848800 2.088E-25 2.015E-01.07150.088  965.05050.79-.002077        0 1 1 1        0 1 1 0                    Q 30e     3655431815 5 3 3 3   366.0  366.0
 41 2161.850210 1.023E-27 5.658E-04.06830.080 2073.73300.78-.000460        0 6 2 0        1 0 0 0                    P 43e     3655431410 5 3 3 3   765.0  783.0
 42 2161.851250 6.722E-28 8.991E+01.06620.075 3523.99700.74-.002297        0 4 0 1        0 4 0 0                    R 54e     3645431310 5 3 3 3   666.0  654.0
 43 2161.853000 6.386E-24 9.510E+01.07910.102 1354.57030.72-.002108        1 0 0 1        1 0 0 0                    P 14e     3655431810 5 3 3 3   162.0  174.0
 45 2161.853164 1.276E-28 8.036E+01.07910.102 3091.01890.72-.001526        1 3 1 1        1 3 1 0                    R 13f     3655431310 5 3 3 3  1566.0 1458.0
 41 2161.855410 4.245E-27 7.788E+01.07120.088 4153.76340.80-.001915        2 2 2 1        2 2 2 0                    R 30f     3555431410 5 3 3 3   567.0  549.0
 44 2161.855465 1.528E-27 8.424E+01.07770.100 2956.65550.73-.001578        0 5 1 1        0 5 1 0                    R 15e     3655431310 5 3 3 3   297.0  279.0
 41 2161.858170 4.243E-27 7.786E+01.07120.088 4153.79810.80-.001915        2 2 2 1        2 2 2 0                    R 30e     3555431410 5 3 3 3   567.0  549.0
 43 2161.859500 4.303E-22 1.004E+02.06850.081  730.63870.78-.002229        0 0 0 1        0 0 0 0                    P 42e     3655431816 5 3 3 3   498.0  510.0
 41 2161.859910 1.837E-28 1.813E+02.07040.086 4992.38690.81-.001972        0 4 4 2        0 4 4 1                    R 33f     3555431410 5 3 3 3   621.0  603.0
 41 2161.859930 1.837E-28 1.813E+02.07040.086 4992.38690.81-.001972        0 4 4 2        0 4 4 1                    R 33e     3555431410 5 3 3 3   621.0  603.0
 44 2161.862756 6.300E-28 7.987E+01.07540.096 3172.56720.73-.001677        1 3 3 1        1 3 3 0                    R 19f     3655431310 5 3 3 3   369.0  351.0
 44 2161.862758 6.300E-28 7.987E+01.07540.096 3172.56710.73-.001677        1 3 3 1        1 3 3 0                    R 19e     3655431310 5 3 3 3   369.0  351.0
 44 2161.866000 2.007E-25 8.769E+01.07830.101 1934.78020.72-.002135        1 1 1 1        1 1 1 0                    P 15f     3655431810 5 3 3 3   261.0  279.0
 44 2161.869736 1.357E-27 8.332E+01.07700.099 2990.89620.73-.001603        0 5 3 1        0 5 3 0                    R 16e     3655431310 5 3 3 3   315.0  297.0
 44 2161.869761 1.357E-27 8.332E+01.07700.099 2990.89630.73-.001603        0 5 3 1        0 5 3 0                    R 16f     3655431310 5 3 3 3   315.0  297.0
 44 2161.872181 8.595E-28 3.413E+00.07910.102 2388.79150.72-.001817        0 4 2 1        0 4 2 0                    Q 14e     3655431310 5 3 3 3   261.0  261.0
 41 2161.872650 1.132E-28 1.662E+02.07070.086 5067.88370.81-.001953        1 2 0 2        1 2 0 1                    R 32e     3555431410 5 3 3 3   603.0  585.0
 44 2161.881048 8.594E-28 3.413E+00.07910.102 2388.78710.72-.001817        0 4 2 1        0 4 2 0                    Q 14f     3655431310 5 3 3 3   261.0  261.0
 41 2161.881350 2.310E-27 7.134E+01.07070.086 4273.56520.81-.001953        3 0 0 1        3 0 0 0                    R 32e     3555431410 5 3 3 3   603.0  585.0
 41 2161.883330 4.960E-28 1.526E+00.07120.088 3786.43730.80-.002086        0 2 2 2        0 2 2 1                    Q 31e     3655431410 5 3 3 3   567.0  567.0
 41 2161.888660 8.211E-28 5.711E-04.07410.094 1999.07210.73-.001995        0 3 1 1        0 3 3 0                    Q 23f     3655431410 5 3 3 3   423.0  423.0
 45 2161.889304 1.121E-28 7.958E+01.07830.101 3129.31400.72-.001552        1 3 3 1        1 3 3 0                    R 14f     3655431310 5 3 3 3  1674.0 1566.0
 45 2161.889410 1.121E-28 7.958E+01.07830.101 3129.31400.72-.001552        1 3 3 1        1 3 3 0                    R 14e     3655431310 5 3 3 3  1674.0 1566.0
 42 2161.894887 1.931E-28 8.362E+01.06590.074 3772.93080.73-.002322        1 2 2 1        1 2 2 0                    R 56f     3645431310 5 3 3 3   690.0  678.0
 44 2161.895400 2.008E-25 8.767E+01.07830.101 1934.57100.72-.002135        1 1 1 1        1 1 1 0                    P 15e     3655431810 5 3 3 3   261.0  279.0
 41 2161.898800 2.427E-26 8.858E+01.07250.090 3793.60280.76-.001833        0 6 4 1        0 6 4 0                    R 26f     3655431410 5 3 3 3   495.0  477.0
 41 2161.898820 2.427E-26 8.858E+01.07250.090 3793.60290.76-.001833        0 6 4 1        0 6 4 0                    R 26e     3655431410 5 3 3 3   495.0  477.0
 41 2161.902870 3.264E-26 8.945E+01.07330.092 3719.09800.74-.001790        0 6 0 1        0 6 0 0                    R 24e     3655431410 5 3 3 3   459.0  441.0
 43 2161.903900 1.010E-25 6.939E+01.09220.114 1865.18800.70-.001175        1 1 1 1        1 1 1 0                    R  2e     3655431810 5 3 3 3    42.0   30.0
 44 2161.904033 1.524E-27 8.422E+01.07770.100 2957.09940.73-.001578        0 5 1 1        0 5 1 0                    R 15f     3655431310 5 3 3 3   297.0  279.0
 42 2161.905100 5.885E-25 3.420E-01.07410.094  807.17410.73-.001995        0 1 1 1        0 1 1 0                    Q 23f     3655431815 5 3 3 3   282.0  282.0
 44 2161.908100 1.023E-23 9.503E+01.06810.080 1368.60610.77-.002222        0 1 1 1        0 1 1 0                    P 44f     3655431815 5 3 3 3   783.0  801.0
 43 2161.908700 1.009E-25 6.938E+01.09220.114 1865.19320.70-.001175        1 1 1 1        1 1 1 0                    R  2f     3655431810 5 3 3 3    42.0   30.0
 41 2161.909390 1.420E-28 8.834E+01.06750.078 4963.19130.76-.002189        0 7 3 1        0 7 3 0                    R 46e     3555431410 5 3 3 3   855.0  837.0
 41 2161.911630 1.058E-27 1.032E-03.07220.090 2108.38750.77-.002056        0 3 1 1        0 3 3 0                    Q 28e     3655431410 5 3 3 3   513.0  513.0
 44 2161.914100 4.460E-26 1.903E+02.07220.090 2535.19570.77-.002259        0 0 0 2        0 0 0 1                    P 28e     3655431810 5 3 3 3   495.0  513.0
 41 2161.921590 4.244E-26 1.642E+02.09060.112 3381.47630.70-.001513        0 2 2 2        0 2 2 1                    P  4e     3655431410 5 3 3 3    63.0   81.0
 41 2161.921600 4.244E-26 1.642E+02.09060.112 3381.47630.70-.001513        0 2 2 2        0 2 2 1                    P  4f     3655431410 5 3 3 3    63.0   81.0
 43 2161.921700 1.424E-25 2.072E+02.08090.104 2264.23480.72-.002043        0 0 0 2        0 0 0 1                    P 12e     3655431810 5 3 3 3   138.0  150.0
 41 2161.922290 1.176E-27 1.346E-01.06890.082 3160.85210.79-.000407        0 8 4 0        1 2 2 0                    Q 40e     3655431410 5 3 3 3   729.0  729.0
 41 2161.923780 1.841E-28 8.830E+01.06770.079 4905.31950.76-.002930        1 5 1 1        0 7 1 0                    R 45e     3555431410 5 3 3 3   837.0  819.0
 43 2161.931681 3.186E-28 9.284E+01.06830.080 3628.23230.78-.002128        0 5 3 1        0 5 3 0                    R 42e     3655431310 5 3 3 3   522.0  510.0
 42 2161.932028 1.923E-28 8.355E+01.06590.074 3773.69230.73-.002322        1 2 2 1        1 2 2 0                    R 56e     3645431310 5 3 3 3   690.0  678.0
 43 2161.933200 1.174E-28 1.002E-03.07770.100 1281.24900.73-.001868        0 2 0 1        0 2 2 0                    Q 16f     3655431810 5 3 3 3   198.0  198.0
 41 2161.936370 1.418E-28 8.832E+01.06750.078 4963.39450.76-.002189        0 7 3 1        0 7 3 0                    R 46f     3555431410 5 3 3 3   855.0  837.0
 43 2161.936388 3.185E-28 9.283E+01.06830.080 3628.26150.78-.002128        0 5 3 1        0 5 3 0                    R 42f     3655431310 5 3 3 3   522.0  510.0
 44 2161.960183 9.749E-28 3.939E+00.07990.103 2377.67520.72-.001788        0 4 2 1        0 4 2 0                    Q 13e     3655431310 5 3 3 3   243.0  243.0
 41 2161.964660 1.756E-27 3.046E-01.06750.078 3279.28910.76-.002200        0 4 2 1        0 4 2 0                    Q 47f     3655431410 5 3 3 3   855.0  855.0
 44 2161.966843 9.748E-28 3.939E+00.07990.103 2377.67190.72-.001788        0 4 2 1        0 4 2 0                    Q 13f     3655431310 5 3 3 3   243.0  243.0
 43 2161.973200 2.357E-28 2.282E-01.06590.074 2511.50830.73-.002249        0 2 2 1        0 2 2 0                    Q 57e     3645431910 5 3 3 3   690.0  690.0
 41 2161.977740 4.412E-27 1.655E+02.07990.103 4126.56710.72-.001499        1 1 1 2        1 1 1 1                    R 12e     3555431410 5 3 3 3   243.0  225.0
 43 2161.984080 2.484E-28 1.616E+02.07330.092 3683.53390.74-.001790        1 0 0 2        1 0 0 1                    R 24e     3655431910 5 3 3 3   306.0  294.0
 43 2161.987400 1.138E-26 8.097E+01.07410.094 2737.81300.73-.001746        2 0 0 1        2 0 0 0                    R 22e     3655431810 5 3 3 3   282.0  270.0
 41 2161.989530 3.030E-27 3.993E-01.06870.081 3194.99050.78-.002164        1 2 2 1        1 2 2 0                    Q 41f     3655431410 5 3 3 3   747.0  747.0
 44 2161.991900 1.030E-23 9.500E+01.06810.080 1367.20150.77-.002222        0 1 1 1        0 1 1 0                    P 44e     3655431815 5 3 3 3   783.0  801.0
 41 2161.993820 8.640E-22 9.894E+01.07010.085 1706.90640.81-.002251        0 2 2 1        0 2 2 0                    P 35e     3655431410 5 3 3 3   621.0  639.0
 41 2161.996720 4.409E-27 1.655E+02.07990.103 4126.70520.72-.001499        1 1 1 2        1 1 1 1                    R 12f     3555431410 5 3 3 3   243.0  225.0
 41 2161.997680 1.788E-28 8.819E+01.06770.079 4910.96390.76-.002930        1 5 1 1        0 7 1 0                    R 45f     3555431410 5 3 3 3   837.0  819.0
 41 2161.997790 2.514E-27 2.876E-01.06890.082 3160.85210.79-.002157        1 2 2 1        1 2 2 0                    Q 40e     3655431410 5 3 3 3   729.0  729.0
 43 2161.997940 1.225E-28 8.616E+01.06790.079 3818.72380.77-.002159        1 3 1 1        1 3 1 0                    R 44e     3655431910 5 3 3 3   546.0  534.0
 42 2161.998200 2.441E-25 2.155E-01.07190.089  939.92320.78-.002067        0 1 1 1        0 1 1 0                    Q 29e     3655431815 5 3 3 3   354.0  354.0
 41 2161.998690 1.385E-28 1.236E-03.07700.099 2451.24580.73-.002177        0 4 2 1        0 4 0 0                    P 17e     3655431410 5 3 3 3   297.0  315.0
 41 2161.999070 4.957E-28 1.525E+00.07120.088 3786.37970.80-.002086        0 2 2 2        0 2 2 1                    Q 31f     3655431410 5 3 3 3   567.0  567.0
 41 2162.002810 8.644E-22 9.894E+01.07010.085 1706.81530.81-.002251        0 2 2 1        0 2 2 0                    P 35f     3655431410 5 3 3 3   621.0  639.0
 41 2162.005870 1.829E-27 2.743E-03.08800.110 1892.78950.71-.000075        0 7 1 0        1 1 1 0                    R  5e     3655431410 5 3 3 3   117.0   99.0
 41 2162.015900 1.355E-26 6.723E-04.07290.091 1472.61260.75-.002256        0 2 0 1        0 2 2 0                    P 26e     3655431410 5 3 3 3   459.0  477.0
 41 2162.017140 1.479E-25 7.627E+01.08200.105 3211.59450.72-.001443        2 1 1 1        2 1 1 0                    R 10e     3655431410 5 3 3 3   207.0  189.0
 45 2162.018600 2.373E-24 9.654E+01.06570.073 1389.68360.73-.002172        0 0 0 1        0 0 0 0                    P 58e     3645431816 5 3 3 3  6210.0 6318.0
 41 2162.036390 1.478E-25 7.627E+01.08200.105 3211.71270.72-.001443        2 1 1 1        2 1 1 0                    R 10f     3655431410 5 3 3 3   207.0  189.0
 44 2162.041758 1.108E-27 4.598E+00.08090.104 2367.35280.72-.001757        0 4 2 1        0 4 2 0                    Q 12e     3655431310 5 3 3 3   225.0  225.0
 43 2162.043931 1.203E-28 8.585E+01.06790.079 3821.68130.77-.002159        1 3 1 1        1 3 1 0                    R 44f     3655431310 5 3 3 3   546.0  534.0
 44 2162.046649 1.108E-27 4.598E+00.08090.104 2367.35040.72-.001757        0 4 2 1        0 4 2 0                    Q 12f     3655431310 5 3 3 3   225.0  225.0
 43 2162.046800 1.038E-28 8.851E-04.07830.101 1268.26140.72-.001843        0 2 0 1        0 2 2 0                    Q 15f     3655431810 5 3 3 3   186.0  186.0
 41 2162.053580 2.809E-26 1.844E+00.06890.082 3046.56910.79-.002157        0 4 4 1        0 4 4 0                    Q 40e     3655431410 5 3 3 3   729.0  729.0
 41 2162.054090 2.809E-26 1.844E+00.06890.082 3046.56880.79-.002157        0 4 4 1        0 4 4 0                    Q 40f     3655431410 5 3 3 3   729.0  729.0
 41 2162.054780 8.288E-24 1.008E+02.08570.108 2352.85590.71-.001845        0 4 0 1        0 4 0 0                    P  8e     3655431410 5 3 3 3   135.0  153.0
 41 2162.060200 2.636E-28 1.808E+02.07090.087 4905.14800.81-.001934        0 4 0 2        0 4 0 1                    R 31e     3555431410 5 3 3 3   585.0  567.0
 41 2162.066090 1.805E-28 5.877E-01.07250.090 3770.08430.76-.002719        3 3 1 0        0 6 2 0                    R 26f     3655431410 5 3 3 3   495.0  477.0
 42 2162.068100 1.736E-25 1.835E+02.07700.099 2290.70180.73-.001603        0 0 0 2        0 0 0 1                    R 16e     3655431810 5 3 3 3   210.0  198.0
 41 2162.068180 5.082E-27 3.944E-01.06850.081 3090.88600.78-.002170        0 4 2 1        0 4 2 0                    Q 42e     3655431410 5 3 3 3   765.0  765.0
 42 2162.075203 5.260E-28 8.998E+01.06600.074 3578.26730.74-.002310        0 4 2 1        0 4 2 0                    R 55f     3645431310 5 3 3 3   678.0  666.0
 42 2162.075700 6.060E-24 8.393E+01.07990.103 1345.42170.72-.001499        1 0 0 1        1 0 0 0                    R 12e     3655431810 5 3 3 3   162.0  150.0
 41 2162.077860 8.150E-27 8.347E+01.07150.088 4027.14060.79-.001895        1 4 4 1        1 4 4 0                    R 29e     3555431410 5 3 3 3   549.0  531.0
 41 2162.077860 8.150E-27 8.347E+01.07150.088 4027.14060.79-.001895        1 4 4 1        1 4 4 0                    R 29f     3555431410 5 3 3 3   549.0  531.0
 45 2162.080337 8.276E-28 1.949E+02.07770.100 2902.32410.73-.002157        0 1 1 2        0 1 1 1                    P 16f     3655431310 5 3 3 3  1674.0 1782.0
 44 2162.080851 2.438E-27 1.779E+02.09620.119 2294.81090.69-.001130        0 4 0 1        0 4 0 0                    P  1e     3655431310 5 3 3 3     9.0   27.0
 41 2162.081050 1.059E-27 9.554E-04.07250.090 2084.84450.76-.002045        0 3 1 1        0 3 3 0                    Q 27e     3655431410 5 3 3 3   495.0  495.0
 43 2162.092500 4.008E-28 9.171E+01.06850.081 3573.66310.78-.002112        0 5 1 1        0 5 1 0                    R 41e     3655431910 5 3 3 3   510.0  498.0
 42 2162.093400 6.753E-25 3.732E-01.07450.094  787.86650.73-.001980        0 1 1 1        0 1 1 0                    Q 22f     3655431815 5 3 3 3   270.0  270.0
 41 2162.093640 7.988E-28 5.283E-04.07450.094 1979.72930.73-.001980        0 3 1 1        0 3 3 0                    Q 22f     3655431410 5 3 3 3   405.0  405.0
 41 2162.098140 1.840E-27 2.761E-03.08800.110 1892.81680.71-.000075        0 7 1 0        1 1 1 0                    R  5f     3655431410 5 3 3 3   117.0   99.0
 41 2162.099840 5.814E-28 1.630E+00.07150.088 3760.61340.79-.002077        0 2 2 2        0 2 2 1                    Q 30e     3655431410 5 3 3 3   549.0  549.0
 45 2162.106867 8.283E-28 1.949E+02.07770.100 2902.12350.73-.002157        0 1 1 2        0 1 1 1                    P 16e     3655431310 5 3 3 3  1674.0 1782.0
 43 2162.109490 4.075E-26 9.295E+01.07490.095 2485.38930.73-.001700        0 4 2 1        0 4 2 0                    R 20f     3655431910 5 3 3 3   258.0  246.0
 43 2162.114760 4.075E-26 9.295E+01.07490.095 2485.41450.73-.001700        0 4 2 1        0 4 2 0                    R 20e     3655431910 5 3 3 3   258.0  246.0
 41 2162.116120 1.545E-22 9.812E+01.07450.094 1962.07540.73-.002237        0 3 1 1        0 3 1 0                    P 22f     3655431410 5 3 3 3   387.0  405.0
 44 2162.116923 1.262E-27 5.435E+00.08200.105 2357.82430.72-.001723        0 4 2 1        0 4 2 0                    Q 11e     3655431310 5 3 3 3   207.0  207.0
 43 2162.117638 1.710E-28 9.354E+01.06770.079 3771.47470.76-.002174        0 5 5 1        0 5 5 0                    R 45e     3655431310 5 3 3 3   558.0  546.0
 43 2162.117651 1.710E-28 9.354E+01.06770.079 3771.47470.76-.002174        0 5 5 1        0 5 5 0                    R 45f     3655431310 5 3 3 3   558.0  546.0
 44 2162.120449 1.262E-27 5.435E+00.08200.105 2357.82260.72-.001723        0 4 2 1        0 4 2 0                    Q 11f     3655431310 5 3 3 3   207.0  207.0
 45 2162.125898 6.591E-28 1.020E+02.09220.114 2440.59660.70-.001400        1 2 0 1        1 2 0 0                    P  3e     3655431310 5 3 3 3   270.0  378.0
 43 2162.132630 1.423E-28 2.106E-01.06560.073 2605.79560.73-.002257        0 2 2 1        0 2 2 0                    Q 59f     3645431910 5 3 3 3   714.0  714.0
 42 2162.142600 2.845E-25 2.311E-01.07220.090  915.63230.77-.002056        0 1 1 1        0 1 1 0                    Q 28e     3655431815 5 3 3 3   342.0  342.0
 43 2162.145800 2.011E-26 8.695E+01.07450.094 2626.25430.73-.001723        1 2 0 1        1 2 0 0                    R 21e     3655431810 5 3 3 3   270.0  258.0
 43 2162.146090 4.912E-28 1.887E+02.07330.092 3575.11400.74-.001790        0 2 0 2        0 2 0 1                    R 24e     3655431910 5 3 3 3   306.0  294.0
 45 2162.149685 2.542E-28 8.619E+01.08090.104 2933.05370.72-.001471        0 5 1 1        0 5 1 0                    R 11e     3655431310 5 3 3 3  1350.0 1242.0
 44 2162.151242 1.073E-27 8.263E+01.07590.097 3059.62460.73-.001653        0 5 5 1        0 5 5 0                    R 18e     3655431310 5 3 3 3   351.0  333.0
 44 2162.151247 1.073E-27 8.263E+01.07590.097 3059.62460.73-.001653        0 5 5 1        0 5 5 0                    R 18f     3655431310 5 3 3 3   351.0  333.0
 42 2162.152160 2.519E-27 1.837E+02.06940.083 3323.89650.80-.002044        0 1 1 2        0 1 1 1                    R 37e     3655431910 5 3 3 3   462.0  450.0
 45 2162.155100 4.409E-25 9.652E+01.07070.086 1618.46590.81-.002255        0 2 0 1        0 2 0 0                    P 33e     3655431810 5 3 3 3  3510.0 3618.0
 43 2162.155903 1.131E-28 5.494E-01.07410.094 2659.26610.73-.000128        0 8 4 0        1 2 2 0                    R 22e     3655431310 5 3 3 3   282.0  270.0
 42 2162.157098 3.124E-28 9.014E+01.06570.073 3692.94280.73-.002334        0 4 4 1        0 4 4 0                    R 57f     3645431310 5 3 3 3   702.0  690.0
 42 2162.159662 3.124E-28 9.014E+01.06570.073 3692.95500.73-.002334        0 4 4 1        0 4 4 0                    R 57e     3645431310 5 3 3 3   702.0  690.0
 43 2162.161800 1.174E-22 1.012E+02.07220.090  914.69640.77-.002259        0 1 1 1        0 1 1 0                    P 28f     3655431815 5 3 3 3   330.0  342.0
 43 2162.162350 3.974E-28 9.246E+01.06850.081 3577.07440.78-.002112        0 5 1 1        0 5 1 0                    R 41f     3655431910 5 3 3 3   510.0  498.0
 43 2162.165681 1.528E-28 7.426E-01.07410.094 2659.25620.73-.000128        0 8 4 0        1 2 2 0                    R 22f     3655431310 5 3 3 3   282.0  270.0
 41 2162.167770 1.170E-26 8.290E+01.07220.090 3937.33130.77-.001854        1 4 0 1        1 4 0 0                    R 27e     3655431410 5 3 3 3   513.0  495.0
 41 2162.168480 3.529E-24 9.439E+01.08680.109 2485.41200.71-.001777        1 2 0 1        1 2 0 0                    P  7e     3655431410 5 3 3 3   117.0  135.0
 45 2162.168615 2.306E-28 8.321E+01.07990.103 2961.65750.72-.001499        0 5 3 1        0 5 3 0                    R 12f     3655431310 5 3 3 3  1458.0 1350.0
 45 2162.168740 2.306E-28 8.321E+01.07990.103 2961.65750.72-.001499        0 5 3 1        0 5 3 0                    R 12e     3655431310 5 3 3 3  1458.0 1350.0
 44 2162.170394 7.262E-28 7.861E+01.07540.096 3140.00250.73-.001677        1 3 1 1        1 3 1 0                    R 19e     3655431310 5 3 3 3   369.0  351.0
 44 2162.185902 1.443E-27 6.524E+00.08330.106 2349.08980.72-.001685        0 4 2 1        0 4 2 0                    Q 10e     3655431310 5 3 3 3   189.0  189.0
 44 2162.188021 1.443E-27 6.524E+00.08330.106 2349.08870.72-.001685        0 4 2 1        0 4 2 0                    Q 10f     3655431310 5 3 3 3   189.0  189.0
 42 2162.190250 2.505E-27 1.837E+02.06940.083 3325.01120.80-.002044        0 1 1 2        0 1 1 1                    R 37f     3655431910 5 3 3 3   462.0  450.0
 45 2162.191163 2.538E-28 8.617E+01.08090.104 2933.31850.72-.001471        0 5 1 1        0 5 1 0                    R 11f     3655431310 5 3 3 3  1350.0 1242.0
 45 2162.192296 1.252E-27 7.930E+01.09060.112 2326.06690.70-.001513        0 4 2 1        0 4 2 0                    P  4f     3655431310 5 3 3 3   378.0  486.0
 45 2162.192396 1.252E-27 7.930E+01.09060.112 2326.06690.70-.001513        0 4 2 1        0 4 2 0                    P  4e     3655431310 5 3 3 3   378.0  486.0
 44 2162.195093 3.783E-28 7.487E+01.07410.094 3292.24110.73-.001746        2 1 1 1        2 1 1 0                    R 22e     3655431310 5 3 3 3   423.0  405.0
 41 2162.195450 1.550E-22 9.810E+01.07450.094 1961.32080.73-.002237        0 3 1 1        0 3 1 0                    P 22e     3655431410 5 3 3 3   387.0  405.0
 42 2162.197290 2.014E-28 8.318E+01.06590.074 3763.22730.73-.002322        1 2 0 1        1 2 0 0                    R 56e     3645431910 5 3 3 3   690.0  678.0
 42 2162.200500 1.293E-23 9.093E+01.07910.102 1220.74980.72-.001526        0 2 0 1        0 2 0 0                    R 13e     3655431810 5 3 3 3   174.0  162.0
 45 2162.201567 1.143E-28 4.266E+00.07290.091 2633.67020.75-.002034        0 4 4 1        0 4 4 0                    Q 26e     3655431310 5 3 3 3  2862.0 2862.0
 45 2162.201638 1.143E-28 4.266E+00.07290.091 2633.67030.75-.002034        0 4 4 1        0 4 4 0                    Q 26f     3655431310 5 3 3 3  2862.0 2862.0
 41 2162.201830 5.811E-28 1.629E+00.07150.088 3760.56270.79-.002077        0 2 2 2        0 2 2 1                    Q 30f     3655431410 5 3 3 3   549.0  549.0
 43 2162.209700 1.071E-23 1.011E+02.07990.103 1244.72210.72-.002078        0 2 2 1        0 2 2 0                    P 13e     3655431810 5 3 3 3   150.0  162.0
 43 2162.210100 1.071E-23 1.011E+02.07990.103 1244.72040.72-.002078        0 2 2 1        0 2 2 0                    P 13f     3655431810 5 3 3 3   150.0  162.0
 44 2162.211809 7.241E-28 7.858E+01.07540.096 3140.53650.73-.001677        1 3 1 1        1 3 1 0                    R 19f     3655431310 5 3 3 3   369.0  351.0
 42 2162.213200 1.461E-25 8.467E+01.07070.086 2300.63380.81-.001953        1 1 1 1        1 1 1 0                    R 32e     3655431810 5 3 3 3   402.0  390.0
 42 2162.213287 5.205E-28 8.991E+01.06600.074 3580.23160.74-.002310        0 4 2 1        0 4 2 0                    R 55e     3645431310 5 3 3 3   678.0  666.0
 41 2162.213570 2.186E-27 3.198E-01.06770.079 3239.82560.76-.002194        0 4 2 1        0 4 2 0                    Q 46f     3655431410 5 3 3 3   837.0  837.0
 43 2162.214300 1.177E-22 1.012E+02.07220.090  914.09310.77-.002259        0 1 1 1        0 1 1 0                    P 28e     3655431815 5 3 3 3   330.0  342.0
 42 2162.214780 3.167E-25 9.125E+01.07070.086 2156.83420.81-.001953        0 3 1 1        0 3 1 0                    R 32e     3655431910 5 3 3 3   402.0  390.0
 42 2162.222680 2.656E-25 9.099E+01.07040.086 2198.43500.81-.001972        0 3 3 1        0 3 3 0                    R 33e     3655431910 5 3 3 3   414.0  402.0
 42 2162.224100 2.656E-25 9.098E+01.07040.086 2198.44080.81-.001972        0 3 3 1        0 3 3 0                    R 33f     3655431910 5 3 3 3   414.0  402.0
 43 2162.227750 1.787E-26 8.681E+01.07410.094 2659.25620.73-.001746        1 2 2 1        1 2 2 0                    R 22f     3655431910 5 3 3 3   282.0  270.0
 43 2162.229240 1.791E-26 8.700E+01.07410.094 2659.26610.73-.001746        1 2 2 1        1 2 2 0                    R 22e     3655431910 5 3 3 3   282.0  270.0
 44 2162.236317 3.773E-28 7.488E+01.07410.094 3292.80280.73-.001746        2 1 1 1        2 1 1 0                    R 22f     3655431310 5 3 3 3   423.0  405.0
 41 2162.244090 1.052E-27 8.823E-04.07290.091 2062.14130.75-.002034        0 3 1 1        0 3 3 0                    Q 26e     3655431410 5 3 3 3   477.0  477.0
 42 2162.245100 1.454E-25 8.466E+01.07070.086 2301.57740.81-.001953        1 1 1 1        1 1 1 0                    R 32f     3655431810 5 3 3 3   402.0  390.0
 44 2162.248216 1.658E-27 7.976E+00.08460.107 2341.14920.72-.001644        0 4 2 1        0 4 2 0                    Q  9e     3655431310 5 3 3 3   171.0  171.0
 44 2162.249841 1.658E-27 7.976E+00.08460.107 2341.14840.72-.001644        0 4 2 1        0 4 2 0                    Q  9f     3655431310 5 3 3 3   171.0  171.0
 41 2162.251070 2.915E-26 8.858E+01.07290.091 3748.19430.75-.001812        0 6 2 1        0 6 2 0                    R 25f     3655431410 5 3 3 3   477.0  459.0
 41 2162.257520 5.068E-25 8.626E+01.08570.108 2921.32490.71-.001352        0 5 1 1        0 5 1 0                    R  7e     3655431410 5 3 3 3   153.0  135.0
 41 2162.257620 3.598E-27 4.114E-01.06890.082 3160.71910.79-.002157        1 2 2 1        1 2 2 0                    Q 40f     3655431410 5 3 3 3   729.0  729.0
 41 2162.266740 4.565E-27 7.658E+01.07120.088 4135.23470.80-.001915        2 2 0 1        2 2 0 0                    R 30e     3555431410 5 3 3 3   567.0  549.0
 41 2162.271500 2.934E-26 8.923E+01.07290.091 3748.35380.75-.001812        0 6 2 1        0 6 2 0                    R 25e     3655431410 5 3 3 3   477.0  459.0
 42 2162.273400 7.732E-25 4.090E-01.07490.095  769.39780.73-.001965        0 1 1 1        0 1 1 0                    Q 21f     3655431815 5 3 3 3   258.0  258.0
 41 2162.273550 1.577E-26 8.818E+01.07150.088 3902.59040.79-.001895        0 6 6 1        0 6 6 0                    R 29e     3655431410 5 3 3 3   549.0  531.0
 41 2162.273550 1.577E-26 8.818E+01.07150.088 3902.59040.79-.001895        0 6 6 1        0 6 6 0                    R 29f     3655431410 5 3 3 3   549.0  531.0
 41 2162.273850 4.452E-27 4.440E-01.06920.083 3127.40220.79-.002150        1 2 2 1        1 2 2 0                    Q 39e     3655431410 5 3 3 3   711.0  711.0
 41 2162.274420 8.210E-27 1.744E+02.07910.102 4024.23440.72-.001526        0 3 3 2        0 3 3 1                    R 13e     3555431410 5 3 3 3   261.0  243.0
 41 2162.274430 8.210E-27 1.744E+02.07910.102 4024.23440.72-.001526        0 3 3 2        0 3 3 1                    R 13f     3555431410 5 3 3 3   261.0  243.0
 41 2162.277790 1.358E-27 6.464E-04.06850.081 2037.90380.78-.000469        0 6 2 0        1 0 0 0                    P 42e     3655431410 5 3 3 3   747.0  765.0
 42 2162.279580 3.140E-25 9.121E+01.07070.086 2158.47730.81-.001953        0 3 1 1        0 3 1 0                    R 32f     3655431910 5 3 3 3   402.0  390.0
 42 2162.282000 3.307E-25 2.484E-01.07250.090  892.17790.76-.002045        0 1 1 1        0 1 1 0                    Q 27e     3655431815 5 3 3 3   330.0  330.0
 41 2162.285110 9.019E-27 1.796E+02.07990.103 3996.17960.72-.001499        0 3 1 2        0 3 1 1                    R 12e     3655431410 5 3 3 3   243.0  225.0
 41 2162.288790 5.064E-25 8.625E+01.08570.108 2921.44670.71-.001352        0 5 1 1        0 5 1 0                    R  7f     3655431410 5 3 3 3   153.0  135.0
 41 2162.289520 7.689E-28 4.865E-04.07490.095 1961.22680.73-.001965        0 3 1 1        0 3 3 0                    Q 21f     3655431410 5 3 3 3   387.0  387.0
 43 2162.293370 3.254E-26 9.227E+01.07410.094 2548.41380.73-.001746        0 4 4 1        0 4 4 0                    R 22e     3655431310 5 3 3 3   282.0  270.0
 43 2162.293376 3.254E-26 9.227E+01.07410.094 2548.41380.73-.001746        0 4 4 1        0 4 4 0                    R 22f     3655431310 5 3 3 3   282.0  270.0
 41 2162.299730 3.160E-24 5.811E+01.08800.110 2373.94470.71-.001699        0 4 4 1        0 4 4 0                    P  6e     3655431410 5 3 3 3    99.0  117.0
 41 2162.299730 3.160E-24 5.811E+01.08800.110 2373.94470.71-.001699        0 4 4 1        0 4 4 0                    P  6f     3655431410 5 3 3 3    99.0  117.0
 45 2162.304314 1.917E-28 7.995E+01.07830.101 3019.90760.72-.001552        0 5 5 1        0 5 5 0                    R 14f     3655431310 5 3 3 3  1674.0 1566.0
 44 2162.304370 1.921E-27 9.972E+00.08570.108 2334.00270.71-.001598        0 4 2 1        0 4 2 0                    Q  8e     3655431310 5 3 3 3   153.0  153.0
 45 2162.304447 1.917E-28 7.995E+01.07830.101 3019.90760.72-.001552        0 5 5 1        0 5 5 0                    R 14e     3655431310 5 3 3 3  1674.0 1566.0
 44 2162.305406 1.921E-27 9.972E+00.08570.108 2334.00220.71-.001598        0 4 2 1        0 4 2 0                    Q  8f     3655431310 5 3 3 3   153.0  153.0
 41 2162.307070 2.293E-28 1.810E+02.07070.086 4940.30790.81-.001953        0 4 2 2        0 4 2 1                    R 32f     3555431410 5 3 3 3   603.0  585.0
 41 2162.308990 6.795E-28 1.745E+00.07190.089 3735.62170.78-.002067        0 2 2 2        0 2 2 1                    Q 29e     3655431410 5 3 3 3   531.0  531.0
 41 2162.309690 1.466E-22 9.726E+01.07490.095 1961.22680.73-.002229        0 3 3 1        0 3 3 0                    P 21f     3655431410 5 3 3 3   369.0  387.0
 41 2162.309730 1.466E-22 9.726E+01.07490.095 1961.22660.73-.002229        0 3 3 1        0 3 3 0                    P 21e     3655431410 5 3 3 3   369.0  387.0
 41 2162.316870 3.395E-26 1.941E+00.06920.083 3012.91620.79-.002150        0 4 4 1        0 4 4 0                    Q 39e     3655431410 5 3 3 3   711.0  711.0
 41 2162.317280 3.395E-26 1.941E+00.06920.083 3012.91600.79-.002150        0 4 4 1        0 4 4 0                    Q 39f     3655431410 5 3 3 3   711.0  711.0
 41 2162.318220 9.008E-27 1.795E+02.07990.103 3996.40790.72-.001499        0 3 1 2        0 3 1 1                    R 12f     3655431410 5 3 3 3   243.0  225.0
 41 2162.319300 4.631E-25 7.889E+01.08460.107 2944.37130.72-.001384        0 5 3 1        0 5 3 0                    R  8e     3655431410 5 3 3 3   171.0  153.0
 41 2162.319300 4.631E-25 7.889E+01.08460.107 2944.37130.72-.001384        0 5 3 1        0 5 3 0                    R  8f     3655431410 5 3 3 3   171.0  153.0
 45 2162.324303 6.535E-26 9.603E+01.07590.097 1894.20510.73-.002207        0 3 1 1        0 3 1 0                    P 19f     3655431310 5 3 3 3  1998.0 2106.0
 42 2162.328850 5.471E-28 8.995E+01.06600.074 3570.02860.74-.002310        0 4 0 1        0 4 0 0                    R 55e     3645431310 5 3 3 3   678.0  666.0
 41 2162.333630 2.290E-28 1.810E+02.07070.086 4940.50800.81-.001953        0 4 2 2        0 4 2 1                    R 32e     3555431410 5 3 3 3   603.0  585.0
 41 2162.344430 5.882E-26 2.177E+02.09060.112 3372.30890.70-.001513        0 2 0 2        0 2 0 1                    P  4e     3655431410 5 3 3 3    63.0   81.0
 45 2162.347500 3.484E-26 8.949E+01.07650.098 1997.65550.73-.002193        1 1 1 1        1 1 1 0                    P 18f     3655431310 5 3 3 3  1890.0 1998.0
 42 2162.348554 1.560E-28 8.366E+01.06570.073 3820.48270.73-.002334        1 2 2 1        1 2 2 0                    R 57f     3645431310 5 3 3 3   702.0  690.0
 43 2162.349870 4.409E-28 1.892E+02.07290.091 3605.77840.75-.001812        0 2 2 2        0 2 2 1                    R 25f     3655431910 5 3 3 3   318.0  306.0
 43 2162.352060 4.409E-28 1.892E+02.07290.091 3605.79860.75-.001812        0 2 2 2        0 2 2 1                    R 25e     3655431910 5 3 3 3   318.0  306.0
 44 2162.354229 2.248E-27 1.282E+01.08680.109 2327.65010.71-.001548        0 4 2 1        0 4 2 0                    Q  7e     3655431310 5 3 3 3   135.0  135.0
 44 2162.354854 2.248E-27 1.282E+01.08680.109 2327.64980.71-.001548        0 4 2 1        0 4 2 0                    Q  7f     3655431310 5 3 3 3   135.0  135.0
 45 2162.366997 1.318E-28 4.610E+00.07330.092 2612.42360.74-.002022        0 4 4 1        0 4 4 0                    Q 25e     3655431310 5 3 3 3  2754.0 2754.0
 45 2162.367063 1.318E-28 4.610E+00.07330.092 2612.42360.74-.002022        0 4 4 1        0 4 4 0                    Q 25f     3655431310 5 3 3 3  2754.0 2754.0
 44 2162.369800 3.676E-25 9.364E+01.07770.100 1837.39230.73-.002157        0 3 1 1        0 3 1 0                    P 16f     3655431810 5 3 3 3   279.0  297.0
 41 2162.373460 1.344E-28 4.947E-02.06490.071 3496.96630.72-.002277        0 3 1 1        0 3 1 0                    Q 64f     3645431410 5 3 3 3  1161.0 1161.0
 43 2162.374750 3.011E-28 2.371E-01.06600.074 2465.32790.74-.002244        0 2 2 1        0 2 2 0                    Q 56e     3645431910 5 3 3 3   678.0  678.0
 45 2162.385388 6.551E-26 9.601E+01.07590.097 1893.67910.73-.002207        0 3 1 1        0 3 1 0                    P 19e     3655431310 5 3 3 3  1998.0 2106.0
 45 2162.386529 3.489E-26 8.947E+01.07650.098 1997.35150.73-.002193        1 1 1 1        1 1 1 0                    P 18e     3655431310 5 3 3 3  1890.0 1998.0
 42 2162.386765 1.552E-28 8.359E+01.06570.073 3821.29300.73-.002334        1 2 2 1        1 2 2 0                    R 57e     3645431310 5 3 3 3   702.0  690.0
 41 2162.389470 6.189E-26 5.119E-03.07290.091 1577.73140.75-.000606        0 6 0 0        1 0 0 0                    P 26e     3655431410 5 3 3 3   459.0  477.0
 41 2162.391400 1.530E-28 4.860E-03.07150.088 2838.78820.79-.000926        1 6 2 0        1 2 2 0                    R 29f     3655431410 5 3 3 3   549.0  531.0
 41 2162.391600 6.208E-27 4.156E-01.06870.081 3055.55810.78-.002164        0 4 2 1        0 4 2 0                    Q 41e     3655431410 5 3 3 3   747.0  747.0
 41 2162.393820 1.756E-24 8.826E+01.08800.110 2580.79460.71-.001699        2 0 0 1        2 0 0 0                    P  6e     3655431410 5 3 3 3    99.0  117.0
 44 2162.397811 2.669E-27 1.710E+01.08800.110 2322.09160.71-.001493        0 4 2 1        0 4 2 0                    Q  6e     3655431310 5 3 3 3   117.0  117.0
 44 2162.398164 2.669E-27 1.710E+01.08800.110 2322.09140.71-.001493        0 4 2 1        0 4 2 0                    Q  6f     3655431310 5 3 3 3   117.0  117.0
 41 2162.398450 6.792E-28 1.744E+00.07190.089 3735.57720.78-.002067        0 2 2 2        0 2 2 1                    Q 29f     3655431410 5 3 3 3   531.0  531.0
 41 2162.400800 1.037E-27 8.125E-04.07330.092 2040.27800.74-.002022        0 3 1 1        0 3 3 0                    Q 25e     3655431410 5 3 3 3   459.0  459.0
 41 2162.408770 2.138E-24 1.984E+02.07590.097 2956.55480.73-.002207        0 1 1 2        0 1 1 1                    P 19f     3655431410 5 3 3 3   333.0  351.0
 44 2162.416000 3.681E-25 9.363E+01.07770.100 1837.04270.73-.002157        0 3 1 1        0 3 1 0                    P 16e     3655431810 5 3 3 3   279.0  297.0
 42 2162.416500 3.833E-25 2.677E-01.07290.091  869.56010.75-.002034        0 1 1 1        0 1 1 0                    Q 26e     3655431815 5 3 3 3   318.0  318.0
 44 2162.434300 3.167E-27 6.824E+01.09060.112 2495.90210.70-.001214        2 0 0 1        2 0 0 0                    R  3e     3655431810 5 3 3 3    81.0   63.0
 44 2162.435141 3.236E-27 2.395E+01.08920.111 2317.32710.71-.001431        0 4 2 1        0 4 2 0                    Q  5e     3655431310 5 3 3 3    99.0   99.0
 44 2162.435312 3.236E-27 2.395E+01.08920.111 2317.32700.71-.001431        0 4 2 1        0 4 2 0                    Q  5f     3655431310 5 3 3 3    99.0   99.0
 41 2162.442570 1.196E-28 8.839E+01.06730.078 5002.75900.76-.002203        0 7 3 1        0 7 3 0                    R 47e     3555431410 5 3 3 3   873.0  855.0
 41 2162.442970 2.141E-24 1.984E+02.07590.097 2956.25990.73-.002207        0 1 1 2        0 1 1 1                    P 19e     3655431410 5 3 3 3   333.0  351.0
 42 2162.445400 8.837E-25 4.501E-01.07540.096  751.76780.73-.001948        0 1 1 1        0 1 1 0                    Q 20f     3655431815 5 3 3 3   246.0  246.0
 44 2162.448000 3.059E-24 9.530E+01.07150.088 1537.46070.79-.002259        0 2 2 1        0 2 2 0                    P 30e     3655431810 5 3 3 3   531.0  549.0
 41 2162.448670 1.028E-26 8.314E+01.07190.089 3971.70440.78-.001875        1 4 2 1        1 4 2 0                    R 28f     3655431410 5 3 3 3   531.0  513.0
 43 2162.450710 1.185E-25 3.829E+01.09060.112 1761.45390.70-.001214        0 3 3 1        0 3 3 0                    R  3e     3655431910 5 3 3 3    54.0   42.0
 43 2162.450710 1.185E-25 3.829E+01.09060.112 1761.45390.70-.001214        0 3 3 1        0 3 3 0                    R  3f     3655431910 5 3 3 3    54.0   42.0
 44 2162.451800 3.059E-24 9.530E+01.07150.088 1537.43480.79-.002259        0 2 2 1        0 2 2 0                    P 30f     3655431810 5 3 3 3   531.0  549.0
 41 2162.458830 2.711E-27 3.361E-01.06790.079 3201.19800.77-.002188        0 4 2 1        0 4 2 0                    Q 45f     3655431410 5 3 3 3   819.0  819.0
 41 2162.461570 1.027E-26 8.312E+01.07190.089 3971.81370.78-.001875        1 4 2 1        1 4 2 0                    R 28e     3655431410 5 3 3 3   531.0  513.0
 41 2162.461880 1.559E-28 8.834E+01.06750.078 4943.84820.76-.002946        1 5 1 1        0 7 1 0                    R 46e     3555431410 5 3 3 3   855.0  837.0
 43 2162.462396 2.751E-28 9.291E+01.06810.080 3663.18190.77-.002143        0 5 3 1        0 5 3 0                    R 43e     3655431310 5 3 3 3   534.0  522.0
 41 2162.462400 1.648E-28 1.816E+02.07010.085 5020.77820.81-.001991        0 4 4 2        0 4 4 1                    R 34f     3555431410 5 3 3 3   639.0  621.0
 41 2162.462430 1.648E-28 1.816E+02.07010.085 5020.77830.81-.001991        0 4 4 2        0 4 4 1                    R 34e     3555431410 5 3 3 3   639.0  621.0
 44 2162.466220 4.049E-27 3.592E+01.09060.112 2313.35670.70-.001363        0 4 2 1        0 4 2 0                    Q  4e     3655431310 5 3 3 3    81.0   81.0
 44 2162.466298 4.049E-27 3.592E+01.09060.112 2313.35670.70-.001363        0 4 2 1        0 4 2 0                    Q  4f     3655431310 5 3 3 3    81.0   81.0
 43 2162.467604 2.750E-28 9.291E+01.06810.080 3663.21530.77-.002143        0 5 3 1        0 5 3 0                    R 43f     3655431310 5 3 3 3   534.0  522.0
 41 2162.468360 1.021E-28 1.663E+02.07040.086 5095.22390.81-.001972        1 2 0 2        1 2 0 1                    R 33e     3555431410 5 3 3 3   621.0  603.0
 41 2162.471350 2.084E-27 7.141E+01.07040.086 4300.87950.81-.001972        3 0 0 1        3 0 0 0                    R 33e     3555431410 5 3 3 3   621.0  603.0
 41 2162.472130 1.195E-28 8.837E+01.06730.078 5002.98770.76-.002203        0 7 3 1        0 7 3 0                    R 47f     3555431410 5 3 3 3   873.0  855.0
 41 2162.472150 3.866E-27 7.799E+01.07090.087 4179.60070.81-.001934        2 2 2 1        2 2 2 0                    R 31f     3555431410 5 3 3 3   585.0  567.0
 41 2162.475130 3.864E-27 7.797E+01.07090.087 4179.63990.81-.001934        2 2 2 1        2 2 2 0                    R 31e     3555431410 5 3 3 3   585.0  567.0
 41 2162.476330 7.317E-28 4.457E-04.07540.096 1943.56470.73-.001948        0 3 1 1        0 3 3 0                    Q 20f     3655431410 5 3 3 3   369.0  369.0
 41 2162.477200 9.053E-22 9.876E+01.07010.085 1696.84300.81-.002251        0 2 0 1        0 2 0 0                    P 35e     3655431410 5 3 3 3   621.0  639.0
 44 2162.477933 1.156E-28 1.397E+02.08920.111 3365.54570.71-.001251        0 2 2 2        0 2 2 1                    R  4f     3655431310 5 3 3 3    99.0   81.0
 44 2162.477959 1.156E-28 1.397E+02.08920.111 3365.54570.71-.001251        0 2 2 2        0 2 2 1                    R  4e     3655431310 5 3 3 3    99.0   81.0
 42 2162.478100 3.165E-23 9.463E+01.09410.116  577.95320.70-.001273        0 1 1 1        0 1 1 0                    P  2f     3655431815 5 3 3 3    18.0   30.0
 43 2162.478690 1.280E-27 2.395E-02.08460.107 1306.18440.72-.000571        0 6 0 0        1 0 0 0                    P  9e     3655431910 5 3 3 3   102.0  114.0
 42 2162.481400 3.165E-23 9.463E+01.09410.116  577.94830.70-.001273        0 1 1 1        0 1 1 0                    P  2e     3655431815 5 3 3 3    18.0   30.0
 41 2162.487720 4.050E-25 7.191E+01.08200.105 2992.13890.72-.001443        0 5 5 1        0 5 5 0                    R 10e     3655431410 5 3 3 3   207.0  189.0
 41 2162.487720 4.050E-25 7.191E+01.08200.105 2992.13890.72-.001443        0 5 5 1        0 5 5 0                    R 10f     3655431410 5 3 3 3   207.0  189.0
 43 2162.490970 1.832E-28 2.186E-01.06570.073 2558.03210.73-.002253        0 2 2 1        0 2 2 0                    Q 58f     3645431910 5 3 3 3   702.0  702.0
 44 2162.491068 5.331E-27 5.988E+01.09220.114 2310.18040.70-.001287        0 4 2 1        0 4 2 0                    Q  3e     3655431310 5 3 3 3    63.0   63.0
 44 2162.491103 5.331E-27 5.988E+01.09220.114 2310.18040.70-.001287        0 4 2 1        0 4 2 0                    Q  3f     3655431310 5 3 3 3    63.0   63.0
 43 2162.496100 5.453E-27 1.763E+02.08800.110 2784.75410.71-.001286        0 1 1 2        0 1 1 1                    R  5e     3655431910 5 3 3 3    78.0   66.0
 42 2162.503000 6.096E-28 5.582E-03.07360.093 1382.85970.74-.001768        0 2 0 1        0 2 2 0                    R 23e     3655431810 5 3 3 3   294.0  282.0
 43 2162.503070 1.050E-28 8.620E+01.06770.079 3854.98990.76-.002174        1 3 1 1        1 3 1 0                    R 45e     3655431910 5 3 3 3   558.0  546.0
 43 2162.504280 5.452E-27 1.763E+02.08800.110 2784.77600.71-.001286        0 1 1 2        0 1 1 1                    R  5f     3655431910 5 3 3 3    78.0   66.0
 44 2162.509697 7.704E-27 1.198E+02.09410.116 2307.79810.70-.001203        0 4 2 1        0 4 2 0                    Q  2e     3655431310 5 3 3 3    45.0   45.0
 44 2162.509712 7.704E-27 1.198E+02.09410.116 2307.79810.70-.001203        0 4 2 1        0 4 2 0                    Q  2f     3655431310 5 3 3 3    45.0   45.0
 42 2162.509900 3.192E-21 9.746E+01.07700.099  128.19190.73-.002177        0 0 0 1        0 0 0 0                    P 17e     3655431816 5 3 3 3   198.0  210.0
 45 2162.510694 5.970E-26 9.511E+01.07650.098 1899.37620.73-.002193        0 3 3 1        0 3 3 0                    P 18f     3655431310 5 3 3 3  1890.0 1998.0
 41 2162.510780 7.918E-28 1.872E+00.07220.090 3711.46220.77-.002056        0 2 2 2        0 2 2 1                    Q 28e     3655431410 5 3 3 3   513.0  513.0
 45 2162.510819 5.970E-26 9.511E+01.07650.098 1899.37620.73-.002193        0 3 3 1        0 3 3 0                    P 18e     3655431310 5 3 3 3  1890.0 1998.0
 41 2162.513730 4.450E-27 4.436E-01.06920.083 3127.28140.79-.002150        1 2 2 1        1 2 2 0                    Q 39f     3655431410 5 3 3 3   711.0  711.0
 43 2162.521800 1.994E-25 7.429E+01.09220.114 1739.08020.70-.001175        0 3 1 1        0 3 1 0                    R  2e     3655431810 5 3 3 3    42.0   30.0
 43 2162.522020 4.291E-26 9.343E+01.07490.095 2475.77650.73-.001700        0 4 0 1        0 4 0 0                    R 20e     3655431910 5 3 3 3   258.0  246.0
 44 2162.522907 6.138E-28 8.018E+01.07490.095 3188.39970.73-.001700        1 3 3 1        1 3 3 0                    R 20f     3655431310 5 3 3 3   387.0  369.0
 44 2162.522920 6.138E-28 8.018E+01.07490.095 3188.39970.73-.001700        1 3 3 1        1 3 3 0                    R 20e     3655431310 5 3 3 3   387.0  369.0
 45 2162.526067 1.515E-28 4.997E+00.07360.093 2591.99320.74-.002009        0 4 4 1        0 4 4 0                    Q 24e     3655431310 5 3 3 3  2646.0 2646.0
 45 2162.526132 1.515E-28 4.997E+00.07360.093 2591.99330.74-.002009        0 4 4 1        0 4 4 0                    Q 24f     3655431310 5 3 3 3  2646.0 2646.0
 41 2162.529210 2.407E-25 7.759E+01.08200.105 3114.82100.72-.001443        1 3 3 1        1 3 3 0                    R 10e     3655431410 5 3 3 3   207.0  189.0
 41 2162.529220 2.407E-25 7.759E+01.08200.105 3114.82100.72-.001443        1 3 3 1        1 3 3 0                    R 10f     3655431410 5 3 3 3   207.0  189.0
 43 2162.530300 1.994E-25 7.429E+01.09220.114 1739.08870.70-.001175        0 3 1 1        0 3 1 0                    R  2f     3655431810 5 3 3 3    42.0   30.0
 41 2162.531770 1.513E-28 8.823E+01.06750.078 4949.72480.76-.002946        1 5 1 1        0 7 1 0                    R 46f     3555431410 5 3 3 3   855.0  837.0
 45 2162.532568 1.297E-28 8.068E+01.07830.101 3102.09480.72-.001552        1 3 1 1        1 3 1 0                    R 14e     3655431310 5 3 3 3  1674.0 1566.0
 41 2162.540040 2.627E-24 8.592E+01.08800.110 2492.37670.71-.001699        1 2 2 1        1 2 2 0                    P  6e     3655431410 5 3 3 3    99.0  117.0
 41 2162.540070 2.627E-24 8.592E+01.08800.110 2492.37670.71-.001699        1 2 2 1        1 2 2 0                    P  6f     3655431410 5 3 3 3    99.0  117.0
 44 2162.542505 1.527E-27 8.449E+01.07700.099 2969.32830.73-.001603        0 5 1 1        0 5 1 0                    R 16e     3655431310 5 3 3 3   315.0  297.0
 41 2162.542760 6.626E-24 9.390E+01.08680.109 2354.68440.71-.001777        0 4 2 1        0 4 2 0                    P  7e     3655431410 5 3 3 3   117.0  135.0
 41 2162.543010 6.626E-24 9.390E+01.08680.109 2354.68380.71-.001777        0 4 2 1        0 4 2 0                    P  7f     3655431410 5 3 3 3   117.0  135.0
 42 2162.546000 4.431E-25 2.893E-01.07330.092  847.77900.74-.002022        0 1 1 1        0 1 1 0                    Q 25e     3655431815 5 3 3 3   306.0  306.0
 42 2162.547476 4.260E-28 9.002E+01.06590.074 3625.23930.73-.002322        0 4 2 1        0 4 2 0                    R 56f     3645431310 5 3 3 3   690.0  678.0
 41 2162.548170 5.366E-27 4.687E-01.06940.083 3094.78690.80-.002143        1 2 2 1        1 2 2 0                    Q 38e     3655431410 5 3 3 3   693.0  693.0
 43 2162.548883 1.032E-28 8.599E+01.06770.079 3858.08040.76-.002174        1 3 1 1        1 3 1 0                    R 45f     3655431310 5 3 3 3   558.0  546.0
 41 2162.551200 1.013E-27 7.459E-04.07360.093 2019.25490.74-.002009        0 3 1 1        0 3 3 0                    Q 24e     3655431410 5 3 3 3   441.0  441.0
 44 2162.553681 1.350E-27 8.380E+01.07650.098 3004.40740.73-.001628        0 5 3 1        0 5 3 0                    R 17e     3655431310 5 3 3 3   333.0  315.0
 44 2162.553713 1.350E-27 8.380E+01.07650.098 3004.40750.73-.001628        0 5 3 1        0 5 3 0                    R 17f     3655431310 5 3 3 3   333.0  315.0
 41 2162.557170 2.683E-25 8.145E+01.08330.106 3083.80940.72-.001414        1 3 1 1        1 3 1 0                    R  9e     3655431410 5 3 3 3   189.0  171.0
 44 2162.560019 4.098E-27 1.917E+02.08090.104 2848.36350.72-.002043        0 1 1 2        0 1 1 1                    P 12f     3655431310 5 3 3 3   207.0  225.0
 41 2162.560910 2.257E-26 8.883E+01.07220.090 3816.36030.77-.001854        0 6 4 1        0 6 4 0                    R 27f     3655431410 5 3 3 3   513.0  495.0
 45 2162.560919 1.347E-28 1.575E+02.09620.119 2525.47970.69-.001130        2 0 0 1        2 0 0 0                    P  1e     3655431310 5 3 3 3    54.0  162.0
 41 2162.560940 2.257E-26 8.883E+01.07220.090 3816.36040.77-.001854        0 6 4 1        0 6 4 0                    R 27e     3655431410 5 3 3 3   513.0  495.0
 41 2162.564640 1.440E-27 5.401E-04.06810.080 1998.62180.77-.002222        0 2 2 1        0 2 0 0                    P 44e     3655431410 5 3 3 3   783.0  801.0
 44 2162.566770 2.541E-27 6.564E+01.09410.116 2412.29590.70-.001133        1 2 0 1        1 2 0 0                    R  1e     3655431310 5 3 3 3    45.0   27.0
 41 2162.566840 1.375E-23 1.987E+02.07070.086 2689.79360.81-.002255        0 0 0 2        0 0 0 1                    P 33e     3655431410 5 3 3 3   585.0  603.0
 45 2162.568490 1.294E-28 8.066E+01.07830.101 3102.41140.72-.001552        1 3 1 1        1 3 1 0                    R 14f     3655431310 5 3 3 3  1674.0 1566.0
 41 2162.569020 3.052E-26 1.993E+02.09060.112 3489.09480.70-.001513        1 0 0 2        1 0 0 1                    P  4e     3655431410 5 3 3 3    63.0   81.0
 41 2162.573380 3.065E-26 8.957E+01.07290.091 3740.12090.75-.001812        0 6 0 1        0 6 0 0                    R 25e     3655431410 5 3 3 3   477.0  459.0
 41 2162.573560 4.089E-26 2.045E+00.06940.083 2980.10260.80-.002143        0 4 4 1        0 4 4 0                    Q 38e     3655431410 5 3 3 3   693.0  693.0
 41 2162.573910 4.089E-26 2.045E+00.06940.083 2980.10240.80-.002143        0 4 4 1        0 4 4 0                    Q 38f     3655431410 5 3 3 3   693.0  693.0
 44 2162.577787 4.100E-27 1.917E+02.08090.104 2848.25420.72-.002043        0 1 1 2        0 1 1 1                    P 12e     3655431310 5 3 3 3   207.0  225.0
 44 2162.581900 2.192E-23 9.472E+01.06600.074 1261.07130.74-.002179        0 0 0 1        0 0 0 0                    P 56e     3645431816 5 3 3 3   999.0 1017.0
 41 2162.584640 2.680E-25 8.144E+01.08330.106 3083.95500.72-.001414        1 3 1 1        1 3 1 0                    R  9f     3655431410 5 3 3 3   189.0  171.0
 42 2162.587400 1.246E-23 8.976E+01.07830.101 1239.23020.72-.001552        0 2 2 1        0 2 2 0                    R 14f     3655431810 5 3 3 3   186.0  174.0
 44 2162.588036 1.437E-28 1.628E+02.08920.111 3352.26560.71-.001251        0 2 0 2        0 2 0 1                    R  4e     3655431310 5 3 3 3    99.0   81.0
 41 2162.588900 7.915E-28 1.871E+00.07220.090 3711.42340.77-.002056        0 2 2 2        0 2 2 1                    Q 28f     3655431410 5 3 3 3   513.0  513.0
 42 2162.589000 1.246E-23 8.976E+01.07830.101 1239.23350.72-.001552        0 2 2 1        0 2 2 0                    R 14e     3655431810 5 3 3 3   186.0  174.0
 45 2162.591692 1.741E-27 1.052E+02.09060.112 2316.15670.70-.001513        0 4 0 1        0 4 0 0                    P  4e     3655431310 5 3 3 3   378.0  486.0
 44 2162.593416 1.523E-27 8.446E+01.07700.099 2969.83130.73-.001603        0 5 1 1        0 5 1 0                    R 16f     3655431310 5 3 3 3   315.0  297.0
 45 2162.599604 1.133E-28 8.020E+01.07770.100 3141.51890.73-.001578        1 3 3 1        1 3 3 0                    R 15f     3655431310 5 3 3 3  1782.0 1674.0
 45 2162.599721 1.133E-28 8.020E+01.07770.100 3141.51880.73-.001578        1 3 3 1        1 3 3 0                    R 15e     3655431310 5 3 3 3  1782.0 1674.0
 42 2162.609000 1.008E-24 4.976E-01.07590.097  734.97680.73-.001930        0 1 1 1        0 1 1 0                    Q 19f     3655431815 5 3 3 3   234.0  234.0
 41 2162.609720 4.817E-22 9.125E+01.07010.085 1810.37100.81-.002251        1 0 0 1        1 0 0 0                    P 35e     3655431410 5 3 3 3   621.0  639.0
 44 2162.610400 2.091E-24 8.693E+01.07190.089 1589.64850.78-.002259        1 0 0 1        1 0 0 0                    P 29e     3655431810 5 3 3 3   513.0  531.0
 41 2162.614730 1.416E-28 4.971E-01.07220.090 3792.81480.77-.002745        3 3 1 0        0 6 2 0                    R 27f     3655431410 5 3 3 3   513.0  495.0
 42 2162.618999 2.508E-28 9.019E+01.06560.073 3741.66000.73-.002345        0 4 4 1        0 4 4 0                    R 58f     3645431310 5 3 3 3   714.0  702.0
 42 2162.621778 2.508E-28 9.019E+01.06560.073 3741.67390.73-.002345        0 4 4 1        0 4 4 0                    R 58e     3645431310 5 3 3 3   714.0  702.0
 43 2162.627100 1.085E-26 8.109E+01.07360.093 2756.28930.74-.001768        2 0 0 1        2 0 0 0                    R 23e     3655431810 5 3 3 3   294.0  282.0
 43 2162.627790 3.477E-28 9.175E+01.06830.080 3607.67280.78-.002128        0 5 1 1        0 5 1 0                    R 42e     3655431910 5 3 3 3   522.0  510.0
 43 2162.630948 1.457E-28 9.364E+01.06750.078 3808.90270.76-.002189        0 5 5 1        0 5 5 0                    R 46e     3655431310 5 3 3 3   570.0  558.0
 43 2162.630955 1.457E-28 9.364E+01.06750.078 3808.90270.76-.002189        0 5 5 1        0 5 5 0                    R 46f     3655431310 5 3 3 3   570.0  558.0
 43 2162.635320 2.258E-28 1.558E+02.07290.091 3703.48940.75-.001812        1 0 0 2        1 0 0 1                    R 25e     3655431910 5 3 3 3   318.0  306.0
 41 2162.651700 1.371E-28 5.736E+02.09620.119 4418.20200.69-.001130        0 0 0 3        0 0 0 2                    P  1e     3555431410 5 3 3 3     9.0   27.0
 42 2162.653672 4.213E-28 8.994E+01.06590.074 3627.35310.73-.002322        0 4 2 1        0 4 2 0                    R 56e     3645431310 5 3 3 3   690.0  678.0
 41 2162.654070 6.881E-28 4.061E-04.07590.097 1926.74320.73-.001930        0 3 1 1        0 3 3 0                    Q 19f     3655431410 5 3 3 3   351.0  351.0
 41 2162.654600 4.370E-21 9.856E+01.06560.073 1481.09140.73-.002169        0 0 0 1        0 0 0 0                    P 59e     3645431416 5 3 3 3  1053.0 1071.0
 42 2162.667558 1.607E-28 8.223E+01.06570.073 3810.70420.73-.002334        1 2 0 1        1 2 0 0                    R 57e     3645431310 5 3 3 3   702.0  690.0
 42 2162.670500 5.108E-25 3.136E-01.07360.093  826.83470.74-.002009        0 1 1 1        0 1 1 0                    Q 24e     3655431815 5 3 3 3   294.0  294.0
 41 2162.672110 2.388E-28 1.810E+02.07070.086 4931.80750.81-.001953        0 4 0 2        0 4 0 1                    R 32e     3555431410 5 3 3 3   603.0  585.0
 45 2162.678777 1.739E-28 5.435E+00.07410.094 2572.37940.73-.001995        0 4 4 1        0 4 4 0                    Q 23e     3655431310 5 3 3 3  2538.0 2538.0
 45 2162.678842 1.739E-28 5.435E+00.07410.094 2572.37940.73-.001995        0 4 4 1        0 4 4 0                    Q 23f     3655431310 5 3 3 3  2538.0 2538.0
 43 2162.684300 1.403E-25 7.596E+01.09060.112 1867.60890.70-.001214        1 1 1 1        1 1 1 0                    R  3e     3655431810 5 3 3 3    54.0   42.0
 43 2162.690500 1.403E-25 7.596E+01.09060.112 1867.61940.70-.001214        1 1 1 1        1 1 1 0                    R  3f     3655431810 5 3 3 3    54.0   42.0
 41 2162.695340 9.805E-28 6.825E-04.07410.094 1999.07180.73-.001995        0 3 1 1        0 3 3 0                    Q 23e     3655431410 5 3 3 3   423.0  423.0
 43 2162.696580 3.446E-28 9.252E+01.06830.080 3611.24640.78-.002128        0 5 1 1        0 5 1 0                    R 42f     3655431910 5 3 3 3   522.0  510.0
 41 2162.700400 3.350E-27 3.534E-01.06810.080 3163.40680.77-.002182        0 4 2 1        0 4 2 0                    Q 44f     3655431410 5 3 3 3   801.0  801.0
 45 2162.702200 2.754E-25 8.909E+01.07090.087 1692.26210.81-.002257        1 0 0 1        1 0 0 0                    P 32e     3655431810 5 3 3 3  3402.0 3510.0
 41 2162.704570 7.976E-23 9.138E+01.07490.095 2073.51740.73-.002229        1 1 1 1        1 1 1 0                    P 21f     3655431410 5 3 3 3   369.0  387.0
 41 2162.705280 9.200E-28 2.013E+00.07250.090 3688.13500.76-.002045        0 2 2 2        0 2 2 1                    Q 27e     3655431410 5 3 3 3   495.0  495.0
 41 2162.705720 7.555E-27 4.384E-01.06890.082 3021.07010.79-.002157        0 4 2 1        0 4 2 0                    Q 40e     3655431410 5 3 3 3   729.0  729.0
 43 2162.707900 1.150E-23 1.029E+02.07990.103 1233.80410.72-.002078        0 2 0 1        0 2 0 0                    P 13e     3655431810 5 3 3 3   150.0  162.0
 41 2162.709650 4.514E-27 1.662E+02.07910.102 4137.33090.72-.001526        1 1 1 2        1 1 1 1                    R 13e     3555431410 5 3 3 3   261.0  243.0
 41 2162.712180 7.460E-27 8.366E+01.07120.088 4052.30240.80-.001915        1 4 4 1        1 4 4 0                    R 30e     3555431410 5 3 3 3   567.0  549.0
 41 2162.712180 7.460E-27 8.366E+01.07120.088 4052.30240.80-.001915        1 4 4 1        1 4 4 0                    R 30f     3555431410 5 3 3 3   567.0  549.0
 41 2162.716500 1.810E-27 7.446E-04.06870.081 2002.90540.78-.000477        0 6 2 0        1 0 0 0                    P 41e     3655431410 5 3 3 3   729.0  747.0
 44 2162.717019 3.218E-25 9.261E+01.07830.101 1848.71850.72-.002135        0 3 3 1        0 3 3 0                    P 15f     3655431310 5 3 3 3   261.0  279.0
 44 2162.717165 3.218E-25 9.261E+01.07830.101 1848.71850.72-.002135        0 3 3 1        0 3 3 0                    P 15e     3655431310 5 3 3 3   261.0  279.0
 42 2162.723910 2.218E-27 1.839E+02.06920.083 3355.46020.79-.002062        0 1 1 2        0 1 1 1                    R 38e     3655431910 5 3 3 3   474.0  462.0
 41 2162.726270 2.679E-21 9.889E+01.06750.078 1535.30700.76-.002211        0 1 1 1        0 1 1 0                    P 47f     3655431415 5 3 3 3   837.0  855.0
 41 2162.729770 4.510E-27 1.662E+02.07910.102 4137.49200.72-.001526        1 1 1 2        1 1 1 1                    R 13f     3555431410 5 3 3 3   261.0  243.0
 45 2162.736271 4.629E-25 9.722E+01.07090.087 1603.40490.81-.002257        0 2 2 1        0 2 2 0                    P 32e     3655431310 5 3 3 3  3402.0 3510.0
 45 2162.741460 4.630E-25 9.722E+01.07090.087 1603.35820.81-.002257        0 2 2 1        0 2 2 0                    P 32f     3655431310 5 3 3 3  3402.0 3510.0
 44 2162.746000 1.983E-25 8.794E+01.07910.102 1922.92560.72-.002108        1 1 1 1        1 1 1 0                    P 14f     3655431810 5 3 3 3   243.0  261.0
 43 2162.746700 6.266E-24 9.548E+01.07990.103 1343.28070.72-.002078        1 0 0 1        1 0 0 0                    P 13e     3655431810 5 3 3 3   150.0  162.0
 44 2162.751500 3.234E-24 9.416E+01.07150.088 1523.50180.79-.002259        0 2 0 1        0 2 0 0                    P 30e     3655431810 5 3 3 3   531.0  549.0
 41 2162.752860 7.990E-23 9.136E+01.07490.095 2073.09710.73-.002229        1 1 1 1        1 1 1 0                    P 21e     3655431410 5 3 3 3   369.0  387.0
 42 2162.762460 2.205E-27 1.838E+02.06920.083 3356.63500.79-.002062        0 1 1 2        0 1 1 1                    R 38f     3655431910 5 3 3 3   474.0  462.0
 42 2162.764500 1.148E-24 5.530E-01.07650.098  719.02480.73-.001911        0 1 1 1        0 1 1 0                    Q 18f     3655431815 5 3 3 3   222.0  222.0
 41 2162.765610 5.362E-27 4.682E-01.06940.083 3094.67740.80-.002143        1 2 2 1        1 2 2 0                    Q 38f     3655431410 5 3 3 3   693.0  693.0
 45 2162.766400 7.008E-27 1.948E+02.07150.088 2595.03590.79-.002259        0 0 0 2        0 0 0 1                    P 30e     3655431810 5 3 3 3  3186.0 3294.0
 41 2162.766640 1.546E-25 7.672E+01.08090.104 3220.74220.72-.001471        2 1 1 1        2 1 1 0                    R 11e     3655431410 5 3 3 3   225.0  207.0
 43 2162.768610 3.832E-28 2.465E-01.06620.075 2419.95420.74-.002240        0 2 2 1        0 2 2 0                    Q 55e     3645431910 5 3 3 3   666.0  666.0
 41 2162.773130 9.197E-28 2.012E+00.07250.090 3688.10120.76-.002045        0 2 2 2        0 2 2 1                    Q 27f     3655431410 5 3 3 3   495.0  495.0
 44 2162.773200 1.985E-25 8.793E+01.07910.102 1922.74260.72-.002108        1 1 1 1        1 1 1 0                    P 14e     3655431810 5 3 3 3   243.0  261.0
 44 2162.773241 1.136E-28 1.528E+02.08680.109 3451.39220.71-.001320        1 0 0 2        1 0 0 1                    R  6e     3655431310 5 3 3 3   135.0  117.0
 41 2162.775370 2.397E-26 1.278E+02.09220.114 3378.14240.70-.001400        0 2 2 2        0 2 2 1                    P  3e     3655431410 5 3 3 3    45.0   63.0
 41 2162.775370 2.397E-26 1.278E+02.09220.114 3378.14240.70-.001400        0 2 2 2        0 2 2 1                    P  3f     3655431410 5 3 3 3    45.0   63.0
 43 2162.777940 4.633E-28 1.889E+02.07290.091 3595.22150.75-.001812        0 2 0 2        0 2 0 1                    R 25e     3655431910 5 3 3 3   318.0  306.0
 42 2162.778600 1.716E-25 1.840E+02.07650.098 2304.83050.73-.001628        0 0 0 2        0 0 0 1                    R 17e     3655431810 5 3 3 3   222.0  210.0
 43 2162.780000 3.933E-26 9.319E+01.07450.094 2502.45660.73-.001723        0 4 2 1        0 4 2 0                    R 21f     3655431910 5 3 3 3   270.0  258.0
 41 2162.780100 4.597E-28 9.470E-03.07330.092 2712.79820.74-.000151        0 8 0 0        1 2 0 0                    R 24e     3655431410 5 3 3 3   459.0  441.0
 43 2162.786030 3.932E-26 9.319E+01.07450.094 2502.48690.73-.001723        0 4 2 1        0 4 2 0                    R 21e     3655431910 5 3 3 3   270.0  258.0
 41 2162.787270 1.545E-25 7.671E+01.08090.104 3220.88410.72-.001471        2 1 1 1        2 1 1 0                    R 11f     3655431410 5 3 3 3   225.0  207.0
 42 2162.789900 5.877E-25 3.411E-01.07410.094  806.72740.73-.001995        0 1 1 1        0 1 1 0                    Q 23e     3655431815 5 3 3 3   282.0  282.0
 42 2162.795488 1.254E-28 8.369E+01.06560.073 3868.86420.73-.002345        1 2 2 1        1 2 2 0                    R 58f     3645431310 5 3 3 3   714.0  702.0
 43 2162.798400 1.368E-25 2.082E+02.08200.105 2254.60010.72-.002003        0 0 0 2        0 0 0 1                    P 11e     3655431810 5 3 3 3   126.0  138.0
 42 2162.800007 4.434E-28 8.999E+01.06590.074 3616.89070.73-.002322        0 4 0 1        0 4 0 0                    R 56e     3645431310 5 3 3 3   690.0  678.0
 43 2162.800800 1.929E-26 8.708E+01.07410.094 2644.02380.73-.001746        1 2 0 1        1 2 0 0                    R 22e     3655431810 5 3 3 3   282.0  270.0
 41 2162.810600 1.082E-26 8.299E+01.07190.089 3960.75100.78-.001875        1 4 0 1        1 4 0 0                    R 28e     3655431410 5 3 3 3   531.0  513.0
 41 2162.815200 6.440E-27 4.950E-01.06960.084 3063.00640.80-.002136        1 2 2 1        1 2 2 0                    Q 37e     3655431410 5 3 3 3   675.0  675.0
 42 2162.816200 6.192E-24 8.421E+01.07910.102 1356.26550.72-.001526        1 0 0 1        1 0 0 0                    R 13e     3655431810 5 3 3 3   174.0  162.0
 42 2162.822200 1.316E-25 8.475E+01.07040.086 2328.14840.81-.001972        1 1 1 1        1 1 1 0                    R 33e     3655431810 5 3 3 3   414.0  402.0
 41 2162.822790 6.389E-28 3.678E-04.07650.098 1910.76220.73-.001911        0 3 1 1        0 3 3 0                    Q 18f     3655431410 5 3 3 3   333.0  333.0
 41 2162.823690 4.908E-26 2.158E+00.06960.084 2948.12830.80-.002136        0 4 4 1        0 4 4 0                    Q 37e     3655431410 5 3 3 3   675.0  675.0
 41 2162.823960 4.908E-26 2.158E+00.06960.084 2948.12820.80-.002136        0 4 4 1        0 4 4 0                    Q 37f     3655431410 5 3 3 3   675.0  675.0
 44 2162.825102 1.057E-27 8.340E+01.07540.096 3074.75050.73-.001677        0 5 5 1        0 5 5 0                    R 19e     3655431310 5 3 3 3   369.0  351.0
 44 2162.825106 1.057E-27 8.340E+01.07540.096 3074.75050.73-.001677        0 5 5 1        0 5 5 0                    R 19f     3655431310 5 3 3 3   369.0  351.0
 45 2162.825125 1.990E-28 5.932E+00.07450.094 2553.58200.73-.001980        0 4 4 1        0 4 4 0                    Q 22e     3655431310 5 3 3 3  2430.0 2430.0
 45 2162.825193 1.990E-28 5.932E+00.07450.094 2553.58200.73-.001980        0 4 4 1        0 4 4 0                    Q 22f     3655431310 5 3 3 3  2430.0 2430.0
 44 2162.825596 7.064E-28 7.876E+01.07490.095 3155.77060.73-.001700        1 3 1 1        1 3 1 0                    R 20e     3655431310 5 3 3 3   387.0  369.0
 44 2162.827994 3.616E-28 7.500E+01.07360.093 3310.31800.74-.001768        2 1 1 1        2 1 1 0                    R 23e     3655431310 5 3 3 3   441.0  423.0
 41 2162.833240 9.401E-28 6.222E-04.07450.094 1979.72900.73-.001980        0 3 1 1        0 3 3 0                    Q 22e     3655431410 5 3 3 3   405.0  405.0
 41 2162.833730 2.701E-21 9.886E+01.06750.078 1533.52540.76-.002211        0 1 1 1        0 1 1 0                    P 47e     3655431415 5 3 3 3   837.0  855.0
 42 2162.833770 2.852E-25 9.134E+01.07040.086 2184.49390.81-.001972        0 3 1 1        0 3 1 0                    R 33e     3655431910 5 3 3 3   414.0  402.0
 42 2162.834695 1.247E-28 8.362E+01.06560.073 3869.72520.73-.002345        1 2 2 1        1 2 2 0                    R 58e     3645431310 5 3 3 3   714.0  702.0
 42 2162.836670 2.381E-25 9.111E+01.07010.085 2227.00800.81-.001991        0 3 3 1        0 3 3 0                    R 34e     3655431910 5 3 3 3   426.0  414.0
 42 2162.838290 2.381E-25 9.111E+01.07010.085 2227.01500.81-.001991        0 3 3 1        0 3 3 0                    R 34f     3655431910 5 3 3 3   426.0  414.0
 43 2162.843900 2.349E-28 2.271E-01.06590.074 2511.07360.73-.002249        0 2 2 1        0 2 2 0                    Q 57f     3645431910 5 3 3 3   690.0  690.0
 45 2162.846400 1.521E-24 9.705E+01.06790.079 1429.35790.77-.002218        0 1 1 1        0 1 1 0                    P 45f     3655431815 5 3 3 3  4806.0 4914.0
 42 2162.854400 1.310E-25 8.474E+01.07040.086 2329.15100.81-.001972        1 1 1 1        1 1 1 0                    R 33f     3655431810 5 3 3 3   414.0  402.0
 44 2162.868203 7.041E-28 7.874E+01.07490.095 3156.36080.73-.001700        1 3 1 1        1 3 1 0                    R 20f     3655431310 5 3 3 3   387.0  369.0
 44 2162.870468 3.606E-28 7.501E+01.07360.093 3310.93130.74-.001768        2 1 1 1        2 1 1 0                    R 23f     3655431310 5 3 3 3   441.0  423.0
 44 2162.872000 4.787E-26 1.906E+02.07250.090 2513.23790.76-.002258        0 0 0 2        0 0 0 1                    P 27e     3655431810 5 3 3 3   477.0  495.0
 41 2162.876540 2.112E-27 2.815E-03.08680.109 1897.79890.71-.000064        0 7 1 0        1 1 1 0                    R  6e     3655431410 5 3 3 3   135.0  117.0
 43 2162.877350 1.718E-26 8.768E+01.07360.093 2677.85670.74-.001768        1 2 2 1        1 2 2 0                    R 23f     3655431910 5 3 3 3   294.0  282.0
 43 2162.879080 1.717E-26 8.767E+01.07360.093 2677.86840.74-.001768        1 2 2 1        1 2 2 0                    R 23e     3655431910 5 3 3 3   294.0  282.0
 41 2162.879140 4.157E-27 7.665E+01.07090.087 4161.01910.81-.001934        2 2 0 1        2 2 0 0                    R 31e     3555431410 5 3 3 3   585.0  567.0
 45 2162.882276 2.629E-28 8.661E+01.07990.103 2942.82940.72-.001499        0 5 1 1        0 5 1 0                    R 12e     3655431310 5 3 3 3  1458.0 1350.0
 41 2162.888830 1.532E-28 4.869E-03.07150.088 2838.82710.79-.000926        1 6 2 0        1 2 2 0                    R 29e     3655431410 5 3 3 3   549.0  531.0
 41 2162.892500 1.066E-27 2.170E+00.07290.091 3665.64010.75-.002034        0 2 2 2        0 2 2 1                    Q 26e     3655431410 5 3 3 3   477.0  477.0
 45 2162.897433 2.377E-28 8.415E+01.07910.102 2972.28310.72-.001526        0 5 3 1        0 5 3 0                    R 13f     3655431310 5 3 3 3  1566.0 1458.0
 45 2162.897560 2.377E-28 8.415E+01.07910.102 2972.28310.72-.001526        0 5 3 1        0 5 3 0                    R 13e     3655431310 5 3 3 3  1566.0 1458.0
 42 2162.899240 2.827E-25 9.131E+01.07040.086 2186.23870.81-.001972        0 3 1 1        0 3 1 0                    R 33f     3655431910 5 3 3 3   414.0  402.0
 42 2162.904600 6.744E-25 3.723E-01.07450.094  787.45700.73-.001980        0 1 1 1        0 1 1 0                    Q 22e     3655431815 5 3 3 3   270.0  270.0
 42 2162.911800 1.307E-24 6.183E-01.07700.099  703.91200.73-.001890        0 1 1 1        0 1 1 0                    Q 17f     3655431815 5 3 3 3   210.0  210.0
 41 2162.914700 2.067E-28 1.812E+02.07040.086 4967.83040.81-.001972        0 4 2 2        0 4 2 1                    R 33f     3555431410 5 3 3 3   621.0  603.0
 41 2162.917460 2.727E-26 8.886E+01.07250.090 3770.08430.76-.001833        0 6 2 1        0 6 2 0                    R 26f     3655431410 5 3 3 3   495.0  477.0
 41 2162.917540 1.445E-26 8.852E+01.07120.088 3927.90510.80-.001915        0 6 6 1        0 6 6 0                    R 30e     3655431410 5 3 3 3   567.0  549.0
 41 2162.917540 1.445E-26 8.852E+01.07120.088 3927.90510.80-.001915        0 6 6 1        0 6 6 0                    R 30f     3655431410 5 3 3 3   567.0  549.0
 45 2162.926664 2.624E-28 8.659E+01.07990.103 2943.14220.72-.001499        0 5 1 1        0 5 1 0                    R 12f     3655431310 5 3 3 3  1458.0 1350.0
 41 2162.933310 1.275E-28 1.130E-03.07770.100 2436.95250.73-.002157        0 4 2 1        0 4 0 0                    P 16e     3655431410 5 3 3 3   279.0  297.0
 41 2162.938250 4.124E-27 3.720E-01.06830.080 3126.45200.78-.002176        0 4 2 1        0 4 2 0                    Q 43f     3655431410 5 3 3 3   783.0  783.0
 45 2162.939100 1.532E-24 9.703E+01.06790.079 1427.81410.77-.002218        0 1 1 1        0 1 1 0                    P 45e     3655431815 5 3 3 3  4806.0 4914.0
 41 2162.940920 2.740E-26 8.938E+01.07250.090 3770.26960.76-.001833        0 6 2 1        0 6 2 0                    R 26e     3655431410 5 3 3 3   495.0  477.0
 43 2162.941300 4.956E-22 1.006E+02.06870.081  696.67920.78-.002232        0 0 0 1        0 0 0 0                    P 41e     3655431816 5 3 3 3   486.0  498.0
 41 2162.941920 7.495E-24 1.019E+02.08680.109 2346.12690.71-.001777        0 4 0 1        0 4 0 0                    P  7e     3655431410 5 3 3 3   117.0  135.0
 42 2162.942000 1.308E-23 9.122E+01.07830.101 1232.50450.72-.001552        0 2 0 1        0 2 0 0                    R 14e     3655431810 5 3 3 3   186.0  174.0
 41 2162.943490 2.064E-28 1.812E+02.07040.086 4968.05530.81-.001972        0 4 2 2        0 4 2 1                    R 33e     3555431410 5 3 3 3   621.0  603.0
 45 2162.950629 4.447E-28 1.135E+02.09410.116 2438.16190.70-.001273        1 2 0 1        1 2 0 0                    P  2e     3655431310 5 3 3 3   162.0  270.0
 41 2162.951120 1.066E-27 2.169E+00.07290.091 3665.61090.75-.002034        0 2 2 2        0 2 2 1                    Q 26f     3655431410 5 3 3 3   477.0  477.0
 43 2162.952232 3.109E-26 9.265E+01.07360.093 2567.12830.74-.001768        0 4 4 1        0 4 4 0                    R 23e     3655431310 5 3 3 3   294.0  282.0
 43 2162.952248 3.109E-26 9.265E+01.07360.093 2567.12830.74-.001768        0 4 4 1        0 4 4 0                    R 23f     3655431310 5 3 3 3   294.0  282.0
 41 2162.964920 8.923E-28 5.649E-04.07490.095 1961.22660.73-.001965        0 3 1 1        0 3 3 0                    Q 21e     3655431410 5 3 3 3   387.0  387.0
 45 2162.965117 2.274E-28 6.500E+00.07490.095 2535.60130.73-.001965        0 4 4 1        0 4 4 0                    Q 21e     3655431310 5 3 3 3  2322.0 2322.0
 45 2162.965183 2.274E-28 6.500E+00.07490.095 2535.60130.73-.001965        0 4 4 1        0 4 4 0                    Q 21f     3655431310 5 3 3 3  2322.0 2322.0
 41 2162.969000 1.003E-28 8.841E+01.06720.077 5043.16480.75-.002217        0 7 3 1        0 7 3 0                    R 48e     3555431410 5 3 3 3   891.0  873.0
 42 2162.970396 3.435E-28 9.005E+01.06570.073 3673.04460.73-.002334        0 4 2 1        0 4 2 0                    R 57f     3645431910 5 3 3 3   702.0  690.0
 44 2162.972300 1.184E-23 9.519E+01.06830.080 1333.77150.78-.002225        0 1 1 1        0 1 1 0                    P 43f     3655431815 5 3 3 3   765.0  783.0
 41 2162.973750 1.766E-28 5.091E-02.06500.071 3443.29800.72-.002273        0 3 1 1        0 3 1 0                    Q 63f     3645431410 5 3 3 3  1143.0 1143.0
 43 2162.975940 4.138E-28 1.895E+02.07250.090 3626.70500.76-.001833        0 2 2 2        0 2 2 1                    R 26f     3655431910 5 3 3 3   330.0  318.0
 43 2162.978360 4.137E-28 1.895E+02.07250.090 3626.72850.76-.001833        0 2 2 2        0 2 2 1                    R 26e     3655431910 5 3 3 3   330.0  318.0
 41 2162.982490 5.851E-28 3.308E-04.07700.099 1895.62190.73-.001890        0 3 1 1        0 3 3 0                    Q 17f     3655431410 5 3 3 3   315.0  315.0
 43 2162.986539 2.365E-28 9.299E+01.06790.079 3698.94170.77-.002159        0 5 3 1        0 5 3 0                    R 44e     3655431310 5 3 3 3   546.0  534.0
 45 2162.987771 8.260E-28 1.954E+02.07830.101 2889.38940.72-.002135        0 1 1 2        0 1 1 1                    P 15f     3655431310 5 3 3 3  1566.0 1674.0
 43 2162.992313 2.364E-28 9.298E+01.06790.079 3698.97970.77-.002159        0 5 3 1        0 5 3 0                    R 44f     3655431310 5 3 3 3   546.0  534.0
 41 2162.993470 1.315E-28 8.838E+01.06730.078 4983.20980.76-.002963        1 5 1 1        0 7 1 0                    R 47e     3555431410 5 3 3 3   873.0  855.0
 41 2162.997720 2.130E-27 2.840E-03.08680.109 1897.83710.71-.000064        0 7 1 0        1 1 1 0                    R  6f     3655431410 5 3 3 3   135.0  117.0
 41 2163.001390 1.002E-28 8.842E+01.06720.077 5043.42160.75-.002217        0 7 3 1        0 7 3 0                    R 48f     3555431410 5 3 3 3   891.0  873.0
 41 2163.008400 8.364E-27 1.761E+02.07830.101 4035.91800.72-.001552        0 3 3 2        0 3 3 1                    R 14e     3555431410 5 3 3 3   279.0  261.0
 41 2163.008420 8.364E-27 1.761E+02.07830.101 4035.91800.72-.001552        0 3 3 2        0 3 3 1                    R 14f     3555431410 5 3 3 3   279.0  261.0
 41 2163.010580 9.161E-27 4.630E-01.06920.083 2987.42210.79-.002150        0 4 2 1        0 4 2 0                    Q 39e     3655431410 5 3 3 3   711.0  711.0
 41 2163.011680 6.435E-27 4.944E-01.06960.084 3062.90750.80-.002136        1 2 2 1        1 2 2 0                    Q 37f     3655431410 5 3 3 3   675.0  675.0
 45 2163.012444 8.266E-28 1.954E+02.07830.101 2889.21240.72-.002135        0 1 1 2        0 1 1 1                    P 15e     3655431310 5 3 3 3  1566.0 1674.0
 42 2163.014000 7.723E-25 4.080E-01.07490.095  769.02390.73-.001965        0 1 1 1        0 1 1 0                    Q 21e     3655431815 5 3 3 3   258.0  258.0
 45 2163.021979 1.955E-28 8.139E+01.07770.100 3032.18490.73-.001578        0 5 5 1        0 5 5 0                    R 15f     3655431310 5 3 3 3  1782.0 1674.0
 45 2163.022116 1.955E-28 8.139E+01.07770.100 3032.18490.73-.001578        0 5 5 1        0 5 5 0                    R 15e     3655431310 5 3 3 3  1782.0 1674.0
 41 2163.024000 9.224E-27 1.803E+02.07910.102 4007.00060.72-.001526        0 3 1 2        0 3 1 1                    R 13e     3555431410 5 3 3 3   261.0  243.0
 45 2163.027998 7.067E-28 6.174E+01.09220.114 2322.80060.70-.001400        0 4 2 1        0 4 2 0                    P  3f     3655431310 5 3 3 3   270.0  378.0
 45 2163.028119 7.067E-28 6.174E+01.09220.114 2322.80060.70-.001400        0 4 2 1        0 4 2 0                    P  3e     3655431310 5 3 3 3   270.0  378.0
 41 2163.038840 5.538E-25 8.719E+01.08460.107 2928.04210.72-.001384        0 5 1 1        0 5 1 0                    R  8e     3655431410 5 3 3 3   171.0  153.0
 41 2163.041860 1.424E-26 6.617E-04.07330.092 1450.77470.74-.002253        0 2 0 1        0 2 2 0                    P 25e     3655431410 5 3 3 3   441.0  459.0
 41 2163.045280 3.113E-24 9.572E+01.08800.110 2479.55820.71-.001699        1 2 0 1        1 2 0 0                    P  6e     3655431410 5 3 3 3    99.0  117.0
 42 2163.051000 1.486E-24 6.958E-01.07770.100  689.63820.73-.001868        0 1 1 1        0 1 1 0                    Q 16f     3655431815 5 3 3 3   198.0  198.0
 41 2163.051710 6.209E-26 4.814E-03.07330.092 1556.04630.74-.000613        0 6 0 0        1 0 0 0                    P 25e     3655431410 5 3 3 3   441.0  459.0
 44 2163.053600 1.192E-23 9.516E+01.06830.080 1332.42920.78-.002225        0 1 1 1        0 1 1 0                    P 43e     3655431815 5 3 3 3   765.0  783.0
 41 2163.054320 1.871E-27 7.148E+01.07010.085 4329.02020.81-.001991        3 0 0 1        3 0 0 0                    R 34e     3555431410 5 3 3 3   639.0  621.0
 41 2163.058170 1.472E-28 1.819E+02.06990.084 5050.00290.81-.002009        0 4 4 2        0 4 4 1                    R 35f     3555431410 5 3 3 3   657.0  639.0
 41 2163.058200 1.472E-28 1.819E+02.06990.084 5050.00300.81-.002009        0 4 4 2        0 4 4 1                    R 35e     3555431410 5 3 3 3   657.0  639.0
 41 2163.059070 1.274E-28 8.827E+01.06730.078 4989.32170.76-.002963        1 5 1 1        0 7 1 0                    R 47f     3555431410 5 3 3 3   873.0  855.0
 41 2163.059270 9.211E-27 1.803E+02.07910.102 4007.26690.72-.001526        0 3 1 2        0 3 1 1                    R 13f     3555431410 5 3 3 3   261.0  243.0
 41 2163.061620 9.685E-22 9.910E+01.07040.086 1677.51920.81-.002253        0 2 2 1        0 2 2 0                    P 34e     3655431410 5 3 3 3   603.0  621.0
 41 2163.067230 5.871E-26 2.280E+00.06990.084 2916.99370.81-.002129        0 4 4 1        0 4 4 0                    Q 36e     3655431410 5 3 3 3   657.0  657.0
 41 2163.067460 5.871E-26 2.280E+00.06990.084 2916.99360.81-.002129        0 4 4 1        0 4 4 0                    Q 36f     3655431410 5 3 3 3   657.0  657.0
 41 2163.069910 9.688E-22 9.910E+01.07040.086 1677.43760.81-.002253        0 2 2 1        0 2 2 0                    P 34f     3655431410 5 3 3 3   603.0  621.0
 41 2163.072480 1.232E-27 2.345E+00.07330.092 3643.97770.74-.002022        0 2 2 2        0 2 2 1                    Q 25e     3655431410 5 3 3 3   459.0  459.0
 41 2163.073560 5.533E-25 8.718E+01.08460.107 2928.19870.72-.001384        0 5 1 1        0 5 1 0                    R  8f     3655431410 5 3 3 3   171.0  153.0
 42 2163.074345 2.004E-28 9.023E+01.06540.073 3791.21260.73-.002357        0 4 4 1        0 4 4 0                    R 59f     3645431310 5 3 3 3   726.0  714.0
 41 2163.074810 7.702E-27 5.233E-01.06990.084 3032.06070.81-.002129        1 2 2 1        1 2 2 0                    Q 36e     3655431410 5 3 3 3   657.0  657.0
 42 2163.077465 2.004E-28 9.023E+01.06540.073 3791.22830.73-.002357        0 4 4 1        0 4 4 0                    R 59e     3645431310 5 3 3 3   726.0  714.0
 41 2163.082030 3.503E-27 7.808E+01.07070.086 4206.27010.81-.001953        2 2 2 1        2 2 2 0                    R 32f     3555431410 5 3 3 3   603.0  585.0
 41 2163.085240 3.501E-27 7.806E+01.07070.086 4206.31440.81-.001953        2 2 2 1        2 2 2 0                    R 32e     3555431410 5 3 3 3   603.0  585.0
 41 2163.086800 9.449E-27 8.325E+01.07150.088 3995.98770.79-.001895        1 4 2 1        1 4 2 0                    R 29f     3655431410 5 3 3 3   549.0  531.0
 41 2163.090430 8.379E-28 5.107E-04.07540.096 1943.56460.73-.001948        0 3 1 1        0 3 3 0                    Q 20e     3655431410 5 3 3 3   369.0  369.0
 42 2163.091784 1.273E-28 8.104E+01.06560.073 3859.00800.73-.002345        1 2 0 1        1 2 0 0                    R 58e     3645431310 5 3 3 3   714.0  702.0
 41 2163.096500 5.078E-25 8.126E+01.08330.106 2951.95290.72-.001414        0 5 3 1        0 5 3 0                    R  9e     3655431410 5 3 3 3   189.0  171.0
 41 2163.096500 5.078E-25 8.126E+01.08330.106 2951.95290.72-.001414        0 5 3 1        0 5 3 0                    R  9f     3655431410 5 3 3 3   189.0  171.0
 41 2163.097810 1.614E-22 9.834E+01.07490.095 1943.55720.73-.002229        0 3 1 1        0 3 1 0                    P 21f     3655431410 5 3 3 3   369.0  387.0
 45 2163.098748 2.594E-28 7.153E+00.07540.096 2518.43730.73-.001948        0 4 4 1        0 4 4 0                    Q 20e     3655431310 5 3 3 3  2214.0 2214.0
 45 2163.098812 2.594E-28 7.153E+00.07540.096 2518.43740.73-.001948        0 4 4 1        0 4 4 0                    Q 20f     3655431310 5 3 3 3  2214.0 2214.0
 43 2163.100300 1.037E-23 1.011E+02.08090.104 1234.16840.72-.002043        0 2 2 1        0 2 2 0                    P 12e     3655431810 5 3 3 3   138.0  150.0
 43 2163.100600 1.037E-23 1.011E+02.08090.104 1234.16720.72-.002043        0 2 2 1        0 2 2 0                    P 12f     3655431810 5 3 3 3   138.0  150.0
 41 2163.100850 9.441E-27 8.324E+01.07150.088 3996.11270.79-.001895        1 4 2 1        1 4 2 0                    R 29e     3655431410 5 3 3 3   549.0  531.0
 42 2163.118700 8.828E-25 4.491E-01.07540.096  751.42790.73-.001948        0 1 1 1        0 1 1 0                    Q 20e     3655431815 5 3 3 3   246.0  246.0
 42 2163.120864 3.395E-28 8.998E+01.06570.073 3675.27760.73-.002334        0 4 2 1        0 4 2 0                    R 57e     3645431310 5 3 3 3   702.0  690.0
 41 2163.122840 1.231E-27 2.345E+00.07330.092 3643.95260.74-.002022        0 2 2 2        0 2 2 1                    Q 25f     3655431410 5 3 3 3   459.0  459.0
 41 2163.133210 5.278E-28 2.953E-04.07770.100 1881.32240.73-.001868        0 3 1 1        0 3 3 0                    Q 16f     3655431410 5 3 3 3   297.0  297.0
 43 2163.137757 1.236E-28 9.374E+01.06730.078 3847.14140.76-.002203        0 5 5 1        0 5 5 0                    R 47e     3655431310 5 3 3 3   582.0  570.0
 43 2163.137767 1.236E-28 9.374E+01.06730.078 3847.14140.76-.002203        0 5 5 1        0 5 5 0                    R 47f     3655431310 5 3 3 3   582.0  570.0
 43 2163.151800 1.264E-22 1.014E+02.07250.090  891.98730.76-.002258        0 1 1 1        0 1 1 0                    P 27f     3655431815 5 3 3 3   318.0  330.0
 41 2163.153100 1.124E-28 4.276E-01.07190.089 3816.38560.78-.002770        3 3 1 0        0 6 2 0                    R 28f     3655431410 5 3 3 3   531.0  513.0
 44 2163.154161 1.967E-27 4.033E+01.09220.114 2433.89000.70-.001175        1 2 2 1        1 2 2 0                    R  2f     3655431310 5 3 3 3    63.0   45.0
 44 2163.154169 1.967E-27 4.033E+01.09220.114 2433.89000.70-.001175        1 2 2 1        1 2 2 0                    R  2e     3655431310 5 3 3 3    63.0   45.0
 43 2163.154370 4.858E-28 2.564E-01.06630.075 2375.38710.74-.002235        0 2 2 1        0 2 2 0                    Q 54e     3645431810 5 3 3 3   654.0  654.0
 43 2163.156560 3.003E-28 9.177E+01.06810.080 3642.48910.77-.002143        0 5 1 1        0 5 1 0                    R 43e     3655431910 5 3 3 3   534.0  522.0
 42 2163.162900 6.360E-28 6.175E-03.07330.092 1403.01590.74-.001790        0 2 0 1        0 2 2 0                    R 24e     3655431810 5 3 3 3   306.0  294.0
 41 2163.166360 2.424E-27 8.666E-04.06890.082 1968.73800.79-.000486        0 6 2 0        1 0 0 0                    P 40e     3655431410 5 3 3 3   711.0  729.0
 41 2163.172330 5.058E-27 3.918E-01.06850.081 3090.33390.78-.002170        0 4 2 1        0 4 2 0                    Q 42f     3655431410 5 3 3 3   765.0  765.0
 41 2163.172930 1.619E-22 9.832E+01.07490.095 1942.86810.73-.002229        0 3 1 1        0 3 1 0                    P 21e     3655431410 5 3 3 3   369.0  387.0
 41 2163.175000 1.750E-24 3.840E+01.08920.111 2368.89050.71-.001612        0 4 4 1        0 4 4 0                    P  5e     3655431410 5 3 3 3    81.0   99.0
 41 2163.175000 1.750E-24 3.840E+01.08920.111 2368.89050.71-.001612        0 4 4 1        0 4 4 0                    P  5f     3655431410 5 3 3 3    81.0   99.0
 45 2163.176300 4.874E-25 9.670E+01.07090.087 1591.60350.81-.002257        0 2 0 1        0 2 0 0                    P 32e     3655431810 5 3 3 3  3402.0 3510.0
 44 2163.176776 5.943E-28 8.047E+01.07450.094 3205.02330.73-.001723        1 3 3 1        1 3 3 0                    R 21e     3655431310 5 3 3 3   405.0  387.0
 44 2163.176790 5.943E-28 8.047E+01.07450.094 3205.02340.73-.001723        1 3 3 1        1 3 3 0                    R 21f     3655431310 5 3 3 3   405.0  387.0
 42 2163.182000 1.690E-24 7.887E-01.07830.101  676.20380.72-.001843        0 1 1 1        0 1 1 0                    Q 15f     3655431815 5 3 3 3   186.0  186.0
 44 2163.187700 3.899E-27 6.985E+01.08920.111 2499.04550.71-.001251        2 0 0 1        2 0 0 0                    R  4e     3655431810 5 3 3 3    99.0   81.0
 43 2163.191390 4.138E-26 9.359E+01.07450.094 2492.83150.73-.001723        0 4 0 1        0 4 0 0                    R 21e     3655431910 5 3 3 3   270.0  258.0
 43 2163.191430 3.001E-28 2.360E-01.06600.074 2464.92030.74-.002244        0 2 2 1        0 2 2 0                    Q 56f     3645431910 5 3 3 3   678.0  678.0
 41 2163.197770 4.485E-26 2.289E+02.09220.114 3368.97660.70-.001400        0 2 0 2        0 2 0 1                    P  3e     3655431410 5 3 3 3    45.0   63.0
 43 2163.202000 1.268E-22 1.014E+02.07250.090  891.42560.76-.002258        0 1 1 1        0 1 1 0                    P 27e     3655431815 5 3 3 3   318.0  330.0
 45 2163.204700 2.933E-24 9.671E+01.06590.074 1342.63950.73-.002176        0 0 0 1        0 0 0 0                    P 57e     3645431816 5 3 3 3  6102.0 6210.0
 41 2163.209790 7.780E-28 4.593E-04.07590.097 1926.74310.73-.001930        0 3 1 1        0 3 3 0                    Q 19e     3655431410 5 3 3 3   351.0  351.0
 41 2163.216490 2.087E-26 8.906E+01.07190.089 3839.95970.78-.001875        0 6 4 1        0 6 4 0                    R 28f     3655431410 5 3 3 3   531.0  513.0
 41 2163.216520 2.087E-26 8.906E+01.07190.089 3839.95980.78-.001875        0 6 4 1        0 6 4 0                    R 28e     3655431410 5 3 3 3   531.0  513.0
 42 2163.218200 1.007E-24 4.966E-01.07590.097  734.66930.73-.001930        0 1 1 1        0 1 1 0                    Q 19e     3655431815 5 3 3 3   234.0  234.0
 44 2163.223311 1.515E-27 8.471E+01.07650.098 2982.79280.73-.001628        0 5 1 1        0 5 1 0                    R 17e     3655431310 5 3 3 3   333.0  315.0
 43 2163.224120 2.974E-28 9.258E+01.06810.080 3646.22830.77-.002143        0 5 1 1        0 5 1 0                    R 43f     3655431910 5 3 3 3   534.0  522.0
 45 2163.226018 2.953E-28 7.910E+00.07590.097 2502.09010.73-.001930        0 4 4 1        0 4 4 0                    Q 19e     3655431310 5 3 3 3  2106.0 2106.0
 45 2163.226080 2.953E-28 7.910E+00.07590.097 2502.09020.73-.001930        0 4 4 1        0 4 4 0                    Q 19f     3655431310 5 3 3 3  2106.0 2106.0
 44 2163.226961 1.441E-28 1.502E+02.08800.110 3369.48050.71-.001286        0 2 2 2        0 2 2 1                    R  5f     3655431310 5 3 3 3   117.0   99.0
 44 2163.227013 1.441E-28 1.502E+02.08800.110 3369.48050.71-.001286        0 2 2 2        0 2 2 1                    R  5e     3655431310 5 3 3 3   117.0   99.0
 43 2163.227740 1.116E-27 2.286E-02.08570.108 1298.92610.71-.000548        0 6 0 0        1 0 0 0                    P  8e     3655431910 5 3 3 3    90.0  102.0
 43 2163.231120 2.134E-25 5.734E+01.08920.111 1764.70570.71-.001251        0 3 3 1        0 3 3 0                    R  4e     3655431910 5 3 3 3    66.0   54.0
 43 2163.231120 2.134E-25 5.734E+01.08920.111 1764.70570.71-.001251        0 3 3 1        0 3 3 0                    R  4f     3655431910 5 3 3 3    66.0   54.0
 44 2163.231418 1.333E-27 8.422E+01.07590.097 3018.71300.73-.001653        0 5 3 1        0 5 3 0                    R 18e     3655431310 5 3 3 3   351.0  333.0
 44 2163.231460 1.333E-27 8.422E+01.07590.097 3018.71310.73-.001653        0 5 3 1        0 5 3 0                    R 18f     3655431310 5 3 3 3   351.0  333.0
 42 2163.235723 1.004E-28 8.372E+01.06540.073 3918.07490.73-.002357        1 2 2 1        1 2 2 0                    R 59f     3645431310 5 3 3 3   726.0  714.0
 41 2163.237160 2.862E-26 8.968E+01.07250.090 3761.98180.76-.001833        0 6 0 1        0 6 0 0                    R 26e     3655431410 5 3 3 3   495.0  477.0
 45 2163.239504 1.305E-28 8.094E+01.07770.100 3114.25550.73-.001578        1 3 1 1        1 3 1 0                    R 15e     3655431310 5 3 3 3  1782.0 1674.0
 43 2163.239930 2.332E-28 1.717E+02.07250.090 3724.28320.76-.001833        1 0 0 2        1 0 0 1                    R 26e     3655431910 5 3 3 3   330.0  318.0
 41 2163.245260 1.420E-27 2.543E+00.07360.093 3623.14780.74-.002009        0 2 2 2        0 2 2 1                    Q 24e     3655431410 5 3 3 3   441.0  441.0
 41 2163.251820 7.697E-27 5.228E-01.06990.084 3031.97160.81-.002129        1 2 2 1        1 2 2 0                    Q 36f     3655431410 5 3 3 3   657.0  657.0
 43 2163.252890 6.262E-27 1.798E+02.08680.109 2789.57460.71-.001320        0 1 1 2        0 1 1 1                    R  6e     3655431910 5 3 3 3    90.0   78.0
 41 2163.252900 4.400E-25 7.523E+01.08090.104 3001.41570.72-.001471        0 5 5 1        0 5 5 0                    R 11e     3655431410 5 3 3 3   225.0  207.0
 41 2163.252900 4.400E-25 7.523E+01.08090.104 3001.41570.72-.001471        0 5 5 1        0 5 5 0                    R 11f     3655431410 5 3 3 3   225.0  207.0
 45 2163.257247 6.677E-26 9.626E+01.07650.098 1878.68540.73-.002193        0 3 1 1        0 3 1 0                    P 18f     3655431310 5 3 3 3  1890.0 1998.0
 44 2163.258400 3.665E-25 9.390E+01.07830.101 1824.68260.72-.002135        0 3 1 1        0 3 1 0                    P 15f     3655431810 5 3 3 3   261.0  279.0
 41 2163.259840 1.500E-24 8.999E+01.08920.111 2575.80750.71-.001612        2 0 0 1        2 0 0 0                    P  5e     3655431410 5 3 3 3    81.0   99.0
 43 2163.259900 1.029E-26 8.120E+01.07330.092 2775.56830.74-.001790        2 0 0 1        2 0 0 0                    R 24e     3655431810 5 3 3 3   306.0  294.0
 43 2163.262400 6.261E-27 1.798E+02.08680.109 2789.60520.71-.001320        0 1 1 2        0 1 1 1                    R  6f     3655431910 5 3 3 3    90.0   78.0
 42 2163.264670 3.577E-28 9.002E+01.06570.073 3664.58310.73-.002334        0 4 0 1        0 4 0 0                    R 57e     3645431310 5 3 3 3   702.0  690.0
 45 2163.272381 3.533E-26 8.971E+01.07700.099 1983.03700.73-.002177        1 1 1 1        1 1 1 0                    P 17f     3655431310 5 3 3 3  1782.0 1890.0
 41 2163.274960 4.688E-28 2.616E-04.07830.101 1867.86370.72-.001843        0 3 1 1        0 3 3 0                    Q 15f     3655431410 5 3 3 3   279.0  279.0
 44 2163.276477 1.510E-27 8.468E+01.07650.098 2983.35850.73-.001628        0 5 1 1        0 5 1 0                    R 17f     3655431310 5 3 3 3   333.0  315.0
 41 2163.277170 2.152E-28 1.812E+02.07040.086 4959.29710.81-.001972        0 4 0 2        0 4 0 1                    R 33e     3555431410 5 3 3 3   621.0  603.0
 45 2163.277206 1.302E-28 8.092E+01.07770.100 3114.61720.73-.001578        1 3 1 1        1 3 1 0                    R 15f     3655431310 5 3 3 3  1782.0 1674.0
 41 2163.283610 1.518E-22 9.730E+01.07540.096 1943.56470.73-.002219        0 3 3 1        0 3 3 0                    P 20f     3655431410 5 3 3 3   351.0  369.0
 41 2163.283640 1.518E-22 9.730E+01.07540.096 1943.56460.73-.002219        0 3 3 1        0 3 3 0                    P 20e     3655431410 5 3 3 3   351.0  369.0
 41 2163.287240 2.544E-25 7.894E+01.08090.104 3124.04050.72-.001471        1 3 3 1        1 3 3 0                    R 11e     3655431410 5 3 3 3   225.0  207.0
 41 2163.287250 2.544E-25 7.894E+01.08090.104 3124.04050.72-.001471        1 3 3 1        1 3 3 0                    R 11f     3655431410 5 3 3 3   225.0  207.0
 41 2163.288240 1.419E-27 2.542E+00.07360.093 3623.12640.74-.002009        0 2 2 2        0 2 2 1                    Q 24f     3655431410 5 3 3 3   441.0  441.0
 42 2163.288920 1.943E-27 1.840E+02.06890.082 3387.85240.79-.002079        0 1 1 2        0 1 1 1                    R 39e     3655431910 5 3 3 3   486.0  474.0
 44 2163.301300 3.670E-25 9.389E+01.07830.101 1824.37400.72-.002135        0 3 1 1        0 3 1 0                    P 15e     3655431810 5 3 3 3   261.0  279.0
 45 2163.303408 1.135E-28 8.074E+01.07700.099 3154.53710.73-.001603        1 3 3 1        1 3 3 0                    R 16f     3655431310 5 3 3 3  1890.0 1782.0
 45 2163.303522 1.135E-28 8.074E+01.07700.099 3154.53710.73-.001603        1 3 3 1        1 3 3 0                    R 16e     3655431310 5 3 3 3  1890.0 1782.0
 41 2163.304210 6.999E-26 2.413E+00.07010.085 2886.69870.81-.002121        0 4 4 1        0 4 4 0                    Q 35e     3655431410 5 3 3 3   639.0  639.0
 41 2163.304390 6.999E-26 2.413E+00.07010.085 2886.69860.81-.002121        0 4 4 1        0 4 4 0                    Q 35f     3655431410 5 3 3 3   639.0  639.0
 42 2163.304800 1.921E-24 9.016E-01.07910.102  663.60870.72-.001817        0 1 1 1        0 1 1 0                    Q 14f     3655431815 5 3 3 3   174.0  174.0
 41 2163.306260 1.107E-26 4.894E-01.06940.083 2954.61420.80-.002143        0 4 2 1        0 4 2 0                    Q 38e     3655431410 5 3 3 3   693.0  693.0
 43 2163.306600 2.772E-25 8.133E+01.09060.112 1741.51270.70-.001214        0 3 1 1        0 3 1 0                    R  3e     3655431810 5 3 3 3    54.0   42.0
 45 2163.308695 3.537E-26 8.970E+01.07700.099 1982.76520.73-.002177        1 1 1 1        1 1 1 0                    P 17e     3655431310 5 3 3 3  1782.0 1890.0
 42 2163.312900 1.147E-24 5.520E-01.07650.098  718.74800.73-.001911        0 1 1 1        0 1 1 0                    Q 18e     3655431815 5 3 3 3   222.0  222.0
 45 2163.314694 6.691E-26 9.625E+01.07650.098 1878.21190.73-.002193        0 3 1 1        0 3 1 0                    P 18e     3655431310 5 3 3 3  1890.0 1998.0
 43 2163.317700 2.772E-25 8.133E+01.09060.112 1741.52950.70-.001214        0 3 1 1        0 3 1 0                    R  3f     3655431810 5 3 3 3    54.0   42.0
 41 2163.319330 2.839E-25 8.201E+01.08200.105 3092.16380.72-.001443        1 3 1 1        1 3 1 0                    R 10e     3655431410 5 3 3 3   207.0  189.0
 42 2163.322800 1.253E-23 9.021E+01.07770.100 1251.82880.73-.001578        0 2 2 1        0 2 2 0                    R 15f     3655431810 5 3 3 3   198.0  186.0
 41 2163.323010 7.135E-28 4.109E-04.07650.098 1910.76210.73-.001911        0 3 1 1        0 3 3 0                    Q 18e     3655431410 5 3 3 3   333.0  333.0
 42 2163.324700 1.253E-23 9.021E+01.07770.100 1251.83320.73-.001578        0 2 2 1        0 2 2 0                    R 15e     3655431810 5 3 3 3   198.0  186.0
 41 2163.326990 9.179E-27 5.541E-01.07010.085 3001.95000.81-.002121        1 2 2 1        1 2 2 0                    Q 35e     3655431410 5 3 3 3   639.0  639.0
 42 2163.327860 1.931E-27 1.840E+02.06890.082 3389.08890.79-.002079        0 1 1 2        0 1 1 1                    R 39f     3655431910 5 3 3 3   486.0  474.0
 44 2163.336133 1.693E-28 1.654E+02.08800.110 3356.19660.71-.001286        0 2 0 2        0 2 0 1                    R  5e     3655431310 5 3 3 3   117.0   99.0
 44 2163.336618 3.783E-27 7.039E+01.09220.114 2413.87440.70-.001175        1 2 0 1        1 2 0 0                    R  2e     3655431310 5 3 3 3    63.0   45.0
 41 2163.339840 6.794E-27 8.383E+01.07090.087 4078.30160.81-.001934        1 4 4 1        1 4 4 0                    R 31e     3555431410 5 3 3 3   585.0  567.0
 41 2163.339840 6.794E-27 8.383E+01.07090.087 4078.30160.81-.001934        1 4 4 1        1 4 4 0                    R 31f     3555431410 5 3 3 3   585.0  567.0
 45 2163.346925 3.358E-28 8.793E+00.07650.098 2486.55980.73-.001911        0 4 4 1        0 4 4 0                    Q 18e     3655431310 5 3 3 3  1998.0 1998.0
 45 2163.346988 3.358E-28 8.793E+00.07650.098 2486.55980.73-.001911        0 4 4 1        0 4 4 0                    Q 18f     3655431310 5 3 3 3  1998.0 1998.0
 41 2163.349060 2.836E-25 8.200E+01.08200.105 3092.34160.72-.001443        1 3 1 1        1 3 1 0                    R 10f     3655431410 5 3 3 3   207.0  189.0
 41 2163.364560 2.187E-24 1.989E+02.07650.098 2940.73090.73-.002193        0 1 1 2        0 1 1 1                    P 18f     3655431410 5 3 3 3   315.0  333.0
 41 2163.396700 2.190E-24 1.989E+02.07650.098 2940.46540.73-.002193        0 1 1 2        0 1 1 1                    P 18e     3655431410 5 3 3 3   315.0  333.0
 42 2163.402400 1.306E-24 6.173E-01.07700.099  703.66430.73-.001890        0 1 1 1        0 1 1 0                    Q 17e     3655431815 5 3 3 3   210.0  210.0
 41 2163.402580 6.180E-27 4.131E-01.06870.081 3055.05270.78-.002164        0 4 2 1        0 4 2 0                    Q 41f     3655431410 5 3 3 3   747.0  747.0
 43 2163.403220 4.347E-28 1.892E+02.07250.090 3616.13200.76-.001833        0 2 0 2        0 2 0 1                    R 26e     3655431910 5 3 3 3   330.0  318.0
 41 2163.407760 4.084E-28 2.291E-04.07910.102 1855.24590.72-.001817        0 3 1 1        0 3 3 0                    Q 14f     3655431410 5 3 3 3   261.0  261.0
 41 2163.410130 1.442E-28 5.014E-03.07120.088 2863.88120.80-.000941        1 6 2 0        1 2 2 0                    R 30f     3655431410 5 3 3 3   567.0  549.0
 41 2163.410850 2.120E-24 8.278E+01.08920.111 2487.35450.71-.001612        1 2 2 1        1 2 2 0                    P  5e     3655431410 5 3 3 3    81.0   99.0
 41 2163.410860 1.632E-27 2.767E+00.07410.094 3603.15050.73-.001995        0 2 2 2        0 2 2 1                    Q 23e     3655431410 5 3 3 3   423.0  423.0
 41 2163.410880 2.120E-24 8.278E+01.08920.111 2487.35440.71-.001612        1 2 2 1        1 2 2 0                    P  5f     3655431410 5 3 3 3    81.0   99.0
 44 2163.416612 3.929E-27 1.924E+02.08200.105 2838.92610.72-.002003        0 1 1 2        0 1 1 1                    P 11f     3655431310 5 3 3 3   189.0  207.0
 41 2163.417420 2.327E-26 2.095E+02.09220.114 3485.78460.70-.001400        1 0 0 2        1 0 0 1                    P  3e     3655431410 5 3 3 3    45.0   63.0
 42 2163.419400 2.185E-24 1.040E+00.07990.103  651.85290.72-.001788        0 1 1 1        0 1 1 0                    Q 13f     3655431815 5 3 3 3   162.0  162.0
 44 2163.422900 3.320E-24 9.545E+01.07190.089 1513.67650.78-.002259        0 2 2 1        0 2 2 0                    P 29e     3655431810 5 3 3 3   513.0  531.0
 41 2163.423840 5.658E-24 9.217E+01.08800.110 2348.79360.71-.001699        0 4 2 1        0 4 2 0                    P  6e     3655431410 5 3 3 3    99.0  117.0
 41 2163.424000 5.658E-24 9.217E+01.08800.110 2348.79330.71-.001699        0 4 2 1        0 4 2 0                    P  6f     3655431410 5 3 3 3    99.0  117.0
 42 2163.424600 1.181E-25 8.483E+01.07010.085 2356.49500.81-.001991        1 1 1 1        1 1 1 0                    R 34e     3655431810 5 3 3 3   426.0  414.0
 44 2163.426400 3.320E-24 9.545E+01.07190.089 1513.65390.78-.002259        0 2 2 1        0 2 2 0                    P 29f     3655431810 5 3 3 3   513.0  531.0
 45 2163.427008 1.327E-27 1.105E+02.09220.114 2312.89210.70-.001400        0 4 0 1        0 4 0 0                    P  3e     3655431310 5 3 3 3   270.0  378.0
 41 2163.430130 6.459E-28 3.654E-04.07700.099 1895.62190.73-.001890        0 3 1 1        0 3 3 0                    Q 17e     3655431410 5 3 3 3   315.0  315.0
 44 2163.432830 3.930E-27 1.924E+02.08200.105 2838.83360.72-.002003        0 1 1 2        0 1 1 1                    P 11e     3655431310 5 3 3 3   189.0  207.0
 41 2163.434650 4.575E-27 1.669E+02.07830.101 4148.92240.72-.001552        1 1 1 2        1 1 1 1                    R 14e     3555431410 5 3 3 3   279.0  261.0
 45 2163.436226 6.037E-26 9.506E+01.07700.099 1884.68150.73-.002177        0 3 3 1        0 3 3 0                    P 17f     3655431310 5 3 3 3  1782.0 1890.0
 45 2163.436349 6.037E-26 9.506E+01.07700.099 1884.68140.73-.002177        0 3 3 1        0 3 3 0                    P 17e     3655431310 5 3 3 3  1782.0 1890.0
 43 2163.443970 3.772E-26 9.341E+01.07410.094 2520.33580.73-.001746        0 4 2 1        0 4 2 0                    R 22f     3655431910 5 3 3 3   282.0  270.0
 42 2163.444100 2.124E-25 9.124E+01.06990.084 2256.41990.81-.002009        0 3 3 1        0 3 3 0                    R 35e     3655431910 5 3 3 3   438.0  426.0
 42 2163.445970 2.123E-25 9.123E+01.06990.084 2256.42810.81-.002009        0 3 3 1        0 3 3 0                    R 35f     3655431910 5 3 3 3   438.0  426.0
 42 2163.446200 2.556E-25 9.143E+01.07010.085 2212.98970.81-.001991        0 3 1 1        0 3 1 0                    R 34e     3655431910 5 3 3 3   426.0  414.0
 41 2163.446630 9.943E-27 8.308E+01.07150.088 3985.00470.79-.001895        1 4 0 1        1 4 0 0                    R 29e     3655431410 5 3 3 3   549.0  531.0
 41 2163.447290 1.632E-27 2.766E+00.07410.094 3603.13240.73-.001995        0 2 2 2        0 2 2 1                    Q 23f     3655431410 5 3 3 3   423.0  423.0
 43 2163.449200 1.839E-26 8.721E+01.07360.093 2662.60000.74-.001768        1 2 0 1        1 2 0 0                    R 23e     3655431810 5 3 3 3   294.0  282.0
 43 2163.450860 3.771E-26 9.340E+01.07410.094 2520.37210.73-.001746        0 4 2 1        0 4 2 0                    R 22e     3655431910 5 3 3 3   282.0  270.0
 42 2163.453700 3.220E-21 9.777E+01.07770.100  113.95000.73-.002157        0 0 0 1        0 0 0 0                    P 16e     3655431816 5 3 3 3   186.0  198.0
 44 2163.454302 3.437E-28 7.512E+01.07330.092 3329.18040.74-.001790        2 1 1 1        2 1 1 0                    R 24e     3655431310 5 3 3 3   459.0  441.0
 41 2163.455890 4.570E-27 1.668E+02.07830.101 4149.10830.72-.001552        1 1 1 2        1 1 1 1                    R 14f     3555431410 5 3 3 3   279.0  261.0
 42 2163.456800 1.174E-25 8.482E+01.07010.085 2357.55860.81-.001991        1 1 1 1        1 1 1 0                    R 34f     3655431810 5 3 3 3   426.0  414.0
 43 2163.457900 1.769E-25 7.962E+01.08920.111 1870.83680.71-.001251        1 1 1 1        1 1 1 0                    R  4e     3655431810 5 3 3 3    66.0   54.0
 45 2163.461472 3.815E-28 9.831E+00.07700.099 2471.84650.73-.001890        0 4 4 1        0 4 4 0                    Q 17e     3655431310 5 3 3 3  1890.0 1890.0
 45 2163.461534 3.815E-28 9.831E+00.07700.099 2471.84650.73-.001890        0 4 4 1        0 4 4 0                    Q 17f     3655431310 5 3 3 3  1890.0 1890.0
 43 2163.465700 1.768E-25 7.962E+01.08920.111 1870.85420.71-.001251        1 1 1 1        1 1 1 0                    R  4f     3655431810 5 3 3 3    66.0   54.0
 42 2163.472259 2.758E-28 9.008E+01.06560.073 3721.68280.73-.002345        0 4 2 1        0 4 2 0                    R 58f     3645431310 5 3 3 3   714.0  702.0
 44 2163.474374 6.829E-28 7.891E+01.07450.094 3172.32650.73-.001723        1 3 1 1        1 3 1 0                    R 21e     3655431310 5 3 3 3   405.0  387.0
 43 2163.482300 6.136E-28 2.668E-01.06650.076 2331.67770.74-.002230        0 2 2 1        0 2 2 0                    Q 53e     3645431810 5 3 3 3   642.0  642.0
 42 2163.482600 1.685E-25 1.844E+02.07590.097 2319.78990.73-.001653        0 0 0 2        0 0 0 1                    R 18e     3655431810 5 3 3 3   234.0  222.0
 41 2163.484580 3.766E-27 7.671E+01.07070.086 4187.63350.81-.001953        2 2 0 1        2 2 0 0                    R 32e     3555431410 5 3 3 3   603.0  585.0
 41 2163.485950 9.173E-27 5.536E-01.07010.085 3001.87000.81-.002121        1 2 2 1        1 2 2 0                    Q 35f     3655431410 5 3 3 3   639.0  639.0
 42 2163.487200 1.485E-24 6.948E-01.07770.100  689.41810.73-.001868        0 1 1 1        0 1 1 0                    Q 16e     3655431815 5 3 3 3   198.0  198.0
 44 2163.492799 1.034E-27 8.407E+01.07490.095 3090.67200.73-.001700        0 5 5 1        0 5 5 0                    R 20e     3655431310 5 3 3 3   387.0  369.0
 44 2163.492849 1.034E-27 8.407E+01.07490.095 3090.67200.73-.001700        0 5 5 1        0 5 5 0                    R 20f     3655431310 5 3 3 3   387.0  369.0
 44 2163.498204 3.427E-28 7.513E+01.07330.092 3329.84740.74-.001790        2 1 1 1        2 1 1 0                    R 24f     3655431310 5 3 3 3   459.0  441.0
 44 2163.502662 1.264E-28 1.542E+02.08570.108 3456.86410.71-.001352        1 0 0 2        1 0 0 1                    R  7e     3655431310 5 3 3 3   153.0  135.0
 43 2163.504135 2.024E-28 9.306E+01.06770.079 3735.51150.76-.002174        0 5 3 1        0 5 3 0                    R 45e     3655431310 5 3 3 3   558.0  546.0
 41 2163.509280 1.597E-25 7.709E+01.07990.103 3230.72130.72-.001499        2 1 1 1        2 1 1 0                    R 12e     3655431410 5 3 3 3   243.0  225.0
 43 2163.510526 2.023E-28 9.305E+01.06770.079 3735.55470.76-.002174        0 5 3 1        0 5 3 0                    R 45f     3655431310 5 3 3 3   558.0  546.0
 42 2163.512250 2.532E-25 9.140E+01.07010.085 2214.83920.81-.001991        0 3 1 1        0 3 1 0                    R 34f     3655431910 5 3 3 3   426.0  414.0
 41 2163.515560 1.854E-28 1.814E+02.07010.085 4996.18500.81-.001991        0 4 2 2        0 4 2 1                    R 34f     3555431410 5 3 3 3   639.0  621.0
 44 2163.518383 6.805E-28 7.888E+01.07450.094 3172.97540.73-.001723        1 3 1 1        1 3 1 0                    R 21f     3655431310 5 3 3 3   405.0  387.0
 41 2163.518570 1.104E-28 8.842E+01.06720.077 5023.40410.75-.002979        1 5 1 1        0 7 1 0                    R 48e     3555431410 5 3 3 3   891.0  873.0
 43 2163.520710 1.630E-26 8.791E+01.07330.092 2697.26510.74-.001790        1 2 2 1        1 2 2 0                    R 24f     3655431910 5 3 3 3   306.0  294.0
 43 2163.522650 1.630E-26 8.790E+01.07330.092 2697.27890.74-.001790        1 2 2 1        1 2 2 0                    R 24e     3655431910 5 3 3 3   306.0  294.0
 42 2163.523135 1.595E-28 9.027E+01.06530.072 3841.60030.72-.002368        0 4 4 1        0 4 4 0                    R 60f     3645431310 5 3 3 3   738.0  726.0
 42 2163.525800 2.489E-24 1.214E+00.08090.104  640.93660.72-.001757        0 1 1 1        0 1 1 0                    Q 12f     3655431815 5 3 3 3   150.0  150.0
 42 2163.526601 1.595E-28 9.027E+01.06530.072 3841.61820.72-.002368        0 4 4 1        0 4 4 0                    R 60e     3645431310 5 3 3 3   738.0  726.0
 41 2163.531160 5.764E-28 3.226E-04.07770.100 1881.32240.73-.001868        0 3 1 1        0 3 3 0                    Q 16e     3655431410 5 3 3 3   297.0  297.0
 41 2163.531200 1.596E-25 7.709E+01.07990.103 3230.88900.72-.001499        2 1 1 1        2 1 1 0                    R 12f     3655431410 5 3 3 3   243.0  225.0
 41 2163.531630 3.490E-28 1.987E-04.07990.103 1843.46890.72-.001788        0 3 1 1        0 3 3 0                    Q 13f     3655431410 5 3 3 3   243.0  243.0
 43 2163.533530 3.819E-28 2.454E-01.06620.075 2419.57230.74-.002240        0 2 2 1        0 2 2 0                    Q 55f     3645431910 5 3 3 3   666.0  666.0
 41 2163.534620 8.317E-26 2.557E+00.07040.086 2857.24360.81-.002113        0 4 4 1        0 4 4 0                    Q 34e     3655431410 5 3 3 3   621.0  621.0
 41 2163.534760 8.317E-26 2.557E+00.07040.086 2857.24350.81-.002113        0 4 4 1        0 4 4 0                    Q 34f     3655431410 5 3 3 3   621.0  621.0
 42 2163.538758 1.046E-28 8.321E+01.06540.073 3908.13850.73-.002357        1 2 0 1        1 2 0 0                    R 59e     3645431310 5 3 3 3   726.0  714.0
 41 2163.543060 1.015E-21 9.894E+01.07040.086 1667.49040.81-.002253        0 2 0 1        0 2 0 0                    P 34e     3655431410 5 3 3 3   603.0  621.0
 41 2163.546660 1.851E-28 1.814E+02.07010.085 4996.43680.81-.001991        0 4 2 2        0 4 2 1                    R 34e     3555431410 5 3 3 3   639.0  621.0
 42 2163.550000 6.269E-24 8.447E+01.07830.101 1367.94310.72-.001552        1 0 0 1        1 0 0 0                    R 14e     3655431810 5 3 3 3   186.0  174.0
 41 2163.554990 1.316E-26 8.882E+01.07090.087 3954.06230.81-.001934        0 6 6 1        0 6 6 0                    R 31e     3655431410 5 3 3 3   585.0  567.0
 41 2163.554990 1.316E-26 8.882E+01.07090.087 3954.06230.81-.001934        0 6 6 1        0 6 6 0                    R 31f     3655431410 5 3 3 3   585.0  567.0
 41 2163.565330 2.312E-28 5.241E-02.06520.072 3390.46120.72-.002269        0 3 1 1        0 3 1 0                    Q 62f     3645431410 5 3 3 3  1125.0 1125.0
 42 2163.566800 1.689E-24 7.877E-01.07830.101  676.00950.72-.001843        0 1 1 1        0 1 1 0                    Q 15e     3655431815 5 3 3 3   186.0  186.0
 41 2163.569310 1.873E-27 3.020E+00.07450.094 3583.98600.73-.001980        0 2 2 2        0 2 2 1                    Q 22e     3655431410 5 3 3 3   405.0  405.0
 45 2163.569663 4.330E-28 1.106E+01.07770.100 2457.95010.73-.001868        0 4 4 1        0 4 4 0                    Q 16e     3655431310 5 3 3 3  1782.0 1782.0
 45 2163.569713 4.330E-28 1.106E+01.07770.100 2457.95010.73-.001868        0 4 4 1        0 4 4 0                    Q 16f     3655431310 5 3 3 3  1782.0 1782.0
 41 2163.571750 1.090E-26 5.875E-01.07040.086 2972.67440.81-.002113        1 2 2 1        1 2 2 0                    Q 34e     3655431410 5 3 3 3   621.0  621.0
 41 2163.577340 2.536E-26 8.910E+01.07220.090 3792.81480.77-.001854        0 6 2 1        0 6 2 0                    R 27f     3655431410 5 3 3 3   513.0  495.0
 44 2163.579100 2.257E-24 8.709E+01.07220.090 1566.80460.77-.002259        1 0 0 1        1 0 0 0                    P 28e     3655431810 5 3 3 3   495.0  513.0
 41 2163.579580 1.069E-28 8.830E+01.06720.077 5029.75400.75-.002979        1 5 1 1        0 7 1 0                    R 48f     3555431410 5 3 3 3   891.0  873.0
 42 2163.581385 2.724E-28 9.001E+01.06560.073 3724.03840.73-.002345        0 4 2 1        0 4 2 0                    R 58e     3645431310 5 3 3 3   714.0  702.0
 41 2163.592840 1.332E-26 5.180E-01.06960.084 2922.64650.80-.002136        0 4 2 1        0 4 2 0                    Q 37e     3655431410 5 3 3 3   675.0  675.0
 43 2163.595430 3.863E-28 1.898E+02.07220.090 3648.43540.77-.001854        0 2 2 2        0 2 2 1                    R 27f     3655431910 5 3 3 3   342.0  330.0
 43 2163.597900 1.118E-23 1.034E+02.08090.104 1223.25750.72-.002043        0 2 0 1        0 2 0 0                    P 12e     3655431810 5 3 3 3   138.0  150.0
 43 2163.597960 3.862E-28 1.898E+02.07220.090 3648.46270.77-.001854        0 2 2 2        0 2 2 1                    R 27e     3655431910 5 3 3 3   342.0  330.0
 44 2163.598153 3.163E-25 9.237E+01.07910.102 1836.80590.72-.002108        0 3 3 1        0 3 3 0                    P 14e     3655431310 5 3 3 3   243.0  261.0
 44 2163.598314 3.163E-25 9.237E+01.07910.102 1836.80580.72-.002108        0 3 3 1        0 3 3 0                    P 14f     3655431310 5 3 3 3   243.0  261.0
 41 2163.599970 1.872E-27 3.020E+00.07450.094 3583.97070.73-.001980        0 2 2 2        0 2 2 1                    Q 22f     3655431410 5 3 3 3   405.0  405.0
 41 2163.603950 2.544E-26 8.950E+01.07220.090 3793.02870.77-.001854        0 6 2 1        0 6 2 0                    R 27e     3655431410 5 3 3 3   513.0  495.0
 43 2163.604613 2.952E-26 9.299E+01.07330.092 2586.65580.74-.001790        0 4 4 1        0 4 4 0                    R 24e     3655431310 5 3 3 3   306.0  294.0
 43 2163.604613 2.952E-26 9.299E+01.07330.092 2586.65580.74-.001790        0 4 4 1        0 4 4 0                    R 24f     3655431310 5 3 3 3   306.0  294.0
 45 2163.608487 2.691E-28 8.698E+01.07910.102 2953.41940.72-.001526        0 5 1 1        0 5 1 0                    R 13e     3655431310 5 3 3 3  1566.0 1458.0
 41 2163.617060 1.524E-23 1.991E+02.07090.087 2662.39190.81-.002257        0 0 0 2        0 0 0 1                    P 32e     3655431410 5 3 3 3   567.0  585.0
 44 2163.619800 1.942E-25 8.822E+01.07990.103 1911.86100.72-.002078        1 1 1 1        1 1 1 0                    P 13f     3655431810 5 3 3 3   225.0  243.0
 45 2163.619889 2.424E-28 8.493E+01.07830.101 2983.72590.72-.001552        0 5 3 1        0 5 3 0                    R 14f     3655431310 5 3 3 3  1674.0 1566.0
 45 2163.619995 2.424E-28 8.493E+01.07830.101 2983.72580.72-.001552        0 5 3 1        0 5 3 0                    R 14e     3655431310 5 3 3 3  1674.0 1566.0
 42 2163.624000 2.842E-24 1.435E+00.08200.105  630.85980.72-.001723        0 1 1 1        0 1 1 0                    Q 11f     3655431815 5 3 3 3   138.0  138.0
 41 2163.626150 5.063E-28 2.826E-04.07830.101 1867.86370.72-.001843        0 3 1 1        0 3 3 0                    Q 15e     3655431410 5 3 3 3   279.0  279.0
 41 2163.627400 3.275E-27 1.022E-03.06920.083 1935.40170.79-.000495        0 6 2 0        1 0 0 0                    P 39e     3655431410 5 3 3 3   693.0  711.0
 41 2163.628940 7.524E-27 4.360E-01.06890.082 3020.60860.79-.002157        0 4 2 1        0 4 2 0                    Q 40f     3655431410 5 3 3 3   729.0  729.0
 41 2163.630270 1.672E-27 7.154E+01.06990.084 4357.98730.81-.002009        3 0 0 1        3 0 0 0                    R 35e     3555431410 5 3 3 3   657.0  639.0
 43 2163.634100 6.089E-24 9.591E+01.08090.104 1332.79720.72-.002043        1 0 0 1        1 0 0 0                    P 12e     3655431810 5 3 3 3   138.0  150.0
 41 2163.635630 1.735E-27 5.574E-04.06830.080 1961.75070.78-.002225        0 2 2 1        0 2 0 0                    P 43e     3655431410 5 3 3 3   765.0  783.0
 43 2163.638060 1.044E-28 9.383E+01.06720.077 3886.19080.75-.002217        0 5 5 1        0 5 5 0                    R 48e     3655431310 5 3 3 3   594.0  582.0
 43 2163.638071 1.044E-28 9.383E+01.06720.077 3886.19080.75-.002217        0 5 5 1        0 5 5 0                    R 48f     3655431310 5 3 3 3   594.0  582.0
 42 2163.641500 1.920E-24 9.006E-01.07910.102  663.43870.72-.001817        0 1 1 1        0 1 1 0                    Q 14e     3655431815 5 3 3 3   174.0  174.0
 44 2163.644700 1.943E-25 8.820E+01.07990.103 1911.70250.72-.002078        1 1 1 1        1 1 1 0                    P 13e     3655431810 5 3 3 3   225.0  243.0
 41 2163.646580 2.911E-28 1.697E-04.08090.104 1832.53300.72-.001757        0 3 1 1        0 3 3 0                    Q 12f     3655431410 5 3 3 3   225.0  225.0
 41 2163.647200 1.308E-28 1.822E+02.06960.084 5080.06090.80-.002027        0 4 4 2        0 4 4 1                    R 36f     3555431410 5 3 3 3   675.0  657.0
 41 2163.647240 1.308E-28 1.822E+02.06960.084 5080.06100.80-.002027        0 4 4 2        0 4 4 1                    R 36e     3555431410 5 3 3 3   675.0  657.0
 45 2163.655704 2.686E-28 8.696E+01.07910.102 2953.78430.72-.001526        0 5 1 1        0 5 1 0                    R 13f     3655431310 5 3 3 3  1566.0 1458.0
 44 2163.661802 2.449E-27 5.940E+01.09620.119 2294.01730.69-.001089        0 4 0 1        0 4 0 0                    R  0e     3655431310 5 3 3 3    27.0    9.0
 43 2163.668500 1.299E-25 2.094E+02.08330.106 2245.76800.72-.001957        0 0 0 2        0 0 0 1                    P 10e     3655431810 5 3 3 3   114.0  126.0
 45 2163.671479 4.914E-28 1.254E+01.07830.101 2444.87090.72-.001843        0 4 4 1        0 4 4 0                    Q 15e     3655431310 5 3 3 3  1674.0 1674.0
 45 2163.671542 4.914E-28 1.254E+01.07830.101 2444.87090.72-.001843        0 4 4 1        0 4 4 0                    Q 15f     3655431310 5 3 3 3  1674.0 1674.0
 42 2163.677000 1.313E-23 9.147E+01.07770.100 1245.09830.73-.001578        0 2 0 1        0 2 0 0                    R 15e     3655431810 5 3 3 3   198.0  186.0
 41 2163.677560 5.394E-22 9.142E+01.07040.086 1781.19270.81-.002253        1 0 0 1        1 0 0 0                    P 34e     3655431410 5 3 3 3   603.0  621.0
 41 2163.677950 8.274E-23 9.159E+01.07540.096 2055.95210.73-.002219        1 1 1 1        1 1 1 0                    P 20f     3655431410 5 3 3 3   351.0  369.0
 43 2163.678800 2.581E-28 9.180E+01.06790.079 3678.11170.77-.002159        0 5 1 1        0 5 1 0                    R 44e     3655431910 5 3 3 3   546.0  534.0
 41 2163.685060 3.158E-27 7.818E+01.07040.086 4233.77150.81-.001972        2 2 2 1        2 2 2 0                    R 33f     3555431410 5 3 3 3   621.0  603.0
 41 2163.688500 3.156E-27 7.816E+01.07040.086 4233.82120.81-.001972        2 2 2 1        2 2 2 0                    R 33e     3555431410 5 3 3 3   621.0  603.0
 42 2163.693069 2.874E-28 9.005E+01.06560.073 3713.13560.73-.002345        0 4 0 1        0 4 0 0                    R 58e     3645431310 5 3 3 3   714.0  702.0
 42 2163.711300 2.184E-24 1.040E+00.07990.103  651.70560.72-.001788        0 1 1 1        0 1 1 0                    Q 13e     3655431815 5 3 3 3   162.0  162.0
 41 2163.714020 1.090E-26 5.871E-01.07040.086 2972.60280.81-.002113        1 2 2 1        1 2 2 0                    Q 34f     3655431410 5 3 3 3   621.0  621.0
 42 2163.714100 3.258E-24 1.723E+00.08330.106  621.62250.72-.001685        0 1 1 1        0 1 1 0                    Q 10f     3655431815 5 3 3 3   126.0  126.0
 41 2163.715080 4.373E-28 2.454E-04.07910.102 1855.24580.72-.001817        0 3 1 1        0 3 3 0                    Q 14e     3655431410 5 3 3 3   261.0  261.0
 41 2163.718170 8.643E-27 8.336E+01.07120.088 4021.10680.80-.001915        1 4 2 1        1 4 2 0                    R 30f     3555431410 5 3 3 3   567.0  549.0
 45 2163.718200 3.027E-25 8.926E+01.07120.088 1666.35970.80-.002258        1 0 0 1        1 0 0 0                    P 31e     3655431810 5 3 3 3  3294.0 3402.0
 41 2163.719090 6.221E-26 4.546E-03.07360.093 1535.19430.74-.000620        0 6 0 0        1 0 0 0                    P 24e     3655431410 5 3 3 3   423.0  441.0
 41 2163.720660 2.144E-27 3.310E+00.07490.095 3565.65410.73-.001965        0 2 2 2        0 2 2 1                    Q 21e     3655431410 5 3 3 3   387.0  387.0
 45 2163.721751 1.138E-28 5.251E+00.08200.105 2505.34040.72-.001723        1 2 2 1        1 2 2 0                    Q 11e     3655431310 5 3 3 3  1242.0 1242.0
 44 2163.721900 2.670E-23 9.488E+01.06620.075 1216.87780.74-.002182        0 0 0 1        0 0 0 0                    P 55e     3645431816 5 3 3 3   981.0  999.0
 45 2163.722997 1.138E-28 5.251E+00.08200.105 2505.33980.72-.001723        1 2 2 1        1 2 2 0                    Q 11f     3655431310 5 3 3 3  1242.0 1242.0
 41 2163.723450 8.287E-23 9.157E+01.07540.096 2055.57000.73-.002219        1 1 1 1        1 1 1 0                    P 20e     3655431410 5 3 3 3   351.0  369.0
 44 2163.725800 3.510E-24 9.434E+01.07190.089 1499.74710.78-.002259        0 2 0 1        0 2 0 0                    P 29e     3655431810 5 3 3 3   513.0  531.0
 45 2163.733302 1.974E-28 8.260E+01.07700.099 3045.28040.73-.001603        0 5 5 1        0 5 5 0                    R 16f     3655431310 5 3 3 3  1890.0 1782.0
 45 2163.733438 1.974E-28 8.260E+01.07700.099 3045.28030.73-.001603        0 5 5 1        0 5 5 0                    R 16e     3655431310 5 3 3 3  1890.0 1782.0
 41 2163.733450 8.636E-27 8.335E+01.07120.088 4021.24920.80-.001915        1 4 2 1        1 4 2 0                    R 30e     3555431410 5 3 3 3   567.0  549.0
 41 2163.735640 8.438E-27 1.774E+02.07770.100 4048.43570.73-.001578        0 3 3 2        0 3 3 1                    R 15e     3555431410 5 3 3 3   297.0  279.0
 41 2163.735660 8.438E-27 1.774E+02.07770.100 4048.43580.73-.001578        0 3 3 2        0 3 3 1                    R 15f     3555431410 5 3 3 3   297.0  279.0
 43 2163.744990 2.556E-28 9.263E+01.06790.079 3682.01990.77-.002159        0 5 1 1        0 5 1 0                    R 44f     3655431910 5 3 3 3   546.0  534.0
 41 2163.746250 2.144E-27 3.310E+00.07490.095 3565.64140.73-.001965        0 2 2 2        0 2 2 1                    Q 21f     3655431410 5 3 3 3   387.0  387.0
 41 2163.752210 2.375E-27 2.877E-03.08570.108 1903.64320.71-.000056        0 7 1 0        1 1 1 0                    R  7e     3655431410 5 3 3 3   153.0  135.0
 45 2163.752251 5.091E-25 9.738E+01.07120.088 1577.32530.80-.002258        0 2 2 1        0 2 2 0                    P 31e     3655431310 5 3 3 3  3294.0 3402.0
 41 2163.752620 2.374E-28 1.432E-04.08200.105 1822.43810.72-.001723        0 3 1 1        0 3 3 0                    Q 11f     3655431410 5 3 3 3   207.0  207.0
 41 2163.754670 4.420E-28 9.706E-03.07290.091 2733.69060.75-.000162        0 8 0 0        1 2 0 0                    R 25e     3655431410 5 3 3 3   477.0  459.0
 41 2163.756160 9.346E-27 1.810E+02.07830.101 4018.65360.72-.001552        0 3 1 2        0 3 1 1                    R 14e     3555431410 5 3 3 3   279.0  261.0
 45 2163.756978 5.092E-25 9.738E+01.07120.088 1577.28400.80-.002258        0 2 2 1        0 2 2 0                    P 31f     3655431310 5 3 3 3  3294.0 3402.0
 41 2163.758440 9.850E-26 2.715E+00.07070.086 2828.62840.81-.002104        0 4 4 1        0 4 4 0                    Q 33e     3655431410 5 3 3 3   603.0  603.0
 41 2163.758550 9.850E-26 2.715E+00.07070.086 2828.62840.81-.002104        0 4 4 1        0 4 4 0                    Q 33f     3655431410 5 3 3 3   603.0  603.0
 45 2163.764900 7.623E-27 1.952E+02.07190.089 2570.85350.78-.002259        0 0 0 2        0 0 0 1                    P 29e     3655431810 5 3 3 3  3078.0 3186.0
 45 2163.766939 5.578E-28 1.434E+01.07910.102 2432.60880.72-.001817        0 4 4 1        0 4 4 0                    Q 14e     3655431310 5 3 3 3  1566.0 1566.0
 45 2163.767000 5.578E-28 1.434E+01.07910.102 2432.60880.72-.001817        0 4 4 1        0 4 4 0                    Q 14f     3655431310 5 3 3 3  1566.0 1566.0
 45 2163.768741 2.242E-28 1.703E+02.09620.119 2436.53880.69-.001130        1 2 0 1        1 2 0 0                    P  1e     3655431310 5 3 3 3    54.0  162.0
 42 2163.776000 2.488E-24 1.214E+00.08090.104  640.81030.72-.001757        0 1 1 1        0 1 1 0                    Q 12e     3655431815 5 3 3 3   150.0  150.0
 41 2163.793530 9.330E-27 1.810E+02.07830.101 4018.96090.72-.001552        0 3 1 2        0 3 1 1                    R 14f     3555431410 5 3 3 3   279.0  261.0
 45 2163.793816 1.302E-28 6.303E+00.08330.106 2496.40170.72-.001685        1 2 2 1        1 2 2 0                    Q 10e     3655431310 5 3 3 3  1134.0 1134.0
 45 2163.794689 1.302E-28 6.303E+00.08330.106 2496.40140.72-.001685        1 2 2 1        1 2 2 0                    Q 10f     3655431310 5 3 3 3  1134.0 1134.0
 42 2163.796000 3.753E-24 2.106E+00.08460.107  613.22490.72-.001644        0 1 1 1        0 1 1 0                    Q  9f     3655431815 5 3 3 3   114.0  114.0
 41 2163.798000 3.703E-28 2.108E-04.07990.103 1843.46890.72-.001788        0 3 1 1        0 3 3 0                    Q 13e     3655431410 5 3 3 3   243.0  243.0
 41 2163.809120 1.291E-26 6.240E-01.07070.086 2944.23410.81-.002104        1 2 2 1        1 2 2 0                    Q 33e     3655431410 5 3 3 3   603.0  603.0
 41 2163.813630 5.946E-25 8.794E+01.08330.106 2935.59890.72-.001414        0 5 1 1        0 5 1 0                    R  9e     3655431410 5 3 3 3   189.0  171.0
 42 2163.814500 6.563E-28 6.795E-03.07290.091 1424.01160.75-.001812        0 2 0 1        0 2 2 0                    R 25e     3655431810 5 3 3 3   318.0  306.0
 41 2163.822530 6.613E-24 1.034E+02.08800.110 2340.23880.71-.001699        0 4 0 1        0 4 0 0                    P  6e     3655431410 5 3 3 3    99.0  117.0
 44 2163.823500 5.112E-26 1.910E+02.07290.091 2492.06350.75-.002256        0 0 0 2        0 0 0 1                    P 26e     3655431810 5 3 3 3   459.0  477.0
 44 2163.824324 5.718E-28 8.073E+01.07410.094 3222.43800.73-.001746        1 3 3 1        1 3 3 0                    R 22e     3655431310 5 3 3 3   423.0  405.0
 44 2163.824330 5.718E-28 8.073E+01.07410.094 3222.43810.73-.001746        1 3 3 1        1 3 3 0                    R 22f     3655431310 5 3 3 3   423.0  405.0
 42 2163.835700 2.841E-24 1.435E+00.08200.105  630.75290.72-.001723        0 1 1 1        0 1 1 0                    Q 11e     3655431815 5 3 3 3   138.0  138.0
 43 2163.846400 2.196E-28 1.733E+02.07220.090 3745.86670.77-.001854        1 0 0 2        1 0 0 1                    R 27e     3655431910 5 3 3 3   342.0  330.0
 42 2163.847310 1.695E-27 1.841E+02.06870.081 3421.07280.78-.002095        0 1 1 2        0 1 1 1                    R 40e     3655431910 5 3 3 3   498.0  486.0
 41 2163.849780 1.875E-28 1.184E-04.08330.106 1813.18430.72-.001685        0 3 1 1        0 3 3 0                    Q 10f     3655431410 5 3 3 3   189.0  189.0
 41 2163.851360 9.126E-27 4.606E-01.06920.083 2987.00180.79-.002150        0 4 2 1        0 4 2 0                    Q 39f     3655431410 5 3 3 3   711.0  711.0
 41 2163.851690 5.939E-25 8.793E+01.08330.106 2935.79460.72-.001414        0 5 1 1        0 5 1 0                    R  9f     3655431410 5 3 3 3   189.0  171.0
 43 2163.854170 3.966E-26 9.374E+01.07410.094 2510.69740.73-.001746        0 4 0 1        0 4 0 0                    R 22e     3655431910 5 3 3 3   282.0  270.0
 45 2163.856038 6.337E-28 1.655E+01.07990.103 2421.16390.72-.001788        0 4 4 1        0 4 4 0                    Q 13e     3655431310 5 3 3 3  1458.0 1458.0
 45 2163.856097 6.337E-28 1.655E+01.07990.103 2421.16390.72-.001788        0 4 4 1        0 4 4 0                    Q 13f     3655431310 5 3 3 3  1458.0 1458.0
 43 2163.858500 7.724E-28 2.778E-01.06670.076 2288.71940.75-.002226        0 2 2 1        0 2 2 0                    Q 52e     3645431810 5 3 3 3   630.0  630.0
 45 2163.859302 1.498E-28 7.705E+00.08460.107 2488.27560.72-.001644        1 2 2 1        1 2 2 0                    Q  9e     3655431310 5 3 3 3  1026.0 1026.0
 45 2163.859893 1.498E-28 7.705E+00.08460.107 2488.27540.72-.001644        1 2 2 1        1 2 2 0                    Q  9f     3655431310 5 3 3 3  1026.0 1026.0
 41 2163.862810 1.152E-28 1.024E-03.07830.101 2423.49910.72-.002135        0 4 2 1        0 4 0 0                    P 15e     3655431410 5 3 3 3   261.0  279.0
 41 2163.864910 2.449E-27 3.644E+00.07540.096 3548.15510.73-.001948        0 2 2 2        0 2 2 1                    Q 20e     3655431410 5 3 3 3   369.0  369.0
 41 2163.865540 1.919E-26 8.927E+01.07150.088 3864.40080.79-.001895        0 6 4 1        0 6 4 0                    R 29f     3655431410 5 3 3 3   549.0  531.0
 41 2163.865580 1.919E-26 8.927E+01.07150.088 3864.40090.79-.001895        0 6 4 1        0 6 4 0                    R 29e     3655431410 5 3 3 3   549.0  531.0
 41 2163.867160 5.454E-25 8.308E+01.08200.105 2960.37680.72-.001443        0 5 3 1        0 5 3 0                    R 10e     3655431410 5 3 3 3   207.0  189.0
 41 2163.867160 5.454E-25 8.308E+01.08200.105 2960.37680.72-.001443        0 5 3 1        0 5 3 0                    R 10f     3655431410 5 3 3 3   207.0  189.0
 42 2163.869600 4.355E-24 2.632E+00.08570.108  605.66690.71-.001598        0 1 1 1        0 1 1 0                    Q  8f     3655431815 5 3 3 3   102.0  102.0
 41 2163.870390 1.598E-26 5.489E-01.06990.084 2891.51930.81-.002129        0 4 2 1        0 4 2 0                    Q 36e     3655431410 5 3 3 3   657.0  657.0
 41 2163.874930 3.070E-28 1.790E-04.08090.104 1832.53300.72-.001757        0 3 1 1        0 3 3 0                    Q 12e     3655431410 5 3 3 3   225.0  225.0
 41 2163.875390 1.931E-28 1.813E+02.07010.085 4987.61650.81-.001991        0 4 0 2        0 4 0 1                    R 34e     3555431410 5 3 3 3   639.0  621.0
 41 2163.876140 3.177E-21 9.910E+01.06770.079 1495.90440.76-.002214        0 1 1 1        0 1 1 0                    P 46f     3655431415 5 3 3 3   819.0  837.0
 41 2163.885260 5.461E-21 9.875E+01.06570.073 1431.79280.73-.002172        0 0 0 1        0 0 0 0                    P 58e     3645431416 5 3 3 3  1035.0 1053.0
 43 2163.885800 9.710E-27 8.131E+01.07290.091 2795.64990.75-.001812        2 0 0 1        2 0 0 0                    R 25e     3655431810 5 3 3 3   318.0  306.0
 41 2163.886090 2.449E-27 3.643E+00.07540.096 3548.14460.73-.001948        0 2 2 2        0 2 2 1                    Q 20f     3655431410 5 3 3 3   369.0  369.0
 42 2163.886580 1.684E-27 1.841E+02.06870.081 3422.37260.78-.002095        0 1 1 2        0 1 1 1                    R 40f     3655431910 5 3 3 3   498.0  486.0
 45 2163.888548 8.175E-28 1.960E+02.07910.102 2877.26290.72-.002108        0 1 1 2        0 1 1 1                    P 14f     3655431310 5 3 3 3  1458.0 1566.0
 42 2163.890500 3.257E-24 1.722E+00.08330.106  621.53350.72-.001685        0 1 1 1        0 1 1 0                    Q 10e     3655431815 5 3 3 3   126.0  126.0
 41 2163.894200 2.657E-26 8.978E+01.07220.090 3784.68040.77-.001854        0 6 0 1        0 6 0 0                    R 27e     3655431410 5 3 3 3   513.0  495.0
 44 2163.897876 1.492E-27 8.491E+01.07590.097 2997.04870.73-.001653        0 5 1 1        0 5 1 0                    R 18e     3655431310 5 3 3 3   351.0  333.0
 44 2163.902944 1.307E-27 8.460E+01.07540.096 3033.81290.73-.001677        0 5 3 1        0 5 3 0                    R 19e     3655431310 5 3 3 3   369.0  351.0
 44 2163.902998 1.307E-27 8.460E+01.07540.096 3033.81300.73-.001677        0 5 3 1        0 5 3 0                    R 19f     3655431310 5 3 3 3   369.0  351.0
 41 2163.906180 2.401E-27 2.909E-03.08570.108 1903.69410.71-.000056        0 7 1 0        1 1 1 0                    R  7f     3655431410 5 3 3 3   153.0  135.0
 45 2163.911420 8.180E-28 1.960E+02.07910.102 2877.10800.72-.002108        0 1 1 2        0 1 1 1                    P 14e     3655431310 5 3 3 3  1458.0 1566.0
 41 2163.915340 2.659E-24 9.759E+01.08920.111 2474.54070.71-.001612        1 2 0 1        1 2 0 0                    P  5e     3655431410 5 3 3 3    81.0   99.0
 45 2163.918214 1.736E-28 9.634E+00.08570.108 2480.96200.71-.001598        1 2 2 1        1 2 2 0                    Q  8e     3655431310 5 3 3 3   918.0  918.0
 45 2163.918603 1.736E-28 9.634E+00.08570.108 2480.96190.71-.001598        1 2 2 1        1 2 2 0                    Q  8f     3655431310 5 3 3 3   918.0  918.0
 42 2163.924758 2.205E-28 9.012E+01.06540.073 3771.15370.73-.002357        0 4 2 1        0 4 2 0                    R 59f     3645431310 5 3 3 3   726.0  714.0
 43 2163.926100 4.843E-28 2.553E-01.06630.075 2375.03010.74-.002235        0 2 2 1        0 2 2 0                    Q 54f     3645431810 5 3 3 3   654.0  654.0
 44 2163.934600 4.591E-27 7.098E+01.08800.110 2502.97470.71-.001286        2 0 0 1        2 0 0 0                    R  5e     3655431810 5 3 3 3   117.0   99.0
 42 2163.935200 5.104E-24 3.385E+00.08680.109  598.94850.71-.001548        0 1 1 1        0 1 1 0                    Q  7f     3655431815 5 3 3 3    90.0   90.0
 41 2163.936010 1.290E-26 6.236E-01.07070.086 2944.17020.81-.002104        1 2 2 1        1 2 2 0                    Q 33f     3655431410 5 3 3 3   603.0  603.0
 41 2163.938070 1.428E-28 9.574E-05.08460.107 1804.77150.72-.001644        0 3 1 1        0 3 3 0                    Q  9f     3655431410 5 3 3 3   171.0  171.0
 45 2163.938771 7.209E-28 1.932E+01.08090.104 2410.53620.72-.001757        0 4 4 1        0 4 4 0                    Q 12e     3655431310 5 3 3 3  1350.0 1350.0
 45 2163.938833 7.209E-28 1.932E+01.08090.104 2410.53630.72-.001757        0 4 4 1        0 4 4 0                    Q 12f     3655431310 5 3 3 3  1350.0 1350.0
 45 2163.939912 1.302E-28 8.118E+01.07700.099 3127.22650.73-.001603        1 3 1 1        1 3 1 0                    R 16e     3655431310 5 3 3 3  1890.0 1782.0
 42 2163.940300 3.752E-24 2.105E+00.08460.107  613.15200.72-.001644        0 1 1 1        0 1 1 0                    Q  9e     3655431815 5 3 3 3   114.0  114.0
 41 2163.945860 2.478E-28 1.495E-04.08200.105 1822.43810.72-.001723        0 3 1 1        0 3 3 0                    Q 11e     3655431410 5 3 3 3   207.0  207.0
 44 2163.947113 3.500E-27 5.651E+01.09060.112 2436.23470.70-.001214        1 2 2 1        1 2 2 0                    R  3f     3655431310 5 3 3 3    81.0   63.0
 44 2163.947124 3.500E-27 5.651E+01.09060.112 2436.23470.70-.001214        1 2 2 1        1 2 2 0                    R  3e     3655431310 5 3 3 3    81.0   63.0
 45 2163.948000 1.778E-24 9.723E+01.06810.080 1392.73640.77-.002222        0 1 1 1        0 1 1 0                    P 44f     3655431815 5 3 3 3  4698.0 4806.0
 44 2163.953211 1.487E-27 8.489E+01.07590.097 2997.68080.73-.001653        0 5 1 1        0 5 1 0                    R 18f     3655431310 5 3 3 3   351.0  333.0
 41 2163.960830 6.155E-27 8.400E+01.07070.086 4105.13820.81-.001953        1 4 4 1        1 4 4 0                    R 32f     3555431410 5 3 3 3   603.0  585.0
 41 2163.960840 6.155E-27 8.400E+01.07070.086 4105.13830.81-.001953        1 4 4 1        1 4 4 0                    R 32e     3555431410 5 3 3 3   603.0  585.0
 42 2163.965360 1.264E-28 9.031E+01.06520.072 3892.82300.72-.002379        0 4 4 1        0 4 4 0                    R 61f     3645431310 5 3 3 3   750.0  738.0
 42 2163.969211 1.263E-28 9.031E+01.06520.072 3892.84310.72-.002379        0 4 4 1        0 4 4 0                    R 61e     3645431310 5 3 3 3   750.0  738.0
 44 2163.969669 1.697E-28 1.570E+02.08680.109 3374.20220.71-.001320        0 2 2 2        0 2 2 1                    R  6f     3655431310 5 3 3 3   135.0  117.0
 44 2163.969760 1.697E-28 1.570E+02.08680.109 3374.20220.71-.001320        0 2 2 2        0 2 2 1                    R  6e     3655431310 5 3 3 3   135.0  117.0
 41 2163.970430 1.446E-28 5.031E-03.07120.088 2863.92550.80-.000941        1 6 2 0        1 2 2 0                    R 30e     3655431410 5 3 3 3   567.0  549.0
 45 2163.970580 2.033E-28 1.239E+01.08680.109 2474.46100.71-.001548        1 2 2 1        1 2 2 0                    Q  7e     3655431310 5 3 3 3   810.0  810.0
 45 2163.970791 2.033E-28 1.239E+01.08680.109 2474.46090.71-.001548        1 2 2 1        1 2 2 0                    Q  7f     3655431310 5 3 3 3   810.0  810.0
 41 2163.975680 1.163E-25 2.887E+00.07090.087 2800.85350.81-.002095        0 4 4 1        0 4 4 0                    Q 32e     3655431410 5 3 3 3   585.0  585.0
 41 2163.975780 1.163E-25 2.887E+00.07090.087 2800.85340.81-.002095        0 4 4 1        0 4 4 0                    Q 32f     3655431410 5 3 3 3   585.0  585.0
 45 2163.979307 1.299E-28 8.116E+01.07700.099 3127.63640.73-.001603        1 3 1 1        1 3 1 0                    R 16f     3655431310 5 3 3 3  1890.0 1782.0
 41 2163.980610 3.202E-21 9.900E+01.06770.079 1494.19680.76-.002214        0 1 1 1        0 1 1 0                    P 46e     3655431415 5 3 3 3   819.0  837.0
 43 2163.983830 9.623E-28 2.205E-02.08680.109 1292.47420.71-.000521        0 6 0 0        1 0 0 0                    P  7e     3655431910 5 3 3 3    78.0   90.0
 43 2163.984400 9.916E-24 1.010E+02.08200.105 1224.42640.72-.002003        0 2 2 1        0 2 2 0                    P 11e     3655431810 5 3 3 3   126.0  138.0
 43 2163.984700 9.916E-24 1.010E+02.08200.105 1224.42550.72-.002003        0 2 2 1        0 2 2 0                    P 11f     3655431810 5 3 3 3   126.0  138.0
 42 2163.985100 4.354E-24 2.631E+00.08570.108  605.60860.71-.001598        0 1 1 1        0 1 1 0                    Q  8e     3655431815 5 3 3 3   102.0  102.0
 42 2163.992500 6.070E-24 4.514E+00.08800.110  593.06990.71-.001493        0 1 1 1        0 1 1 0                    Q  6f     3655431815 5 3 3 3    78.0   78.0
 45 2164.000711 1.127E-28 8.121E+01.07650.098 3168.36870.73-.001628        1 3 3 1        1 3 3 0                    R 17f     3655431310 5 3 3 3  1998.0 1890.0
 45 2164.000824 1.127E-28 8.121E+01.07650.098 3168.36860.73-.001628        1 3 3 1        1 3 3 0                    R 17e     3655431310 5 3 3 3  1998.0 1890.0
 41 2164.002120 2.794E-27 4.030E+00.07590.097 3531.48900.73-.001930        0 2 2 2        0 2 2 1                    Q 19e     3655431410 5 3 3 3   351.0  351.0
 43 2164.003060 6.999E-27 1.824E+02.08570.108 2795.19840.71-.001352        0 1 1 2        0 1 1 1                    R  7e     3655431910 5 3 3 3   102.0   90.0
 43 2164.005010 2.943E-25 6.830E+01.08800.110 1768.77050.71-.001286        0 3 3 1        0 3 3 0                    R  5e     3655431910 5 3 3 3    78.0   66.0
 43 2164.005010 2.943E-25 6.830E+01.08800.110 1768.77050.71-.001286        0 3 3 1        0 3 3 0                    R  5f     3655431910 5 3 3 3    78.0   66.0
 41 2164.010830 1.943E-28 1.228E-04.08330.106 1813.18430.72-.001685        0 3 1 1        0 3 3 0                    Q 10e     3655431410 5 3 3 3   189.0  189.0
 41 2164.011520 4.680E-25 7.788E+01.07990.103 3011.53580.72-.001499        0 5 5 1        0 5 5 0                    R 12e     3655431410 5 3 3 3   243.0  225.0
 41 2164.011520 4.680E-25 7.788E+01.07990.103 3011.53580.72-.001499        0 5 5 1        0 5 5 0                    R 12f     3655431410 5 3 3 3   243.0  225.0
 43 2164.013720 6.998E-27 1.824E+02.08570.108 2795.23930.71-.001352        0 1 1 2        0 1 1 1                    R  7f     3655431910 5 3 3 3   102.0   90.0
 45 2164.015142 8.223E-28 2.283E+01.08200.105 2400.72590.72-.001723        0 4 4 1        0 4 4 0                    Q 11e     3655431310 5 3 3 3  1242.0 1242.0
 43 2164.015178 1.724E-28 9.312E+01.06750.078 3772.89120.76-.002189        0 5 3 1        0 5 3 0                    R 46e     3655431310 5 3 3 3   570.0  558.0
 45 2164.015204 8.223E-28 2.283E+01.08200.105 2400.72600.72-.001723        0 4 4 1        0 4 4 0                    Q 11f     3655431310 5 3 3 3  1242.0 1242.0
 45 2164.016353 2.416E-28 1.652E+01.08800.110 2468.77250.71-.001493        1 2 2 1        1 2 2 0                    Q  6e     3655431310 5 3 3 3   702.0  702.0
 45 2164.016504 2.416E-28 1.652E+01.08800.110 2468.77250.71-.001493        1 2 2 1        1 2 2 0                    Q  6f     3655431310 5 3 3 3   702.0  702.0
 43 2164.016600 5.684E-22 1.008E+02.06890.082  663.52600.79-.002236        0 0 0 1        0 0 0 0                    P 40e     3655431816 5 3 3 3   474.0  486.0
 41 2164.017490 1.039E-28 7.507E-05.08570.108 1797.20000.71-.001598        0 3 1 1        0 3 3 0                    Q  8f     3655431410 5 3 3 3   153.0  153.0
 41 2164.019460 2.794E-27 4.030E+00.07590.097 3531.48040.73-.001930        0 2 2 2        0 2 2 1                    Q 19f     3655431410 5 3 3 3   351.0  351.0
 42 2164.020200 1.054E-25 8.491E+01.06990.084 2385.67380.81-.002009        1 1 1 1        1 1 1 0                    R 35e     3655431810 5 3 3 3   438.0  426.0
 43 2164.021680 4.056E-28 1.894E+02.07220.090 3637.84560.77-.001854        0 2 0 2        0 2 0 1                    R 27e     3655431910 5 3 3 3   342.0  330.0
 43 2164.022221 1.723E-28 9.312E+01.06750.078 3772.94010.76-.002189        0 5 3 1        0 5 3 0                    R 46f     3655431310 5 3 3 3   570.0  558.0
 42 2164.025000 5.103E-24 3.384E+00.08680.109  598.90320.71-.001548        0 1 1 1        0 1 1 0                    Q  7e     3655431815 5 3 3 3    90.0   90.0
 44 2164.030300 1.365E-23 9.536E+01.06850.081 1299.72620.78-.002229        0 1 1 1        0 1 1 0                    P 42f     3655431815 5 3 3 3   747.0  765.0
 42 2164.035066 2.176E-28 9.004E+01.06540.073 3773.63510.73-.002357        0 4 2 1        0 4 2 0                    R 59e     3645431310 5 3 3 3   726.0  714.0
 45 2164.038200 1.790E-24 9.720E+01.06810.080 1391.25920.77-.002222        0 1 1 1        0 1 1 0                    P 44e     3655431815 5 3 3 3  4698.0 4806.0
 41 2164.038570 2.650E-25 8.003E+01.07990.103 3134.09800.72-.001499        1 3 3 1        1 3 3 0                    R 12e     3655431410 5 3 3 3   243.0  225.0
 41 2164.038570 2.650E-25 8.003E+01.07990.103 3134.09800.72-.001499        1 3 3 1        1 3 3 0                    R 12f     3655431410 5 3 3 3   243.0  225.0
 41 2164.039120 1.523E-26 6.639E-01.07090.087 2916.62910.81-.002095        1 2 2 1        1 2 2 0                    Q 32e     3655431410 5 3 3 3   585.0  585.0
 42 2164.041600 7.370E-24 6.320E+00.08920.111  588.03110.71-.001431        0 1 1 1        0 1 1 0                    Q  5f     3655431815 5 3 3 3    66.0   66.0
 41 2164.044370 3.027E-26 2.545E+02.09410.116 3366.47740.70-.001273        0 2 0 2        0 2 0 1                    P  2e     3655431410 5 3 3 3    27.0   45.0
 42 2164.044970 1.885E-25 9.135E+01.06960.084 2286.67040.80-.002027        0 3 3 1        0 3 3 0                    R 36e     3655431910 5 3 3 3   450.0  438.0
 42 2164.047120 1.885E-25 9.135E+01.06960.084 2286.68010.80-.002027        0 3 3 1        0 3 3 0                    R 36f     3655431910 5 3 3 3   450.0  438.0
 42 2164.051600 1.250E-23 9.061E+01.07700.099 1265.26700.73-.001603        0 2 2 1        0 2 2 0                    R 16f     3655431810 5 3 3 3   210.0  198.0
 42 2164.052080 2.280E-25 9.152E+01.06990.084 2242.32160.81-.002009        0 3 1 1        0 3 1 0                    R 35e     3655431910 5 3 3 3   438.0  426.0
 42 2164.052600 1.048E-25 8.490E+01.06990.084 2386.79990.81-.002009        1 1 1 1        1 1 1 0                    R 35f     3655431810 5 3 3 3   438.0  426.0
 42 2164.053900 1.250E-23 9.061E+01.07700.099 1265.27260.73-.001603        0 2 2 1        0 2 2 0                    R 16e     3655431810 5 3 3 3   210.0  198.0
 45 2164.055591 2.931E-28 2.313E+01.08920.111 2463.89670.71-.001431        1 2 2 1        1 2 2 0                    Q  5e     3655431310 5 3 3 3   594.0  594.0
 45 2164.055682 2.931E-28 2.313E+01.08920.111 2463.89670.71-.001431        1 2 2 1        1 2 2 0                    Q  5f     3655431310 5 3 3 3   594.0  594.0
 42 2164.059800 6.070E-24 4.513E+00.08800.110  593.03590.71-.001493        0 1 1 1        0 1 1 0                    Q  6e     3655431815 5 3 3 3    78.0   78.0
 41 2164.059870 1.480E-26 6.483E-04.07360.093 1429.77610.74-.002249        0 2 0 1        0 2 2 0                    P 24e     3655431410 5 3 3 3   423.0  441.0
 41 2164.069770 1.103E-26 4.871E-01.06940.083 2954.23260.80-.002143        0 4 2 1        0 4 2 0                    Q 38f     3655431410 5 3 3 3   693.0  693.0
 41 2164.069850 1.468E-28 9.841E-05.08460.107 1804.77150.72-.001644        0 3 1 1        0 3 3 0                    Q  9e     3655431410 5 3 3 3   171.0  171.0
 41 2164.072910 1.675E-22 9.856E+01.07540.096 1925.87990.73-.002219        0 3 1 1        0 3 1 0                    P 20f     3655431410 5 3 3 3   351.0  369.0
 44 2164.074334 3.250E-28 7.523E+01.07290.091 3348.82790.75-.001812        2 1 1 1        2 1 1 0                    R 25e     3655431310 5 3 3 3   477.0  459.0
 41 2164.074800 2.966E-25 8.249E+01.08090.104 3101.35340.72-.001471        1 3 1 1        1 3 1 0                    R 11e     3655431410 5 3 3 3   225.0  207.0
 41 2164.075870 9.094E-27 8.316E+01.07120.088 4010.09240.80-.001915        1 4 0 1        1 4 0 0                    R 30e     3555431410 5 3 3 3   567.0  549.0
 44 2164.077906 1.930E-28 1.674E+02.08680.109 3360.91370.71-.001320        0 2 0 2        0 2 0 1                    R  6e     3655431310 5 3 3 3   135.0  117.0
 42 2164.082500 9.231E-24 9.481E+00.09060.112  583.83200.70-.001363        0 1 1 1        0 1 1 0                    Q  4f     3655431815 5 3 3 3    54.0   54.0
 41 2164.083060 3.395E-27 7.678E+01.07040.086 4215.07760.81-.001972        2 2 0 1        2 2 0 0                    R 33e     3555431410 5 3 3 3   621.0  603.0
 43 2164.084900 3.493E-25 8.526E+01.08920.111 1744.75600.71-.001251        0 3 1 1        0 3 1 0                    R  4e     3655431810 5 3 3 3    66.0   54.0
 45 2164.085150 9.414E-28 2.741E+01.08330.106 2391.73300.72-.001685        0 4 4 1        0 4 4 0                    Q 10e     3655431310 5 3 3 3  1134.0 1134.0
 45 2164.085212 9.414E-28 2.741E+01.08330.106 2391.73300.72-.001685        0 4 4 1        0 4 4 0                    Q 10f     3655431310 5 3 3 3  1134.0 1134.0
 45 2164.088282 3.669E-28 3.470E+01.09060.112 2459.83340.70-.001363        1 2 2 1        1 2 2 0                    Q  4e     3655431310 5 3 3 3   486.0  486.0
 45 2164.088339 3.669E-28 3.470E+01.09060.112 2459.83350.70-.001363        1 2 2 1        1 2 2 0                    Q  4f     3655431310 5 3 3 3   486.0  486.0
 42 2164.089700 7.369E-24 6.319E+00.08920.111  588.00680.71-.001431        0 1 1 1        0 1 1 0                    Q  5e     3655431815 5 3 3 3    66.0   66.0
 43 2164.090700 1.743E-26 8.733E+01.07330.092 2681.98300.74-.001790        1 2 0 1        1 2 0 0                    R 24e     3655431810 5 3 3 3   306.0  294.0
 43 2164.093610 3.597E-26 9.361E+01.07360.093 2539.03470.74-.001768        0 4 2 1        0 4 2 0                    R 23f     3655431910 5 3 3 3   294.0  282.0
 43 2164.098500 3.493E-25 8.525E+01.08920.111 1744.78380.71-.001251        0 3 1 1        0 3 1 0                    R  4f     3655431810 5 3 3 3    66.0   54.0
 41 2164.099610 4.477E-27 1.225E-03.06940.083 1902.89670.80-.000504        0 6 2 0        1 0 0 0                    P 38e     3655431410 5 3 3 3   675.0  693.0
 44 2164.100128 4.986E-27 7.306E+01.09060.112 2416.24200.70-.001214        1 2 0 1        1 2 0 0                    R  3e     3655431310 5 3 3 3    81.0   63.0
 41 2164.106690 2.962E-25 8.248E+01.08090.104 3101.56680.72-.001471        1 3 1 1        1 3 1 0                    R 11f     3655431410 5 3 3 3   225.0  207.0
 43 2164.109200 3.596E-26 9.360E+01.07360.093 2539.07000.74-.001768        0 4 2 1        0 4 2 0                    R 23e     3655431910 5 3 3 3   294.0  282.0
 44 2164.109300 1.373E-23 9.533E+01.06850.081 1298.44470.78-.002229        0 1 1 1        0 1 1 0                    P 42e     3655431815 5 3 3 3   747.0  765.0
 41 2164.109650 1.655E-28 1.816E+02.06990.084 5025.37150.81-.002009        0 4 2 2        0 4 2 1                    R 35f     3555431410 5 3 3 3   657.0  639.0
 45 2164.114430 4.832E-28 5.784E+01.09220.114 2456.58280.70-.001287        1 2 2 1        1 2 2 0                    Q  3e     3655431310 5 3 3 3   378.0  378.0
 45 2164.114470 4.832E-28 5.784E+01.09220.114 2456.58280.70-.001287        1 2 2 1        1 2 2 0                    Q  3f     3655431310 5 3 3 3   378.0  378.0
 42 2164.114600 9.231E-24 9.480E+00.09060.112  583.81580.70-.001363        0 1 1 1        0 1 1 0                    Q  4e     3655431815 5 3 3 3    54.0   54.0
 42 2164.115300 1.217E-23 1.580E+01.09220.114  580.47270.70-.001287        0 1 1 1        0 1 1 0                    Q  3f     3655431815 5 3 3 3    42.0   42.0
 44 2164.116727 6.563E-28 7.904E+01.07410.094 3189.67010.73-.001746        1 3 1 1        1 3 1 0                    R 22e     3655431310 5 3 3 3   423.0  405.0
 42 2164.118610 2.257E-25 9.148E+01.06990.084 2244.27860.81-.002009        0 3 1 1        0 3 1 0                    R 35f     3655431910 5 3 3 3   438.0  426.0
 41 2164.118900 1.224E-24 9.265E+01.09060.112 2571.65150.70-.001513        2 0 0 1        2 0 0 0                    P  4e     3655431410 5 3 3 3    63.0   81.0
 44 2164.119650 3.239E-28 7.524E+01.07290.091 3349.55090.75-.001812        2 1 1 1        2 1 1 0                    R 25f     3655431310 5 3 3 3   477.0  459.0
 41 2164.122800 1.080E-21 9.927E+01.07070.086 1648.97030.81-.002255        0 2 2 1        0 2 2 0                    P 33e     3655431410 5 3 3 3   585.0  603.0
 41 2164.122920 1.064E-28 7.684E-05.08570.108 1797.20000.71-.001598        0 3 1 1        0 3 3 0                    Q  8e     3655431410 5 3 3 3   153.0  153.0
 41 2164.130420 1.081E-21 9.927E+01.07070.086 1648.89760.81-.002255        0 2 2 1        0 2 2 0                    P 33f     3655431410 5 3 3 3   585.0  603.0
 41 2164.132280 3.182E-27 4.480E+00.07650.098 3515.65580.73-.001911        0 2 2 2        0 2 2 1                    Q 18e     3655431410 5 3 3 3   333.0  333.0
 45 2164.134038 6.986E-28 1.157E+02.09410.116 2454.14480.70-.001203        1 2 2 1        1 2 2 0                    Q  2e     3655431310 5 3 3 3   270.0  270.0
 45 2164.134070 6.986E-28 1.157E+02.09410.116 2454.14490.70-.001203        1 2 2 1        1 2 2 0                    Q  2f     3655431310 5 3 3 3   270.0  270.0
 42 2164.134600 1.217E-23 1.580E+01.09220.114  580.46290.70-.001287        0 1 1 1        0 1 1 0                    Q  3e     3655431815 5 3 3 3    42.0   42.0
 43 2164.135200 1.355E-22 1.016E+02.07290.091  870.08830.75-.002256        0 1 1 1        0 1 1 0                    P 26f     3655431815 5 3 3 3   306.0  318.0
 41 2164.138980 1.910E-26 5.824E-01.07010.085 2861.23250.81-.002121        0 4 2 1        0 4 2 0                    Q 35e     3655431410 5 3 3 3   639.0  639.0
 42 2164.139800 1.759E-23 3.161E+01.09410.116  577.95320.70-.001203        0 1 1 1        0 1 1 0                    Q  2f     3655431815 5 3 3 3    30.0   30.0
 44 2164.140500 3.623E-25 9.418E+01.07910.102 1812.76690.72-.002108        0 3 1 1        0 3 1 0                    P 14f     3655431810 5 3 3 3   243.0  261.0
 41 2164.143130 1.652E-28 1.816E+02.06990.084 5025.65230.81-.002009        0 4 2 2        0 4 2 1                    R 35e     3555431410 5 3 3 3   657.0  639.0
 41 2164.143870 1.680E-22 9.854E+01.07540.096 1925.25330.73-.002219        0 3 1 1        0 3 1 0                    P 20e     3655431410 5 3 3 3   351.0  369.0
 41 2164.146340 3.182E-27 4.480E+00.07650.098 3515.64880.73-.001911        0 2 2 2        0 2 2 1                    Q 18f     3655431410 5 3 3 3   333.0  333.0
 41 2164.148170 3.017E-28 5.400E-02.06530.072 3338.45630.72-.002265        0 3 1 1        0 3 1 0                    Q 61f     3645431410 5 3 3 3  1107.0 1107.0
 45 2164.148793 1.083E-27 3.350E+01.08460.107 2383.55740.72-.001644        0 4 4 1        0 4 4 0                    Q  9e     3655431310 5 3 3 3  1026.0 1026.0
 45 2164.148855 1.083E-27 3.350E+01.08460.107 2383.55750.72-.001644        0 4 4 1        0 4 4 0                    Q  9f     3655431310 5 3 3 3  1026.0 1026.0
 42 2164.149500 1.759E-23 3.161E+01.09410.116  577.94830.70-.001203        0 1 1 1        0 1 1 0                    Q  2e     3655431815 5 3 3 3    30.0   30.0
 41 2164.151880 1.523E-26 6.635E-01.07090.087 2916.57230.81-.002095        1 2 2 1        1 2 2 0                    Q 32f     3655431410 5 3 3 3   585.0  585.0
 41 2164.152750 4.597E-27 1.674E+02.07770.100 4161.34160.73-.001578        1 1 1 2        1 1 1 1                    R 15e     3555431410 5 3 3 3   297.0  279.0
 44 2164.154296 1.004E-27 8.467E+01.07450.094 3107.38900.73-.001723        0 5 5 1        0 5 5 0                    R 21f     3655431310 5 3 3 3   405.0  387.0
 44 2164.154330 1.004E-27 8.467E+01.07450.094 3107.38900.73-.001723        0 5 5 1        0 5 5 0                    R 21e     3655431310 5 3 3 3   405.0  387.0
 42 2164.156200 3.193E-23 9.482E+01.09620.119  576.27350.69-.001109        0 1 1 1        0 1 1 0                    Q  1f     3655431815 5 3 3 3    18.0   18.0
 43 2164.157220 1.538E-26 8.808E+01.07290.091 2717.48150.75-.001812        1 2 2 1        1 2 2 0                    R 25f     3655431910 5 3 3 3   318.0  306.0
 41 2164.158170 1.265E-28 3.183E-01.06400.069 3913.15010.70-.002302        0 3 3 1        0 3 3 0                    Q 71f     3644431410 5 3 3 3  1287.0 1287.0
 43 2164.159340 1.537E-26 8.807E+01.07290.091 2717.49770.75-.001812        1 2 2 1        1 2 2 0                    R 25e     3655431910 5 3 3 3   318.0  306.0
 42 2164.159400 3.193E-23 9.482E+01.09620.119  576.27190.69-.001109        0 1 1 1        0 1 1 0                    Q  1e     3655431815 5 3 3 3    18.0   18.0
 44 2164.161833 6.538E-28 7.902E+01.07410.094 3190.38070.73-.001746        1 3 1 1        1 3 1 0                    R 22f     3655431310 5 3 3 3   423.0  405.0
 45 2164.168617 1.352E-28 5.259E+01.09620.119 2524.67250.69-.001089        2 0 0 1        2 0 0 0                    R  0e     3655431310 5 3 3 3   162.0   54.0
 42 2164.174772 2.299E-28 9.008E+01.06540.073 3762.45810.73-.002357        0 4 0 1        0 4 0 0                    R 59e     3645431310 5 3 3 3   726.0  714.0
 41 2164.175060 4.592E-27 1.674E+02.07770.100 4161.55400.73-.001578        1 1 1 2        1 1 1 1                    R 15f     3555431410 5 3 3 3   297.0  279.0
 42 2164.179500 1.643E-25 1.847E+02.07540.096 2335.58000.73-.001677        0 0 0 2        0 0 0 1                    R 19e     3655431810 5 3 3 3   246.0  234.0
 44 2164.180300 3.627E-25 9.417E+01.07910.102 1812.49680.72-.002108        0 3 1 1        0 3 1 0                    P 14e     3655431810 5 3 3 3   243.0  261.0
 43 2164.183300 1.358E-22 1.016E+02.07290.091  869.56660.75-.002256        0 1 1 1        0 1 1 0                    P 26e     3655431815 5 3 3 3   306.0  318.0
 45 2164.183796 6.773E-26 9.650E+01.07700.099 1863.98200.73-.002177        0 3 1 1        0 3 1 0                    P 17f     3655431310 5 3 3 3  1782.0 1890.0
 41 2164.185930 1.193E-26 8.911E+01.07070.086 3981.06180.81-.001953        0 6 6 1        0 6 6 0                    R 32e     3655431410 5 3 3 3   603.0  585.0
 41 2164.185930 1.193E-26 8.911E+01.07070.086 3981.06180.81-.001953        0 6 6 1        0 6 6 0                    R 32f     3655431410 5 3 3 3   603.0  585.0
 41 2164.186350 1.368E-25 3.076E+00.07120.088 2773.91870.80-.002086        0 4 4 1        0 4 4 0                    Q 31e     3655431410 5 3 3 3   567.0  567.0
 41 2164.186430 1.368E-25 3.075E+00.07120.088 2773.91870.80-.002086        0 4 4 1        0 4 4 0                    Q 31f     3655431410 5 3 3 3   567.0  567.0
 41 2164.190170 8.061E-28 3.075E+00.07190.089 3816.70140.78-.000198        0 6 2 1        1 0 0 1                    R 28e     3655431410 5 3 3 3   531.0  513.0
 45 2164.190434 3.555E-26 8.995E+01.07770.100 1969.23050.73-.002157        1 1 1 1        1 1 1 0                    P 16f     3655431310 5 3 3 3  1674.0 1782.0
 45 2164.190900 5.362E-25 9.689E+01.07120.088 1565.55340.80-.002258        0 2 0 1        0 2 0 0                    P 31e     3655431810 5 3 3 3  3294.0 3402.0
 43 2164.194520 2.209E-28 9.181E+01.06770.079 3714.54050.76-.002174        0 5 1 1        0 5 1 0                    R 45e     3655431910 5 3 3 3   558.0  546.0
 41 2164.199200 1.486E-27 7.160E+01.06960.084 4387.78060.80-.002027        3 0 0 1        3 0 0 0                    R 36e     3555431410 5 3 3 3   675.0  657.0
 45 2164.206074 1.256E-27 4.189E+01.08570.108 2376.19930.71-.001598        0 4 4 1        0 4 4 0                    Q  8e     3655431310 5 3 3 3   918.0  918.0
 45 2164.206136 1.256E-27 4.189E+01.08570.108 2376.19940.71-.001598        0 4 4 1        0 4 4 0                    Q  8f     3655431310 5 3 3 3   918.0  918.0
 43 2164.208010 3.587E-28 1.901E+02.07190.089 3670.96980.78-.001875        0 2 2 2        0 2 2 1                    R 28f     3655431910 5 3 3 3   354.0  342.0
 43 2164.210780 3.586E-28 1.901E+02.07190.089 3671.00120.78-.001875        0 2 2 2        0 2 2 1                    R 28e     3655431910 5 3 3 3   354.0  342.0
 45 2164.224490 3.559E-26 8.993E+01.07770.100 1968.98870.73-.002157        1 1 1 1        1 1 1 0                    P 16e     3655431310 5 3 3 3  1674.0 1782.0
 43 2164.224900 2.108E-25 8.195E+01.08800.110 1874.87160.71-.001286        1 1 1 1        1 1 1 0                    R  5e     3655431810 5 3 3 3    78.0   66.0
 44 2164.225657 1.380E-28 1.553E+02.08460.107 3463.11750.72-.001384        1 0 0 2        1 0 0 1                    R  8e     3655431310 5 3 3 3   171.0  153.0
 43 2164.226700 9.687E-28 2.895E-01.06680.076 2246.56900.75-.002221        0 2 2 1        0 2 2 0                    Q 51e     3645431810 5 3 3 3   618.0  618.0
 41 2164.229490 1.157E-28 1.825E+02.06940.083 5110.95200.80-.002044        0 4 4 2        0 4 4 1                    R 37f     3555431410 5 3 3 3   693.0  675.0
 41 2164.229540 1.157E-28 1.825E+02.06940.083 5110.95220.80-.002044        0 4 4 2        0 4 4 1                    R 37e     3555431410 5 3 3 3   693.0  675.0
 41 2164.230660 2.344E-26 8.930E+01.07190.089 3816.38560.78-.001875        0 6 2 1        0 6 2 0                    R 28f     3655431410 5 3 3 3   531.0  513.0
 43 2164.234100 2.108E-25 8.194E+01.08800.110 1874.89770.71-.001286        1 1 1 1        1 1 1 0                    R  5f     3655431810 5 3 3 3    78.0   66.0
 45 2164.237654 6.786E-26 9.649E+01.07700.099 1863.55820.73-.002177        0 3 1 1        0 3 1 0                    P 17e     3655431310 5 3 3 3  1782.0 1890.0
 41 2164.245050 1.633E-25 7.742E+01.07910.102 3241.53190.72-.001526        2 1 1 1        2 1 1 0                    R 13e     3655431410 5 3 3 3   261.0  243.0
 43 2164.250462 2.786E-26 9.331E+01.07290.091 2606.99610.75-.001812        0 4 4 1        0 4 4 0                    R 25e     3655431310 5 3 3 3   318.0  306.0
 43 2164.250468 2.786E-26 9.331E+01.07290.091 2606.99610.75-.001812        0 4 4 1        0 4 4 0                    R 25f     3655431310 5 3 3 3   318.0  306.0
 41 2164.250940 1.562E-22 9.731E+01.07590.097 1926.74320.73-.002207        0 3 3 1        0 3 3 0                    P 19f     3655431410 5 3 3 3   333.0  351.0
 41 2164.250970 1.562E-22 9.731E+01.07590.097 1926.74310.73-.002207        0 3 3 1        0 3 3 0                    P 19e     3655431410 5 3 3 3   333.0  351.0
 41 2164.255440 3.620E-27 5.010E+00.07700.099 3500.65560.73-.001890        0 2 2 2        0 2 2 1                    Q 17e     3655431410 5 3 3 3   315.0  315.0
 45 2164.255954 8.955E-28 1.229E+02.09410.116 2310.44360.70-.001273        0 4 0 1        0 4 0 0                    P  2e     3655431310 5 3 3 3   162.0  270.0
 45 2164.256990 1.471E-27 5.387E+01.08680.109 2369.65870.71-.001548        0 4 4 1        0 4 4 0                    Q  7e     3655431310 5 3 3 3   810.0  810.0
 45 2164.257052 1.471E-27 5.387E+01.08680.109 2369.65870.71-.001548        0 4 4 1        0 4 4 0                    Q  7f     3655431310 5 3 3 3   810.0  810.0
 43 2164.257200 6.120E-28 2.657E-01.06650.076 2331.28790.74-.002230        0 2 2 1        0 2 2 0                    Q 53f     3645431810 5 3 3 3   642.0  642.0
 41 2164.258900 1.570E-26 2.330E+02.09410.116 3483.30190.70-.001273        1 0 0 2        1 0 0 1                    P  2e     3655431410 5 3 3 3    27.0   45.0
 43 2164.259160 2.186E-28 9.268E+01.06770.079 3718.62100.76-.002174        0 5 1 1        0 5 1 0                    R 45f     3655431910 5 3 3 3   558.0  546.0
 41 2164.261780 1.792E-26 7.076E-01.07120.088 2889.85950.80-.002086        1 2 2 1        1 2 2 0                    Q 31e     3655431410 5 3 3 3   567.0  567.0
 41 2164.261890 2.271E-26 8.660E+01.07190.089 3816.62970.78-.001875        0 6 2 1        0 6 2 0                    R 28e     3655431410 5 3 3 3   531.0  513.0
 41 2164.266710 3.620E-27 5.010E+00.07700.099 3500.65000.73-.001890        0 2 2 2        0 2 2 1                    Q 17f     3655431410 5 3 3 3   315.0  315.0
 44 2164.266842 3.720E-27 1.932E+02.08330.106 2830.27500.72-.001957        0 1 1 2        0 1 1 1                    P 10f     3655431310 5 3 3 3   171.0  189.0
 41 2164.268200 1.632E-25 7.741E+01.07910.102 3241.72750.72-.001526        2 1 1 1        2 1 1 0                    R 13f     3655431410 5 3 3 3   261.0  243.0
 41 2164.274920 1.546E-24 7.610E+01.09060.112 2483.16920.70-.001513        1 2 2 1        1 2 2 0                    P  4e     3655431410 5 3 3 3    63.0   81.0
 41 2164.274930 1.546E-24 7.610E+01.09060.112 2483.16920.70-.001513        1 2 2 1        1 2 2 0                    P  4f     3655431410 5 3 3 3    63.0   81.0
 42 2164.277000 6.293E-24 8.471E+01.07770.100 1380.45460.73-.001578        1 0 0 1        1 0 0 0                    R 15e     3655431810 5 3 3 3   198.0  186.0
 41 2164.281260 2.833E-27 7.826E+01.07010.085 4262.10480.81-.001991        2 2 2 1        2 2 2 0                    R 34f     3555431410 5 3 3 3   639.0  621.0
 44 2164.281626 3.721E-27 1.932E+02.08330.106 2830.19780.72-.001957        0 1 1 2        0 1 1 1                    P 10e     3655431310 5 3 3 3   171.0  189.0
 41 2164.284100 1.328E-26 5.158E-01.06960.084 2922.30110.80-.002136        0 4 2 1        0 4 2 0                    Q 37f     3655431410 5 3 3 3   675.0  675.0
 41 2164.284910 2.831E-27 7.824E+01.07010.085 4262.16050.81-.001991        2 2 2 1        2 2 2 0                    R 34e     3555431410 5 3 3 3   639.0  621.0
 41 2164.293170 1.377E-28 1.916E+02.09620.119 4417.37780.69-.001089        0 0 0 3        0 0 0 2                    R  0e     3555431410 5 3 3 3    27.0    9.0
 41 2164.298340 4.568E-24 8.881E+01.08920.111 2343.74440.71-.001612        0 4 2 1        0 4 2 0                    P  5e     3655431410 5 3 3 3    81.0   99.0
 41 2164.298430 4.568E-24 8.881E+01.08920.111 2343.74420.71-.001612        0 4 2 1        0 4 2 0                    P  5f     3655431410 5 3 3 3    81.0   99.0
 45 2164.301542 1.748E-27 7.183E+01.08800.110 2363.93560.71-.001493        0 4 4 1        0 4 4 0                    Q  6e     3655431310 5 3 3 3   702.0  702.0
 45 2164.301604 1.748E-27 7.183E+01.08800.110 2363.93560.71-.001493        0 4 4 1        0 4 4 0                    Q  6f     3655431310 5 3 3 3   702.0  702.0
 41 2164.313550 2.222E-24 1.994E+02.07700.099 2925.73940.73-.002177        0 1 1 2        0 1 1 1                    P 17f     3655431410 5 3 3 3   297.0  315.0
 45 2164.328364 2.730E-28 8.730E+01.07830.101 2964.82360.72-.001552        0 5 1 1        0 5 1 0                    R 14e     3655431310 5 3 3 3  1674.0 1566.0
 45 2164.335981 2.449E-28 8.560E+01.07770.100 2995.98570.73-.001578        0 5 3 1        0 5 3 0                    R 15f     3655431310 5 3 3 3  1782.0 1674.0
 45 2164.336084 2.449E-28 8.560E+01.07770.100 2995.98560.73-.001578        0 5 3 1        0 5 3 0                    R 15e     3655431310 5 3 3 3  1782.0 1674.0
 45 2164.339729 2.121E-27 1.006E+02.08920.111 2359.03000.71-.001431        0 4 4 1        0 4 4 0                    Q  5e     3655431310 5 3 3 3   594.0  594.0
 45 2164.339791 2.121E-27 1.006E+02.08920.111 2359.03000.71-.001431        0 4 4 1        0 4 4 0                    Q  5f     3655431310 5 3 3 3   594.0  594.0
 41 2164.342830 7.866E-27 8.347E+01.07090.087 4047.06170.81-.001934        1 4 2 1        1 4 2 0                    R 31f     3555431410 5 3 3 3   585.0  567.0
 41 2164.343680 2.224E-24 1.994E+02.07700.099 2925.50180.73-.002177        0 1 1 2        0 1 1 1                    P 17e     3655431410 5 3 3 3   297.0  315.0
 45 2164.355382 6.056E-26 9.496E+01.07770.100 1870.80270.73-.002157        0 3 3 1        0 3 3 0                    P 16f     3655431310 5 3 3 3  1674.0 1782.0
 45 2164.355502 6.056E-26 9.496E+01.07770.100 1870.80260.73-.002157        0 3 3 1        0 3 3 0                    P 16e     3655431310 5 3 3 3  1674.0 1782.0
 41 2164.359350 7.858E-27 8.345E+01.07090.087 4047.22320.81-.001934        1 4 2 1        1 4 2 0                    R 31e     3555431410 5 3 3 3   585.0  567.0
 41 2164.361590 1.791E-26 7.072E-01.07120.088 2889.80930.80-.002086        1 2 2 1        1 2 2 0                    Q 31f     3655431410 5 3 3 3   567.0  567.0
 42 2164.370666 1.755E-28 9.015E+01.06530.072 3821.45690.72-.002368        0 4 2 1        0 4 2 0                    R 60f     3645431310 5 3 3 3   738.0  726.0
 45 2164.371553 2.655E-27 1.509E+02.09060.112 2354.94200.70-.001363        0 4 4 1        0 4 4 0                    Q  4e     3655431310 5 3 3 3   486.0  486.0
 45 2164.371615 2.655E-27 1.509E+02.09060.112 2354.94200.70-.001363        0 4 4 1        0 4 4 0                    Q  4f     3655431310 5 3 3 3   486.0  486.0
 41 2164.371620 4.115E-27 5.639E+00.07770.100 3486.48850.73-.001868        0 2 2 2        0 2 2 1                    Q 16e     3655431410 5 3 3 3   297.0  297.0
 45 2164.378291 2.724E-28 8.728E+01.07830.101 2965.24460.72-.001552        0 5 1 1        0 5 1 0                    R 14f     3655431310 5 3 3 3  1674.0 1566.0
 41 2164.380530 4.115E-27 5.639E+00.07770.100 3486.48410.73-.001868        0 2 2 2        0 2 2 1                    Q 16f     3655431410 5 3 3 3   297.0  297.0
 45 2164.384400 3.608E-24 9.688E+01.06600.074 1296.40210.74-.002179        0 0 0 1        0 0 0 0                    P 56e     3645431816 5 3 3 3  5994.0 6102.0
 41 2164.390450 1.605E-25 3.283E+00.07150.088 2747.82440.79-.002077        0 4 4 1        0 4 4 0                    Q 30e     3655431410 5 3 3 3   549.0  549.0
 41 2164.390510 1.605E-25 3.283E+00.07150.088 2747.82430.79-.002077        0 4 4 1        0 4 4 0                    Q 30f     3655431410 5 3 3 3   549.0  549.0
 42 2164.391000 3.223E-21 9.808E+01.07830.101  100.54550.72-.002135        0 0 0 1        0 0 0 0                    P 15e     3655431816 5 3 3 3   174.0  186.0
 44 2164.391700 3.585E-24 9.560E+01.07220.090 1490.68420.77-.002259        0 2 2 1        0 2 2 0                    P 28e     3655431810 5 3 3 3   495.0  513.0
 41 2164.391830 6.221E-26 4.311E-03.07410.094 1515.17560.73-.000626        0 6 0 0        1 0 0 0                    P 23e     3655431410 5 3 3 3   405.0  423.0
 44 2164.394800 3.585E-24 9.560E+01.07220.090 1490.66450.77-.002259        0 2 2 1        0 2 2 0                    P 28f     3655431810 5 3 3 3   495.0  513.0
 41 2164.398710 2.276E-26 6.188E-01.07040.086 2831.78630.81-.002113        0 4 2 1        0 4 2 0                    Q 34e     3655431410 5 3 3 3   621.0  621.0
 42 2164.398810 1.471E-27 1.843E+02.06850.081 3455.12150.78-.002112        0 1 1 2        0 1 1 1                    R 41e     3655431910 5 3 3 3   510.0  498.0
 42 2164.405400 1.307E-23 9.171E+01.07700.099 1258.53120.73-.001603        0 2 0 1        0 2 0 0                    R 16e     3655431810 5 3 3 3   210.0  198.0
 41 2164.433540 1.353E-28 5.178E-03.07090.087 2889.80930.81-.000956        1 6 2 0        1 2 2 0                    R 31f     3655431410 5 3 3 3   585.0  567.0
 45 2164.438279 1.973E-28 8.365E+01.07650.098 3059.19390.73-.001628        0 5 5 1        0 5 5 0                    R 17f     3655431310 5 3 3 3  1998.0 1890.0
 45 2164.438414 1.973E-28 8.365E+01.07650.098 3059.19390.73-.001628        0 5 5 1        0 5 5 0                    R 17e     3655431310 5 3 3 3  1998.0 1890.0
 42 2164.438460 1.461E-27 1.843E+02.06850.081 3456.48610.78-.002112        0 1 1 2        0 1 1 1                    R 41f     3655431910 5 3 3 3   510.0  498.0
 44 2164.442898 4.880E-27 7.134E+01.09410.116 2294.81090.70-.001133        0 4 0 1        0 4 0 0                    R  1e     3655431310 5 3 3 3    45.0   27.0
 43 2164.447530 2.045E-28 1.739E+02.07190.089 3768.24700.78-.001875        1 0 0 2        1 0 0 1                    R 28e     3655431910 5 3 3 3   354.0  342.0
 41 2164.456140 8.438E-27 1.786E+02.07700.099 4061.78770.73-.001603        0 3 3 2        0 3 3 1                    R 16e     3555431410 5 3 3 3   315.0  297.0
 41 2164.456160 8.438E-27 1.786E+02.07700.099 4061.78780.73-.001603        0 3 3 2        0 3 3 1                    R 16f     3555431410 5 3 3 3   315.0  297.0
 41 2164.456380 1.044E-28 1.375E-02.07990.103 2963.30550.72-.002274        3 2 2 0        0 5 1 0                    R 12e     3655431410 5 3 3 3   243.0  225.0
 42 2164.457800 6.708E-28 7.446E-03.07250.090 1445.84660.76-.001833        0 2 0 1        0 2 2 0                    R 26e     3655431810 5 3 3 3   330.0  318.0
 44 2164.465558 5.469E-28 8.097E+01.07360.093 3240.64370.74-.001768        1 3 3 1        1 3 3 0                    R 23e     3655431310 5 3 3 3   441.0  423.0
 44 2164.465562 5.469E-28 8.097E+01.07360.093 3240.64380.74-.001768        1 3 3 1        1 3 3 0                    R 23f     3655431310 5 3 3 3   441.0  423.0
 41 2164.466740 1.723E-28 1.815E+02.06990.084 5016.76550.81-.002009        0 4 0 2        0 4 0 1                    R 35e     3555431410 5 3 3 3   657.0  639.0
 44 2164.473416 3.078E-25 9.203E+01.07990.103 1825.68700.72-.002078        0 3 3 1        0 3 3 0                    P 13e     3655431310 5 3 3 3   225.0  243.0
 44 2164.473418 3.078E-25 9.203E+01.07990.103 1825.68700.72-.002078        0 3 3 1        0 3 3 0                    P 13f     3655431310 5 3 3 3   225.0  243.0
 41 2164.477150 2.102E-26 7.557E-01.07150.088 2863.92550.79-.002077        1 2 2 1        1 2 2 0                    Q 30e     3655431410 5 3 3 3   549.0  549.0
 41 2164.480840 4.676E-27 6.394E+00.07830.101 3473.15450.72-.001843        0 2 2 2        0 2 2 1                    Q 15e     3655431410 5 3 3 3   279.0  279.0
 43 2164.481300 1.074E-23 1.039E+02.08200.105 1213.52190.72-.002003        0 2 0 1        0 2 0 0                    P 11e     3655431810 5 3 3 3   126.0  138.0
 41 2164.481590 9.388E-27 1.816E+02.07770.100 4031.13870.73-.001578        0 3 1 2        0 3 1 1                    R 15e     3555431410 5 3 3 3   297.0  279.0
 42 2164.482013 1.731E-28 9.007E+01.06530.072 3824.06750.72-.002368        0 4 2 1        0 4 2 0                    R 60e     3645431310 5 3 3 3   738.0  726.0
 44 2164.487000 1.883E-25 8.851E+01.08090.104 1901.58670.72-.002043        1 1 1 1        1 1 1 0                    P 12f     3655431810 5 3 3 3   207.0  225.0
 41 2164.487780 4.676E-27 6.393E+00.07830.101 3473.15100.72-.001843        0 2 2 2        0 2 2 1                    Q 15f     3655431410 5 3 3 3   279.0  279.0
 41 2164.494260 1.594E-26 5.467E-01.06990.084 2891.20760.81-.002129        0 4 2 1        0 4 2 0                    Q 36f     3655431410 5 3 3 3   657.0  657.0
 43 2164.504900 9.110E-27 8.142E+01.07250.090 2816.53390.76-.001833        2 0 0 1        2 0 0 0                    R 26e     3655431810 5 3 3 3   330.0  318.0
 45 2164.507386 1.079E-28 2.417E+00.07700.099 2442.83170.73-.001890        0 4 2 1        0 4 2 0                    Q 17e     3655431310 5 3 3 3  1890.0 1890.0
 41 2164.508040 1.756E-26 8.947E+01.07120.088 3889.68340.80-.001915        0 6 4 1        0 6 4 0                    R 30f     3655431410 5 3 3 3   567.0  549.0
 41 2164.508100 1.756E-26 8.947E+01.07120.088 3889.68360.80-.001915        0 6 4 1        0 6 4 0                    R 30e     3655431410 5 3 3 3   567.0  549.0
 44 2164.509900 1.884E-25 8.850E+01.08090.104 1901.45070.72-.002043        1 1 1 1        1 1 1 0                    P 12e     3655431810 5 3 3 3   207.0  225.0
 43 2164.510290 3.779E-26 9.389E+01.07360.093 2529.37410.74-.001768        0 4 0 1        0 4 0 0                    R 23e     3655431910 5 3 3 3   294.0  282.0
 43 2164.514900 5.852E-24 9.640E+01.08200.105 1323.12000.72-.002003        1 0 0 1        1 0 0 0                    P 11e     3655431810 5 3 3 3   126.0  138.0
 43 2164.519659 1.462E-28 9.319E+01.06730.078 3811.08040.76-.002203        0 5 3 1        0 5 3 0                    R 47e     3655431310 5 3 3 3   582.0  570.0
 41 2164.520990 9.370E-27 1.816E+02.07770.100 4031.48980.73-.001578        0 3 1 2        0 3 1 1                    R 15f     3555431410 5 3 3 3   297.0  279.0
 43 2164.527408 1.462E-28 9.318E+01.06730.078 3811.13560.76-.002203        0 5 3 1        0 5 3 0                    R 47f     3655431310 5 3 3 3   582.0  570.0
 41 2164.530750 1.263E-28 3.175E-01.06400.069 3912.96550.70-.002302        0 3 3 1        0 3 3 0                    Q 71e     3644431410 5 3 3 3  1287.0 1287.0
 43 2164.531900 1.216E-25 2.109E+02.08460.107 2237.73870.72-.001904        0 0 0 2        0 0 0 1                    P  9e     3655431810 5 3 3 3   102.0  114.0
 45 2164.532998 1.079E-28 2.417E+00.07700.099 2442.81900.73-.001890        0 4 2 1        0 4 2 0                    Q 17f     3655431310 5 3 3 3  1890.0 1890.0
 44 2164.541300 2.424E-24 8.726E+01.07250.090 1544.74740.76-.002258        1 0 0 1        1 0 0 0                    P 27e     3655431810 5 3 3 3   477.0  495.0
 41 2164.544500 2.454E-26 8.988E+01.07190.089 3808.21650.78-.001875        0 6 0 1        0 6 0 0                    R 28e     3655431410 5 3 3 3   531.0  513.0
 41 2164.565110 2.101E-26 7.553E-01.07150.088 2863.88120.79-.002077        1 2 2 1        1 2 2 0                    Q 30f     3655431410 5 3 3 3   549.0  549.0
 44 2164.566193 1.461E-27 8.510E+01.07540.096 3012.09600.73-.001677        0 5 1 1        0 5 1 0                    R 19e     3655431310 5 3 3 3   369.0  351.0
 44 2164.568253 1.273E-27 8.493E+01.07490.095 3049.70700.73-.001700        0 5 3 1        0 5 3 0                    R 20e     3655431310 5 3 3 3   387.0  369.0
 44 2164.568285 1.273E-27 8.493E+01.07490.095 3049.70720.73-.001700        0 5 3 1        0 5 3 0                    R 20f     3655431310 5 3 3 3   387.0  369.0
 41 2164.575150 5.548E-27 8.415E+01.07040.086 4132.81210.81-.001972        1 4 4 1        1 4 4 0                    R 33f     3555431410 5 3 3 3   621.0  603.0
 41 2164.575160 5.548E-27 8.415E+01.07040.086 4132.81210.81-.001972        1 4 4 1        1 4 4 0                    R 33e     3555431410 5 3 3 3   621.0  603.0
 43 2164.577300 7.704E-28 2.768E-01.06670.076 2288.35790.75-.002226        0 2 2 1        0 2 2 0                    Q 52f     3645431810 5 3 3 3   630.0  630.0
 41 2164.581890 6.291E-25 8.855E+01.08200.105 2943.99510.72-.001443        0 5 1 1        0 5 1 0                    R 10e     3655431410 5 3 3 3   207.0  189.0
 41 2164.582970 6.222E-27 1.500E-03.06960.084 1871.22320.80-.000513        0 6 2 0        1 0 0 0                    P 37e     3655431410 5 3 3 3   657.0  675.0
 41 2164.583130 5.314E-27 7.310E+00.07910.102 3460.65360.72-.001817        0 2 2 2        0 2 2 1                    Q 14e     3655431410 5 3 3 3   261.0  261.0
 43 2164.586800 1.210E-27 3.018E-01.06700.077 2205.22660.75-.002216        0 2 2 1        0 2 2 0                    Q 50e     3645431810 5 3 3 3   606.0  606.0
 41 2164.587970 1.878E-25 3.512E+00.07190.089 2722.57060.78-.002067        0 4 4 1        0 4 4 0                    Q 29e     3655431410 5 3 3 3   531.0  531.0
 41 2164.588010 1.878E-25 3.512E+00.07190.089 2722.57050.78-.002067        0 4 4 1        0 4 4 0                    Q 29f     3655431410 5 3 3 3   531.0  531.0
 41 2164.588440 5.314E-27 7.309E+00.07910.102 3460.65100.72-.001817        0 2 2 2        0 2 2 1                    Q 14f     3655431410 5 3 3 3   261.0  261.0
 41 2164.602370 1.132E-21 9.913E+01.07070.086 1638.97410.81-.002255        0 2 0 1        0 2 0 0                    P 33e     3655431410 5 3 3 3   585.0  603.0
 42 2164.609100 9.361E-26 8.498E+01.06960.084 2415.68430.80-.002027        1 1 1 1        1 1 1 0                    R 36e     3655431810 5 3 3 3   450.0  438.0
 45 2164.618584 1.225E-28 2.721E+00.07770.100 2428.95110.73-.001868        0 4 2 1        0 4 2 0                    Q 16e     3655431310 5 3 3 3  1782.0 1782.0
 42 2164.620111 1.831E-28 9.011E+01.06530.072 3812.64020.72-.002368        0 4 0 1        0 4 0 0                    R 60e     3645431310 5 3 3 3   738.0  726.0
 41 2164.623210 6.282E-25 8.854E+01.08200.105 2944.23430.72-.001443        0 5 1 1        0 5 1 0                    R 10f     3655431410 5 3 3 3   207.0  189.0
 44 2164.623611 1.455E-27 8.507E+01.07540.096 3012.79810.73-.001677        0 5 1 1        0 5 1 0                    R 19f     3655431310 5 3 3 3   369.0  351.0
 41 2164.631260 5.762E-25 8.453E+01.08090.104 2969.64290.72-.001471        0 5 3 1        0 5 3 0                    R 11e     3655431410 5 3 3 3   225.0  207.0
 41 2164.631270 5.762E-25 8.453E+01.08090.104 2969.64290.72-.001471        0 5 3 1        0 5 3 0                    R 11f     3655431410 5 3 3 3   225.0  207.0
 41 2164.632870 2.617E-27 2.932E-03.08460.107 1910.32230.72-.000050        0 7 1 0        1 1 1 0                    R  8e     3655431410 5 3 3 3   171.0  153.0
 43 2164.633470 3.766E-28 1.896E+02.07190.089 3660.36200.78-.001875        0 2 0 2        0 2 0 1                    R 28e     3655431910 5 3 3 3   354.0  342.0
 45 2164.633782 1.290E-28 8.139E+01.07650.098 3141.00780.73-.001628        1 3 1 1        1 3 1 0                    R 17e     3655431310 5 3 3 3  1998.0 1890.0
 45 2164.638852 1.225E-28 2.721E+00.07770.100 2428.94110.73-.001868        0 4 2 1        0 4 2 0                    Q 16f     3655431310 5 3 3 3  1782.0 1782.0
 42 2164.639280 1.665E-25 9.146E+01.06940.083 2317.75960.80-.002044        0 3 3 1        0 3 3 0                    R 37e     3655431910 5 3 3 3   462.0  450.0
 42 2164.641600 9.305E-26 8.497E+01.06960.084 2416.87500.80-.002027        1 1 1 1        1 1 1 0                    R 36f     3655431810 5 3 3 3   450.0  438.0
 42 2164.641730 1.665E-25 9.146E+01.06940.083 2317.77090.80-.002044        0 3 3 1        0 3 3 0                    R 37f     3655431910 5 3 3 3   462.0  450.0
 41 2164.643820 1.719E-28 3.285E-01.06420.069 3853.64710.71-.002298        0 3 3 1        0 3 3 0                    Q 70f     3644431410 5 3 3 3  1269.0 1269.0
 41 2164.644540 8.527E-23 9.180E+01.07590.097 2039.22270.73-.002207        1 1 1 1        1 1 1 0                    P 19f     3655431410 5 3 3 3   333.0  351.0
 41 2164.649660 2.701E-26 6.584E-01.07070.086 2803.18070.81-.002104        0 4 2 1        0 4 2 0                    Q 33e     3655431410 5 3 3 3   603.0  603.0
 42 2164.651390 2.024E-25 9.160E+01.06960.084 2272.48950.80-.002027        0 3 1 1        0 3 1 0                    R 36e     3655431910 5 3 3 3   450.0  438.0
 41 2164.660500 1.681E-23 1.995E+02.07120.088 2635.81910.80-.002258        0 0 0 2        0 0 0 1                    P 31e     3655431410 5 3 3 3   549.0  567.0
 41 2164.674580 3.046E-27 7.684E+01.07010.085 4243.35120.81-.001991        2 2 0 1        2 2 0 0                    R 34e     3555431410 5 3 3 3   639.0  621.0
 45 2164.674789 1.287E-28 8.137E+01.07650.098 3141.46880.73-.001628        1 3 1 1        1 3 1 0                    R 17f     3655431310 5 3 3 3  1998.0 1890.0
 44 2164.675000 5.236E-27 7.183E+01.08680.109 2507.68970.71-.001320        2 0 0 1        2 0 0 0                    R  6e     3655431810 5 3 3 3   135.0  117.0
 41 2164.678510 6.044E-27 8.437E+00.07990.103 3448.98590.72-.001788        0 2 2 2        0 2 2 1                    Q 13e     3655431410 5 3 3 3   243.0  243.0
 41 2164.682490 6.044E-27 8.437E+00.07990.103 3448.98390.72-.001788        0 2 2 2        0 2 2 1                    Q 13f     3655431410 5 3 3 3   243.0  243.0
 41 2164.685230 2.457E-26 8.087E-01.07190.089 2838.82710.78-.002067        1 2 2 1        1 2 2 0                    Q 29e     3655431410 5 3 3 3   531.0  531.0
 41 2164.687300 8.539E-23 9.178E+01.07590.097 2038.87710.73-.002207        1 1 1 1        1 1 1 0                    P 19e     3655431410 5 3 3 3   333.0  351.0
 44 2164.687810 3.056E-28 7.534E+01.07250.090 3369.26070.76-.001833        2 1 1 1        2 1 1 0                    R 26e     3655431310 5 3 3 3   495.0  477.0
 45 2164.691511 1.112E-28 8.162E+01.07590.097 3183.01340.73-.001653        1 3 3 1        1 3 3 0                    R 18f     3655431310 5 3 3 3  2106.0 1998.0
 45 2164.691622 1.112E-28 8.162E+01.07590.097 3183.01340.73-.001653        1 3 3 1        1 3 3 0                    R 18e     3655431310 5 3 3 3  2106.0 1998.0
 44 2164.693900 3.791E-24 9.453E+01.07220.090 1476.78290.77-.002259        0 2 0 1        0 2 0 0                    P 28e     3655431810 5 3 3 3   495.0  513.0
 41 2164.696600 5.649E-24 1.054E+02.08920.111 2335.19170.71-.001612        0 4 0 1        0 4 0 0                    P  5e     3655431410 5 3 3 3    81.0   99.0
 41 2164.696980 1.469E-28 1.817E+02.06960.084 5055.38970.80-.002027        0 4 2 2        0 4 2 1                    R 36f     3555431410 5 3 3 3   675.0  657.0
 41 2164.698320 8.275E-27 8.324E+01.07090.087 4036.01360.81-.001934        1 4 0 1        1 4 0 0                    R 31e     3555431410 5 3 3 3   585.0  567.0
 41 2164.700190 1.905E-26 5.803E-01.07010.085 2860.95210.81-.002121        0 4 2 1        0 4 2 0                    Q 35f     3655431410 5 3 3 3   639.0  639.0
 41 2164.702750 2.075E-27 5.736E-04.06850.081 1925.71420.78-.002229        0 2 2 1        0 2 0 0                    P 42e     3655431410 5 3 3 3   747.0  765.0
 43 2164.703700 1.883E-28 9.183E+01.06750.078 3751.77530.76-.002189        0 5 1 1        0 5 1 0                    R 46e     3655431910 5 3 3 3   570.0  558.0
 44 2164.706027 1.928E-28 1.618E+02.08570.108 3379.71080.71-.001352        0 2 2 2        0 2 2 1                    R  7f     3655431310 5 3 3 3   153.0  135.0
 44 2164.706077 1.928E-28 1.618E+02.08570.108 3379.71090.71-.001352        0 2 2 2        0 2 2 1                    R  7e     3655431310 5 3 3 3   153.0  135.0
 44 2164.706100 4.826E-27 6.479E+01.08920.111 2439.39780.71-.001251        1 2 2 1        1 2 2 0                    R  4f     3655431310 5 3 3 3    99.0   81.0
 44 2164.706121 4.826E-27 6.479E+01.08920.111 2439.39780.71-.001251        1 2 2 1        1 2 2 0                    R  4e     3655431310 5 3 3 3    99.0   81.0
 42 2164.718330 2.003E-25 9.157E+01.06960.084 2274.55680.80-.002027        0 3 1 1        0 3 1 0                    R 36f     3655431910 5 3 3 3   450.0  438.0
 41 2164.722220 3.921E-28 5.566E-02.06540.073 3287.28360.73-.002261        0 3 1 1        0 3 1 0                    Q 60f     3645431410 5 3 3 3  1089.0 1089.0
 45 2164.722967 1.391E-28 3.086E+00.07830.101 2415.88690.72-.001843        0 4 2 1        0 4 2 0                    Q 15e     3655431310 5 3 3 3  1674.0 1674.0
 43 2164.725600 1.644E-26 8.745E+01.07290.091 2702.17250.75-.001812        1 2 0 1        1 2 0 0                    R 25e     3655431810 5 3 3 3   318.0  306.0
 45 2164.727800 3.311E-25 8.943E+01.07150.088 1641.26550.79-.002259        1 0 0 1        1 0 0 0                    P 30e     3655431810 5 3 3 3  3186.0 3294.0
 41 2164.731590 4.229E-28 9.955E-03.07250.090 2755.41740.76-.000174        0 8 0 0        1 2 0 0                    R 26e     3655431410 5 3 3 3   495.0  477.0
 41 2164.732910 1.467E-28 1.818E+02.06960.084 5055.70180.80-.002027        0 4 2 2        0 4 2 1                    R 36e     3555431410 5 3 3 3   675.0  657.0
 44 2164.734330 3.045E-28 7.535E+01.07250.090 3370.04220.76-.001833        2 1 1 1        2 1 1 0                    R 26f     3655431310 5 3 3 3   495.0  477.0
 41 2164.738610 6.012E-22 9.160E+01.07070.086 1752.84640.81-.002255        1 0 0 1        1 0 0 0                    P 33e     3655431410 5 3 3 3   585.0  603.0
 45 2164.738753 1.390E-28 3.086E+00.07830.101 2415.87910.72-.001843        0 4 2 1        0 4 2 0                    Q 15f     3655431310 5 3 3 3  1674.0 1674.0
 43 2164.746470 7.659E-27 1.843E+02.08460.107 2801.62560.72-.001384        0 1 1 2        0 1 1 1                    R  8e     3655431910 5 3 3 3   114.0  102.0
 43 2164.746960 8.155E-28 2.150E-02.08800.110 1286.82880.71-.000489        0 6 0 0        1 0 0 0                    P  6e     3655431910 5 3 3 3    66.0   78.0
 43 2164.752290 3.410E-26 9.380E+01.07330.092 2558.52970.74-.001790        0 4 2 1        0 4 2 0                    R 24f     3655431910 5 3 3 3   306.0  294.0
 44 2164.752754 6.272E-28 7.917E+01.07360.093 3207.80120.74-.001768        1 3 1 1        1 3 1 0                    R 23e     3655431310 5 3 3 3   441.0  423.0
 45 2164.756800 8.249E-27 1.956E+02.07220.090 2547.47600.77-.002259        0 0 0 2        0 0 0 1                    P 28e     3655431810 5 3 3 3  2970.0 3078.0
 43 2164.758420 7.656E-27 1.843E+02.08460.107 2801.67810.72-.001384        0 1 1 2        0 1 1 1                    R  8f     3655431910 5 3 3 3   114.0  102.0
 43 2164.761070 3.409E-26 9.379E+01.07330.092 2558.58060.74-.001790        0 4 2 1        0 4 2 0                    R 24e     3655431910 5 3 3 3   306.0  294.0
 41 2164.761110 1.315E-27 7.166E+01.06940.083 4418.40000.80-.002044        3 0 0 1        3 0 0 0                    R 37e     3555431410 5 3 3 3   693.0  675.0
 45 2164.761819 5.572E-25 9.754E+01.07150.088 1552.05960.79-.002259        0 2 2 1        0 2 2 0                    P 30e     3655431310 5 3 3 3  3186.0 3294.0
 41 2164.762430 2.456E-26 8.084E-01.07190.089 2838.78820.78-.002067        1 2 2 1        1 2 2 0                    Q 29f     3655431410 5 3 3 3   531.0  531.0
 41 2164.763590 4.893E-25 8.002E+01.07910.102 3022.49890.72-.001526        0 5 5 1        0 5 5 0                    R 13e     3655431410 5 3 3 3   261.0  243.0
 41 2164.763590 4.893E-25 8.002E+01.07910.102 3022.49890.72-.001526        0 5 5 1        0 5 5 0                    R 13f     3655431410 5 3 3 3   261.0  243.0
 45 2164.766109 5.573E-25 9.754E+01.07150.088 1552.02320.79-.002259        0 2 2 1        0 2 2 0                    P 30f     3655431310 5 3 3 3  3186.0 3294.0
 43 2164.766630 1.862E-28 9.273E+01.06750.078 3756.03110.76-.002189        0 5 1 1        0 5 1 0                    R 46f     3655431910 5 3 3 3   570.0  558.0
 41 2164.766980 6.883E-27 9.847E+00.08090.104 3438.15150.72-.001757        0 2 2 2        0 2 2 1                    Q 12e     3655431410 5 3 3 3   225.0  225.0
 44 2164.768700 5.429E-26 1.914E+02.07330.092 2471.67230.74-.002253        0 0 0 2        0 0 0 1                    P 25e     3655431810 5 3 3 3   441.0  459.0
 41 2164.769910 6.883E-27 9.847E+00.08090.104 3438.15000.72-.001757        0 2 2 2        0 2 2 1                    Q 12f     3655431410 5 3 3 3   225.0  225.0
 43 2164.772380 3.650E-25 7.523E+01.08680.109 1773.64820.71-.001320        0 3 3 1        0 3 3 0                    R  6e     3655431910 5 3 3 3    90.0   78.0
 43 2164.772380 3.650E-25 7.523E+01.08680.109 1773.64820.71-.001320        0 3 3 1        0 3 3 0                    R  6f     3655431910 5 3 3 3    90.0   78.0
 42 2164.773900 1.237E-23 9.096E+01.07650.098 1279.54460.73-.001628        0 2 2 1        0 2 2 0                    R 17f     3655431810 5 3 3 3   222.0  210.0
 42 2164.776500 1.237E-23 9.096E+01.07650.098 1279.55190.73-.001628        0 2 2 1        0 2 2 0                    R 17e     3655431810 5 3 3 3   222.0  210.0
 41 2164.778670 2.172E-24 1.005E+02.09060.112 2470.35930.70-.001513        1 2 0 1        1 2 0 0                    P  4e     3655431410 5 3 3 3    63.0   81.0
 41 2164.778910 2.190E-25 3.766E+00.07220.090 2698.15740.77-.002056        0 4 4 1        0 4 4 0                    Q 28e     3655431410 5 3 3 3   513.0  513.0
 41 2164.778940 2.190E-25 3.766E+00.07220.090 2698.15740.77-.002056        0 4 4 1        0 4 4 0                    Q 28f     3655431410 5 3 3 3   513.0  513.0
 45 2164.782826 8.016E-28 1.966E+02.07990.103 2865.94450.72-.002078        0 1 1 2        0 1 1 1                    P 13f     3655431310 5 3 3 3  1350.0 1458.0
 41 2164.783190 2.728E-25 8.093E+01.07910.102 3144.99340.72-.001526        1 3 3 1        1 3 3 0                    R 13e     3655431410 5 3 3 3   261.0  243.0
 41 2164.783190 2.728E-25 8.093E+01.07910.102 3144.99340.72-.001526        1 3 3 1        1 3 3 0                    R 13f     3655431410 5 3 3 3   261.0  243.0
 43 2164.787040 1.442E-26 8.823E+01.07250.090 2738.50570.76-.001833        1 2 2 1        1 2 2 0                    R 26f     3655431910 5 3 3 3   330.0  318.0
 41 2164.787060 1.021E-28 9.171E-04.07910.102 2410.88580.72-.002108        0 4 2 1        0 4 0 0                    P 14e     3655431410 5 3 3 3   243.0  261.0
 43 2164.789530 1.442E-26 8.823E+01.07250.090 2738.52440.76-.001833        1 2 2 1        1 2 2 0                    R 26e     3655431910 5 3 3 3   330.0  318.0
 44 2164.799055 6.246E-28 7.914E+01.07360.093 3208.57610.74-.001768        1 3 1 1        1 3 1 0                    R 23f     3655431310 5 3 3 3   441.0  423.0
 41 2164.799710 1.108E-28 4.536E-02.06520.072 3511.81970.72-.002269        1 1 1 1        1 1 1 0                    Q 62f     3645431410 5 3 3 3  1125.0 1125.0
 45 2164.803946 8.020E-28 1.966E+02.07990.103 2865.81020.72-.002078        0 1 1 2        0 1 1 1                    P 13e     3655431310 5 3 3 3  1350.0 1458.0
 41 2164.805040 1.018E-28 1.827E+02.06920.083 5142.67610.79-.002062        0 4 4 2        0 4 4 1                    R 38f     3555431410 5 3 3 3   711.0  693.0
 41 2164.805090 1.018E-28 1.827E+02.06920.083 5142.67630.79-.002062        0 4 4 2        0 4 4 1                    R 38e     3555431410 5 3 3 3   711.0  693.0
 44 2164.809688 9.686E-28 8.520E+01.07410.094 3124.90140.73-.001746        0 5 5 1        0 5 5 0                    R 22f     3655431310 5 3 3 3   423.0  405.0
 44 2164.809691 9.686E-28 8.520E+01.07410.094 3124.90140.73-.001746        0 5 5 1        0 5 5 0                    R 22e     3655431310 5 3 3 3   423.0  405.0
 42 2164.809975 1.391E-28 9.017E+01.06520.072 3872.59210.72-.002379        0 4 2 1        0 4 2 0                    R 61f     3645431310 5 3 3 3   750.0  738.0
 41 2164.810330 1.076E-26 8.938E+01.07040.086 4008.90360.81-.001972        0 6 6 1        0 6 6 0                    R 33e     3555431410 5 3 3 3   621.0  603.0
 41 2164.810330 1.076E-26 8.938E+01.07040.086 4008.90360.81-.001972        0 6 6 1        0 6 6 0                    R 33f     3555431410 5 3 3 3   621.0  603.0
 44 2164.813218 2.148E-28 1.690E+02.08570.108 3366.41700.71-.001352        0 2 0 2        0 2 0 1                    R  7e     3655431310 5 3 3 3   153.0  135.0
 43 2164.814180 3.314E-28 1.904E+02.07150.088 3694.30760.79-.001895        0 2 2 2        0 2 2 1                    R 29f     3655431910 5 3 3 3   366.0  354.0
 43 2164.816940 3.313E-28 1.904E+02.07150.088 3694.34380.79-.001895        0 2 2 2        0 2 2 1                    R 29e     3655431910 5 3 3 3   366.0  354.0
 45 2164.820569 1.579E-28 3.528E+00.07910.102 2403.63910.72-.001817        0 4 2 1        0 4 2 0                    Q 14e     3655431310 5 3 3 3  1566.0 1566.0
 41 2164.823480 2.653E-27 2.974E-03.08460.107 1910.38770.72-.000050        0 7 1 0        1 1 1 0                    R  8f     3655431410 5 3 3 3   171.0  153.0
 41 2164.823560 3.064E-25 8.290E+01.07990.103 3111.37810.72-.001499        1 3 1 1        1 3 1 0                    R 12e     3655431410 5 3 3 3   243.0  225.0
 45 2164.832667 1.578E-28 3.528E+00.07910.102 2403.63310.72-.001817        0 4 2 1        0 4 2 0                    Q 14f     3655431310 5 3 3 3  1566.0 1566.0
 41 2164.848580 7.859E-27 1.164E+01.08200.105 3428.15030.72-.001723        0 2 2 2        0 2 2 1                    Q 11e     3655431410 5 3 3 3   207.0  207.0
 41 2164.850670 7.858E-27 1.164E+01.08200.105 3428.14930.72-.001723        0 2 2 2        0 2 2 1                    Q 11f     3655431410 5 3 3 3   207.0  207.0
 44 2164.855700 3.238E-23 9.504E+01.06630.075 1173.46960.74-.002186        0 0 0 1        0 0 0 0                    P 54e     3645431816 5 3 3 3   963.0  981.0
 43 2164.857000 4.163E-25 8.775E+01.08800.110 1748.80990.71-.001286        0 3 1 1        0 3 1 0                    R  5e     3655431810 5 3 3 3    78.0   66.0
 44 2164.857177 6.139E-27 7.478E+01.08920.111 2419.39880.71-.001251        1 2 0 1        1 2 0 0                    R  4e     3655431310 5 3 3 3    99.0   81.0
 41 2164.857530 3.059E-25 8.288E+01.07990.103 3111.63030.72-.001499        1 3 1 1        1 3 1 0                    R 12f     3655431410 5 3 3 3   243.0  225.0
 43 2164.861900 9.349E-24 1.009E+02.08330.106 1215.49620.72-.001957        0 2 2 1        0 2 2 0                    P 10e     3655431810 5 3 3 3   114.0  126.0
 43 2164.862100 9.349E-24 1.009E+02.08330.106 1215.49550.72-.001957        0 2 2 1        0 2 2 0                    P 10f     3655431810 5 3 3 3   114.0  126.0
 41 2164.863950 4.582E-27 1.679E+02.07700.099 4174.58830.73-.001603        1 1 1 2        1 1 1 1                    R 16e     3555431410 5 3 3 3   315.0  297.0
 42 2164.869800 1.591E-25 1.851E+02.07490.095 2352.20060.73-.001700        0 0 0 2        0 0 0 1                    R 20e     3655431810 5 3 3 3   258.0  246.0
 41 2164.870600 2.529E-27 7.835E+01.06990.084 4291.26980.81-.002009        2 2 2 1        2 2 2 0                    R 35f     3555431410 5 3 3 3   657.0  639.0
 43 2164.872800 4.162E-25 8.774E+01.08800.110 1748.85170.71-.001286        0 3 1 1        0 3 1 0                    R  5f     3655431810 5 3 3 3    78.0   66.0
 44 2164.873341 3.855E-27 4.289E+01.09220.114 2307.79810.70-.001175        0 4 2 1        0 4 2 0                    R  2f     3655431310 5 3 3 3    63.0   45.0
 44 2164.873350 3.855E-27 4.289E+01.09220.114 2307.79810.70-.001175        0 4 2 1        0 4 2 0                    R  2e     3655431310 5 3 3 3    63.0   45.0
 41 2164.874470 2.528E-27 7.833E+01.06990.084 4291.33190.81-.002009        2 2 2 1        2 2 2 0                    R 35e     3555431410 5 3 3 3   657.0  639.0
 41 2164.877420 2.156E-26 8.948E+01.07150.088 3840.79640.79-.001895        0 6 2 1        0 6 2 0                    R 29f     3655431410 5 3 3 3   549.0  531.0
 41 2164.884210 1.526E-26 3.822E+02.09620.119 3364.81120.69-.001130        0 2 0 2        0 2 0 1                    P  1e     3655431410 5 3 3 3     9.0   27.0
 41 2164.886060 2.864E-26 8.674E-01.07220.090 2814.56440.77-.002056        1 2 2 1        1 2 2 0                    Q 28e     3655431410 5 3 3 3   513.0  513.0
 41 2164.887270 4.576E-27 1.679E+02.07700.099 4174.82910.73-.001603        1 1 1 2        1 1 1 1                    R 16f     3555431410 5 3 3 3   315.0  297.0
 43 2164.889801 2.616E-26 9.360E+01.07250.090 2628.14920.76-.001833        0 4 4 1        0 4 4 0                    R 26e     3655431310 5 3 3 3   330.0  318.0
 43 2164.889807 2.616E-26 9.360E+01.07250.090 2628.14920.76-.001833        0 4 4 1        0 4 4 0                    R 26f     3655431310 5 3 3 3   330.0  318.0
 41 2164.891920 3.196E-26 7.017E-01.07090.087 2775.41600.81-.002095        0 4 2 1        0 4 2 0                    Q 32e     3655431410 5 3 3 3   585.0  585.0
 43 2164.892300 9.664E-28 2.885E-01.06680.076 2246.23420.75-.002221        0 2 2 1        0 2 2 0                    Q 51f     3645431810 5 3 3 3   618.0  618.0
 41 2164.901800 2.270E-26 6.168E-01.07040.086 2831.53500.81-.002113        0 4 2 1        0 4 2 0                    Q 34f     3655431410 5 3 3 3   621.0  621.0
 41 2164.909840 2.158E-26 8.971E+01.07150.088 3841.07740.79-.001895        0 6 2 1        0 6 2 0                    R 29e     3655431410 5 3 3 3   549.0  531.0
 45 2164.911444 1.793E-28 4.073E+00.07990.103 2392.20770.72-.001788        0 4 2 1        0 4 2 0                    Q 13e     3655431310 5 3 3 3  1458.0 1458.0
 45 2164.920541 1.793E-28 4.073E+00.07990.103 2392.20320.72-.001788        0 4 2 1        0 4 2 0                    Q 13f     3655431310 5 3 3 3  1458.0 1458.0
 42 2164.922171 1.371E-28 9.009E+01.06520.072 3875.33520.72-.002379        0 4 2 1        0 4 2 0                    R 61e     3645431310 5 3 3 3   750.0  738.0
 41 2164.923320 9.004E-27 1.397E+01.08330.106 3418.98240.72-.001685        0 2 2 2        0 2 2 1                    Q 10e     3655431410 5 3 3 3   189.0  189.0
 41 2164.924760 9.004E-27 1.397E+01.08330.106 3418.98170.72-.001685        0 2 2 2        0 2 2 1                    Q 10f     3655431410 5 3 3 3   189.0  189.0
 43 2164.939000 1.507E-27 3.149E-01.06720.077 2164.69230.75-.002210        0 2 2 1        0 2 2 0                    Q 49e     3655431810 5 3 3 3   594.0  594.0
 44 2164.941997 1.482E-28 1.563E+02.08330.106 3470.15260.72-.001414        1 0 0 2        1 0 0 1                    R  9e     3655431310 5 3 3 3   189.0  171.0
 42 2164.943640 1.271E-27 1.844E+02.06830.080 3489.99810.78-.002128        0 1 1 2        0 1 1 1                    R 42e     3655431910 5 3 3 3   522.0  510.0
 41 2164.953480 2.864E-26 8.671E-01.07220.090 2814.53050.77-.002056        1 2 2 1        1 2 2 0                    Q 28f     3655431410 5 3 3 3   513.0  513.0
 41 2164.960750 7.122E-27 8.356E+01.07070.086 4073.85210.81-.001953        1 4 2 1        1 4 2 0                    R 32f     3555431410 5 3 3 3   603.0  585.0
 45 2164.962409 2.694E-28 6.317E+01.09410.116 2525.47970.70-.001133        2 0 0 1        2 0 0 0                    R  1e     3655431310 5 3 3 3   270.0  162.0
 41 2164.963270 2.546E-25 4.048E+00.07250.090 2674.58500.76-.002045        0 4 4 1        0 4 4 0                    Q 27e     3655431410 5 3 3 3   495.0  495.0
 41 2164.963290 2.546E-25 4.048E+00.07250.090 2674.58500.76-.002045        0 4 4 1        0 4 4 0                    Q 27f     3655431410 5 3 3 3   495.0  495.0
 41 2164.971010 9.335E-25 9.738E+01.09220.114 2568.32670.70-.001400        2 0 0 1        2 0 0 0                    P  3e     3655431410 5 3 3 3    45.0   63.0
 41 2164.973930 1.655E-25 7.771E+01.07830.101 3253.17370.72-.001552        2 1 1 1        2 1 1 0                    R 14e     3655431410 5 3 3 3   279.0  261.0
 41 2164.978560 7.114E-27 8.354E+01.07070.086 4074.03440.81-.001953        1 4 2 1        1 4 2 0                    R 32e     3555431410 5 3 3 3   603.0  585.0
 42 2164.983600 1.262E-27 1.844E+02.06830.080 3491.42910.78-.002128        0 1 1 2        0 1 1 1                    R 42f     3655431910 5 3 3 3   522.0  510.0
 43 2164.985100 2.421E-25 8.356E+01.08680.109 1879.71340.71-.001320        1 1 1 1        1 1 1 0                    R  6e     3655431810 5 3 3 3    90.0   78.0
 41 2164.989940 1.716E-28 3.278E-01.06420.069 3853.47560.71-.002298        0 3 3 1        0 3 3 0                    Q 70e     3644431410 5 3 3 3  1269.0 1269.0
 41 2164.991220 1.037E-26 1.708E+01.08460.107 3410.64790.72-.001644        0 2 2 2        0 2 2 1                    Q  9e     3655431410 5 3 3 3   171.0  171.0
 41 2164.992190 1.037E-26 1.708E+01.08460.107 3410.64740.72-.001644        0 2 2 2        0 2 2 1                    Q  9f     3655431410 5 3 3 3   171.0  171.0
 45 2164.995640 2.040E-28 4.754E+00.08090.104 2381.59270.72-.001757        0 4 2 1        0 4 2 0                    Q 12e     3655431310 5 3 3 3  1350.0 1350.0
 43 2164.996000 2.420E-25 8.355E+01.08680.109 1879.74980.71-.001320        1 1 1 1        1 1 1 0                    R  6f     3655431810 5 3 3 3    90.0   78.0
 42 2164.997300 6.267E-24 8.492E+01.07700.099 1393.79980.73-.001603        1 0 0 1        1 0 0 0                    R 16e     3655431810 5 3 3 3   210.0  198.0
 41 2164.998240 1.653E-25 7.770E+01.07830.101 3253.39960.72-.001552        2 1 1 1        2 1 1 0                    R 14f     3655431410 5 3 3 3   279.0  261.0
 45 2165.002328 2.040E-28 4.754E+00.08090.104 2381.58950.72-.001757        0 4 2 1        0 4 2 0                    Q 12f     3655431310 5 3 3 3  1350.0 1350.0
 44 2165.016700 3.550E-25 9.448E+01.07990.103 1801.64520.72-.002078        0 3 1 1        0 3 1 0                    P 13f     3655431810 5 3 3 3   225.0  243.0
 43 2165.017578 1.235E-28 9.325E+01.06720.077 3850.07910.75-.002217        0 5 3 1        0 5 3 0                    R 48e     3655431310 5 3 3 3   594.0  582.0
 41 2165.019380 3.750E-21 9.930E+01.06790.079 1457.33700.77-.002218        0 1 1 1        0 1 1 0                    P 45f     3655431415 5 3 3 3   801.0  819.0
 43 2165.026079 1.235E-28 9.324E+01.06720.077 3850.14130.75-.002217        0 5 3 1        0 5 3 0                    R 48f     3655431310 5 3 3 3   594.0  582.0
 42 2165.028835 1.452E-28 9.014E+01.06520.072 3863.68170.72-.002379        0 4 0 1        0 4 0 0                    R 61e     3645431310 5 3 3 3   750.0  738.0
 41 2165.041420 1.727E-22 9.879E+01.07590.097 1909.04370.73-.002207        0 3 1 1        0 3 1 0                    P 19f     3655431410 5 3 3 3   333.0  351.0
 45 2165.041843 2.746E-28 8.759E+01.07770.100 2977.04200.73-.001578        0 5 1 1        0 5 1 0                    R 15e     3655431310 5 3 3 3  1782.0 1674.0
 43 2165.042520 1.892E-28 1.743E+02.07150.088 3791.42480.79-.001895        1 0 0 2        1 0 0 1                    R 29e     3655431910 5 3 3 3   366.0  354.0
 45 2165.043300 2.069E-24 9.740E+01.06830.080 1356.92610.78-.002225        0 1 1 1        0 1 1 0                    P 43f     3655431815 5 3 3 3  4590.0 4698.0
 45 2165.045706 2.452E-28 8.617E+01.07700.099 3009.06250.73-.001603        0 5 3 1        0 5 3 0                    R 16f     3655431310 5 3 3 3  1890.0 1782.0
 45 2165.045798 2.452E-28 8.617E+01.07700.099 3009.06240.73-.001603        0 5 3 1        0 5 3 0                    R 16e     3655431310 5 3 3 3  1890.0 1782.0
 41 2165.051250 1.531E-28 1.816E+02.06960.084 5046.74390.80-.002027        0 4 0 2        0 4 0 1                    R 36e     3555431410 5 3 3 3   675.0  657.0
 41 2165.052280 1.203E-26 2.136E+01.08570.108 3403.14680.71-.001598        0 2 2 2        0 2 2 1                    Q  8e     3655431410 5 3 3 3   153.0  153.0
 41 2165.052890 1.203E-26 2.136E+01.08570.108 3403.14650.71-.001598        0 2 2 2        0 2 2 1                    Q  8f     3655431410 5 3 3 3   153.0  153.0
 44 2165.053200 3.553E-25 9.447E+01.07990.103 1801.41120.72-.002078        0 3 1 1        0 3 1 0                    P 13e     3655431810 5 3 3 3   225.0  243.0
 41 2165.061700 1.359E-28 5.206E-03.07090.087 2889.85950.81-.000956        1 6 2 0        1 2 2 0                    R 31e     3655431410 5 3 3 3   585.0  567.0
 41 2165.070000 1.523E-26 6.322E-04.07410.094 1409.61690.73-.002244        0 2 0 1        0 2 2 0                    P 23e     3655431410 5 3 3 3   405.0  423.0
 41 2165.070090 6.207E-26 4.103E-03.07450.094 1495.99020.73-.000631        0 6 0 0        1 0 0 0                    P 22e     3655431410 5 3 3 3   387.0  405.0
 45 2165.073194 2.327E-28 5.620E+00.08200.105 2371.79420.72-.001723        0 4 2 1        0 4 2 0                    Q 11e     3655431310 5 3 3 3  1242.0 1242.0
 41 2165.077480 8.852E-27 1.890E-03.06990.084 1840.38120.81-.000522        0 6 2 0        1 0 0 0                    P 36e     3655431410 5 3 3 3   639.0  657.0
 45 2165.077988 2.327E-28 5.620E+00.08200.105 2371.79190.72-.001723        0 4 2 1        0 4 2 0                    Q 11f     3655431310 5 3 3 3  1242.0 1242.0
 45 2165.078520 4.514E-28 1.846E+02.09620.119 2308.81120.69-.001130        0 4 0 1        0 4 0 0                    P  1e     3655431310 5 3 3 3    54.0  162.0
 41 2165.079680 3.329E-26 9.326E-01.07250.090 2791.13760.76-.002045        1 2 2 1        1 2 2 0                    Q 27e     3655431410 5 3 3 3   495.0  495.0
 44 2165.082100 1.567E-23 9.552E+01.06870.081 1266.47040.78-.002232        0 1 1 1        0 1 1 0                    P 41f     3655431815 5 3 3 3   729.0  747.0
 43 2165.085200 6.488E-22 1.010E+02.06920.083  631.17930.79-.002239        0 0 0 1        0 0 0 0                    P 39e     3655431816 5 3 3 3   462.0  474.0
 42 2165.092700 6.788E-28 8.122E-03.07220.090 1468.52080.77-.001854        0 2 0 1        0 2 2 0                    R 27e     3655431810 5 3 3 3   342.0  330.0
 41 2165.093410 7.917E-27 3.499E+02.09620.119 3481.64680.69-.001130        1 0 0 2        1 0 0 1                    P  1e     3655431410 5 3 3 3     9.0   27.0
 45 2165.094416 2.739E-28 8.757E+01.07770.100 2977.52300.73-.001578        0 5 1 1        0 5 1 0                    R 15f     3655431310 5 3 3 3  1782.0 1674.0
 41 2165.099000 2.696E-26 6.565E-01.07070.086 2802.95630.81-.002104        0 4 2 1        0 4 2 0                    Q 33f     3655431410 5 3 3 3   603.0  603.0
 44 2165.100477 5.202E-28 8.119E+01.07330.092 3259.64030.74-.001790        1 3 3 1        1 3 3 0                    R 24e     3655431310 5 3 3 3   459.0  441.0
 44 2165.100485 5.202E-28 8.119E+01.07330.092 3259.64030.74-.001790        1 3 3 1        1 3 3 0                    R 24f     3655431310 5 3 3 3   459.0  441.0
 45 2165.102121 3.550E-26 9.019E+01.07830.101 1956.23560.72-.002135        1 1 1 1        1 1 1 0                    P 15f     3655431310 5 3 3 3  1566.0 1674.0
 41 2165.103510 2.744E-28 2.301E+02.09410.116 4418.20200.70-.001133        0 0 0 3        0 0 0 2                    R  1e     3555431410 5 3 3 3    45.0   27.0
 45 2165.103949 6.819E-26 9.676E+01.07770.100 1850.09500.73-.002157        0 3 1 1        0 3 1 0                    P 16f     3655431310 5 3 3 3  1674.0 1782.0
 41 2165.106520 1.410E-26 2.746E+01.08680.109 3396.47900.71-.001548        0 2 2 2        0 2 2 1                    Q  7e     3655431410 5 3 3 3   135.0  135.0
 41 2165.106900 1.410E-26 2.746E+01.08680.109 3396.47880.71-.001548        0 2 2 2        0 2 2 1                    Q  7f     3655431410 5 3 3 3   135.0  135.0
 41 2165.108280 1.731E-22 9.877E+01.07590.097 1908.47670.73-.002207        0 3 1 1        0 3 1 0                    P 19e     3655431410 5 3 3 3   333.0  351.0
 41 2165.109280 6.797E-21 9.884E+01.06590.074 1383.32510.73-.002176        0 0 0 1        0 0 0 0                    P 57e     3645431416 5 3 3 3  1017.0 1035.0
 44 2165.110849 3.471E-27 1.941E+02.08460.107 2822.41010.72-.001904        0 1 1 2        0 1 1 1                    P  9f     3655431310 5 3 3 3   153.0  171.0
 43 2165.112200 1.444E-22 1.018E+02.07330.092  848.99940.74-.002253        0 1 1 1        0 1 1 0                    P 25f     3655431815 5 3 3 3   294.0  306.0
 43 2165.117100 8.502E-27 8.152E+01.07220.090 2838.22040.77-.001854        2 0 0 1        2 0 0 0                    R 27e     3655431810 5 3 3 3   342.0  330.0
 41 2165.120880 3.779E-21 9.920E+01.06790.079 1455.70190.77-.002218        0 1 1 1        0 1 1 0                    P 45e     3655431415 5 3 3 3   801.0  819.0
 41 2165.122130 2.326E-28 3.391E-01.06430.069 3794.97560.71-.002295        0 3 3 1        0 3 3 0                    Q 69f     3645431410 5 3 3 3  1251.0 1251.0
 44 2165.124014 3.472E-27 1.940E+02.08460.107 2822.34700.72-.001904        0 1 1 2        0 1 1 1                    P  9e     3655431310 5 3 3 3   153.0  171.0
 41 2165.125580 3.769E-26 7.492E-01.07120.088 2748.49200.80-.002086        0 4 2 1        0 4 2 0                    Q 31e     3655431410 5 3 3 3   567.0  567.0
 42 2165.127000 1.291E-23 9.192E+01.07650.098 1272.80300.73-.001628        0 2 0 1        0 2 0 0                    R 17e     3655431810 5 3 3 3   222.0  210.0
 45 2165.130800 2.082E-24 9.738E+01.06830.080 1355.51400.78-.002225        0 1 1 1        0 1 1 0                    P 43e     3655431815 5 3 3 3  4590.0 4698.0
 41 2165.132240 8.732E-25 5.925E+01.09220.114 2479.82100.70-.001400        1 2 2 1        1 2 2 0                    P  3f     3655431410 5 3 3 3    45.0   63.0
 41 2165.132250 8.732E-25 5.925E+01.09220.114 2479.82100.70-.001400        1 2 2 1        1 2 2 0                    P  3e     3655431410 5 3 3 3    45.0   63.0
 45 2165.133675 3.553E-26 9.018E+01.07830.101 1956.02230.72-.002135        1 1 1 1        1 1 1 0                    P 15e     3655431310 5 3 3 3  1566.0 1674.0
 45 2165.136907 1.956E-28 8.455E+01.07590.097 3073.92550.73-.001653        0 5 5 1        0 5 5 0                    R 18f     3655431310 5 3 3 3  2106.0 1998.0
 45 2165.137042 1.956E-28 8.455E+01.07590.097 3073.92550.73-.001653        0 5 5 1        0 5 5 0                    R 18e     3655431310 5 3 3 3  2106.0 1998.0
 41 2165.138260 3.329E-26 9.323E-01.07250.090 2791.10810.76-.002045        1 2 2 1        1 2 2 0                    Q 27f     3655431410 5 3 3 3   495.0  495.0
 41 2165.141050 2.953E-25 4.362E+00.07290.091 2651.85350.75-.002034        0 4 4 1        0 4 4 0                    Q 26e     3655431410 5 3 3 3   477.0  477.0
 41 2165.141070 2.953E-25 4.362E+00.07290.091 2651.85350.75-.002034        0 4 4 1        0 4 4 0                    Q 26f     3655431410 5 3 3 3   477.0  477.0
 41 2165.144010 1.598E-26 8.966E+01.07090.087 3915.80760.81-.001934        0 6 4 1        0 6 4 0                    R 31f     3655431410 5 3 3 3   585.0  567.0
 41 2165.144070 1.598E-26 8.966E+01.07090.087 3915.80780.81-.001934        0 6 4 1        0 6 4 0                    R 31e     3655431410 5 3 3 3   585.0  567.0
 45 2165.144147 2.665E-28 6.746E+00.08330.106 2362.81220.72-.001685        0 4 2 1        0 4 2 0                    Q 10e     3655431310 5 3 3 3  1134.0 1134.0
 45 2165.147482 2.664E-28 6.746E+00.08330.106 2362.81060.72-.001685        0 4 2 1        0 4 2 0                    Q 10f     3655431310 5 3 3 3  1134.0 1134.0
 41 2165.153970 1.676E-26 3.662E+01.08800.110 3390.64470.71-.001493        0 2 2 2        0 2 2 1                    Q  6e     3655431410 5 3 3 3   117.0  117.0
 41 2165.154170 1.676E-26 3.662E+01.08800.110 3390.64460.71-.001493        0 2 2 2        0 2 2 1                    Q  6f     3655431410 5 3 3 3   117.0  117.0
 45 2165.154264 6.831E-26 9.675E+01.07770.100 1849.71820.73-.002157        0 3 1 1        0 3 1 0                    P 16e     3655431310 5 3 3 3  1674.0 1782.0
 43 2165.158000 1.447E-22 1.018E+02.07330.092  848.51630.74-.002253        0 1 1 1        0 1 1 0                    P 25e     3655431815 5 3 3 3   294.0  306.0
 44 2165.158700 1.576E-23 9.550E+01.06870.081 1265.24830.78-.002232        0 1 1 1        0 1 1 0                    P 41e     3655431815 5 3 3 3   729.0  747.0
 43 2165.159880 3.581E-26 9.402E+01.07330.092 2548.86130.74-.001790        0 4 0 1        0 4 0 0                    R 24e     3655431910 5 3 3 3   306.0  294.0
 41 2165.166240 3.331E-24 8.165E+01.09060.112 2339.53670.70-.001513        0 4 2 1        0 4 2 0                    P  4e     3655431410 5 3 3 3    63.0   81.0
 41 2165.166280 3.331E-24 8.165E+01.09060.112 2339.53660.70-.001513        0 4 2 1        0 4 2 0                    P  4f     3655431410 5 3 3 3    63.0   81.0
 41 2165.169900 8.369E-27 1.797E+02.07650.098 4075.97380.73-.001628        0 3 3 2        0 3 3 1                    R 17e     3555431410 5 3 3 3   333.0  315.0
 41 2165.169920 8.369E-27 1.797E+02.07650.098 4075.97390.73-.001628        0 3 3 2        0 3 3 1                    R 17f     3555431410 5 3 3 3   333.0  315.0
 41 2165.177340 1.199E-21 9.944E+01.07090.087 1621.25990.81-.002257        0 2 2 1        0 2 2 0                    P 32e     3655431410 5 3 3 3   567.0  585.0
 41 2165.180350 1.207E-28 1.562E-02.07910.102 2974.21960.72-.002313        3 2 2 0        0 5 1 0                    R 13e     3655431410 5 3 3 3   261.0  243.0
 41 2165.182810 4.976E-27 8.429E+01.07010.085 4161.32310.81-.001991        1 4 4 1        1 4 4 0                    R 34f     3555431410 5 3 3 3   639.0  621.0
 41 2165.182830 4.976E-27 8.429E+01.07010.085 4161.32310.81-.001991        1 4 4 1        1 4 4 0                    R 34e     3555431410 5 3 3 3   639.0  621.0
 41 2165.184340 1.199E-21 9.944E+01.07090.087 1621.19530.81-.002257        0 2 2 1        0 2 2 0                    P 32f     3655431410 5 3 3 3   567.0  585.0
 41 2165.188060 2.255E-26 8.997E+01.07150.088 3832.58970.79-.001895        0 6 0 1        0 6 0 0                    R 29e     3655431410 5 3 3 3   549.0  531.0
 42 2165.191400 8.275E-26 8.506E+01.06940.083 2446.52660.80-.002044        1 1 1 1        1 1 1 0                    R 37e     3655431810 5 3 3 3   462.0  450.0
 41 2165.194620 2.035E-26 5.128E+01.08920.111 3385.64380.71-.001431        0 2 2 2        0 2 2 1                    Q  5e     3655431410 5 3 3 3    99.0   99.0
 41 2165.194720 2.035E-26 5.128E+01.08920.111 3385.64370.71-.001431        0 2 2 2        0 2 2 1                    Q  5f     3655431410 5 3 3 3    99.0   99.0
 45 2165.199200 5.869E-25 9.708E+01.07150.088 1540.31550.79-.002259        0 2 0 1        0 2 0 0                    P 30e     3655431810 5 3 3 3  3186.0 3294.0
 41 2165.200280 9.355E-27 1.822E+02.07700.099 4044.45560.73-.001603        0 3 1 2        0 3 1 1                    R 16e     3555431410 5 3 3 3   315.0  297.0
 43 2165.202300 1.208E-27 3.009E-01.06700.077 2204.91700.75-.002216        0 2 2 1        0 2 2 0                    Q 50f     3645431810 5 3 3 3   606.0  606.0
 43 2165.206360 1.597E-28 9.184E+01.06730.078 3789.81570.76-.002203        0 5 1 1        0 5 1 0                    R 47e     3655431910 5 3 3 3   582.0  570.0
 45 2165.208537 3.066E-28 8.248E+00.08460.107 2354.64670.72-.001644        0 4 2 1        0 4 2 0                    Q  9e     3655431310 5 3 3 3  1026.0 1026.0
 45 2165.210773 3.066E-28 8.248E+00.08460.107 2354.64560.72-.001644        0 4 2 1        0 4 2 0                    Q  9f     3655431310 5 3 3 3  1026.0 1026.0
 41 2165.211680 1.595E-22 9.729E+01.07650.098 1910.76220.73-.002193        0 3 3 1        0 3 3 0                    P 18f     3655431410 5 3 3 3   315.0  333.0
 41 2165.211690 1.595E-22 9.729E+01.07650.098 1910.76210.73-.002193        0 3 3 1        0 3 3 0                    P 18e     3655431410 5 3 3 3   315.0  333.0
 44 2165.217823 7.264E-27 7.651E+01.09220.114 2296.39800.70-.001175        0 4 0 1        0 4 0 0                    R  2e     3655431310 5 3 3 3    63.0   45.0
 42 2165.223800 8.223E-26 8.504E+01.06940.083 2447.78360.80-.002044        1 1 1 1        1 1 1 0                    R 37f     3655431810 5 3 3 3   462.0  450.0
 42 2165.227030 1.463E-25 9.156E+01.06920.083 2349.68710.79-.002062        0 3 3 1        0 3 3 0                    R 38e     3655431910 5 3 3 3   474.0  462.0
 44 2165.227343 1.232E-27 8.523E+01.07450.094 3066.39530.73-.001723        0 5 3 1        0 5 3 0                    R 21e     3655431310 5 3 3 3   405.0  387.0
 44 2165.227467 1.232E-27 8.523E+01.07450.094 3066.39550.73-.001723        0 5 3 1        0 5 3 0                    R 21f     3655431310 5 3 3 3   405.0  387.0
 44 2165.228260 1.420E-27 8.527E+01.07490.095 3027.93450.73-.001700        0 5 1 1        0 5 1 0                    R 20e     3655431310 5 3 3 3   387.0  369.0
 41 2165.228470 2.549E-26 7.692E+01.09060.112 3381.47630.70-.001363        0 2 2 2        0 2 2 1                    Q  4e     3655431410 5 3 3 3    81.0   81.0
 41 2165.228510 2.549E-26 7.692E+01.09060.112 3381.47630.70-.001363        0 2 2 2        0 2 2 1                    Q  4f     3655431410 5 3 3 3    81.0   81.0
 42 2165.229820 1.463E-25 9.156E+01.06920.083 2349.70030.79-.002062        0 3 3 1        0 3 3 0                    R 38f     3655431910 5 3 3 3   474.0  462.0
 43 2165.238560 3.478E-28 1.898E+02.07150.088 3683.68110.79-.001895        0 2 0 2        0 2 0 1                    R 29e     3655431910 5 3 3 3   366.0  354.0
 41 2165.241680 9.335E-27 1.821E+02.07700.099 4044.85350.73-.001603        0 3 1 2        0 3 1 1                    R 16f     3555431410 5 3 3 3   315.0  297.0
 42 2165.242692 1.098E-28 9.020E+01.06500.071 3924.55910.72-.002390        0 4 2 1        0 4 2 0                    R 62f     3645431310 5 3 3 3   762.0  750.0
 42 2165.244150 1.788E-25 9.168E+01.06940.083 2303.49300.80-.002044        0 3 1 1        0 3 1 0                    R 37e     3655431910 5 3 3 3   462.0  450.0
 41 2165.255550 3.358E-26 1.282E+02.09220.114 3378.14240.70-.001287        0 2 2 2        0 2 2 1                    Q  3e     3655431410 5 3 3 3    63.0   63.0
 41 2165.255570 3.358E-26 1.282E+02.09220.114 3378.14240.70-.001287        0 2 2 2        0 2 2 1                    Q  3f     3655431410 5 3 3 3    63.0   63.0
 41 2165.255780 2.240E-24 2.000E+02.07770.100 2911.58030.73-.002157        0 1 1 2        0 1 1 1                    P 16f     3655431410 5 3 3 3   279.0  297.0
 41 2165.259110 2.719E-27 7.689E+01.06990.084 4272.45420.81-.002009        2 2 0 1        2 2 0 0                    R 35e     3555431410 5 3 3 3   657.0  639.0
 41 2165.266100 3.859E-26 1.005E+00.07290.091 2768.54670.75-.002034        1 2 2 1        1 2 2 0                    Q 26e     3655431410 5 3 3 3   477.0  477.0
 45 2165.266387 3.555E-28 1.031E+01.08570.108 2347.29760.71-.001598        0 4 2 1        0 4 2 0                    Q  8e     3655431310 5 3 3 3   918.0  918.0
 43 2165.267410 1.579E-28 9.277E+01.06730.078 3794.25020.76-.002203        0 5 1 1        0 5 1 0                    R 47f     3655431910 5 3 3 3   582.0  570.0
 45 2165.267834 3.555E-28 1.031E+01.08570.108 2347.29700.71-.001598        0 4 2 1        0 4 2 0                    Q  8f     3655431310 5 3 3 3   918.0  918.0
 45 2165.268157 6.021E-26 9.480E+01.07830.101 1857.74000.72-.002135        0 3 3 1        0 3 3 0                    P 15f     3655431310 5 3 3 3  1566.0 1674.0
 45 2165.268295 6.021E-26 9.480E+01.07830.101 1857.73990.72-.002135        0 3 3 1        0 3 3 0                    P 15e     3655431310 5 3 3 3  1566.0 1674.0
 41 2165.275850 4.856E-26 2.565E+02.09410.116 3375.64190.70-.001203        0 2 2 2        0 2 2 1                    Q  2e     3655431410 5 3 3 3    45.0   45.0
 41 2165.275860 4.856E-26 2.565E+02.09410.116 3375.64190.70-.001203        0 2 2 2        0 2 2 1                    Q  2f     3655431410 5 3 3 3    45.0   45.0
 41 2165.277580 1.297E-28 1.817E+02.06940.083 5086.23940.80-.002044        0 4 2 2        0 4 2 1                    R 37f     3555431410 5 3 3 3   693.0  675.0
 43 2165.283100 1.870E-27 3.289E-01.06730.078 2124.96640.76-.002205        0 2 2 1        0 2 2 0                    Q 48e     3655431810 5 3 3 3   582.0  582.0
 41 2165.283910 2.242E-24 1.999E+02.07770.100 2911.36910.73-.002157        0 1 1 2        0 1 1 1                    P 16e     3655431410 5 3 3 3   279.0  297.0
 41 2165.287460 5.078E-28 5.741E-02.06560.073 3236.94340.73-.002257        0 3 1 1        0 3 1 0                    Q 59f     3645431410 5 3 3 3  1071.0 1071.0
 44 2165.287664 1.414E-27 8.524E+01.07490.095 3028.71030.73-.001700        0 5 1 1        0 5 1 0                    R 20f     3655431310 5 3 3 3   387.0  369.0
 41 2165.291720 3.190E-26 6.999E-01.07090.087 2775.21630.81-.002095        0 4 2 1        0 4 2 0                    Q 32f     3655431410 5 3 3 3   585.0  585.0
 44 2165.294941 2.859E-28 7.544E+01.07220.090 3390.47850.77-.001854        2 1 1 1        2 1 1 0                    R 27e     3655431310 5 3 3 3   513.0  495.0
 42 2165.311390 1.768E-25 9.165E+01.06940.083 2305.67360.80-.002044        0 3 1 1        0 3 1 0                    R 37f     3655431910 5 3 3 3   462.0  450.0
 41 2165.312260 3.415E-25 4.714E+00.07330.092 2629.96290.74-.002022        0 4 4 1        0 4 4 0                    Q 25e     3655431410 5 3 3 3   459.0  459.0
 41 2165.312270 3.415E-25 4.714E+00.07330.092 2629.96290.74-.002022        0 4 4 1        0 4 4 0                    Q 25f     3655431410 5 3 3 3   459.0  459.0
 41 2165.313980 7.492E-27 8.332E+01.07070.086 4062.76830.81-.001953        1 4 0 1        1 4 0 0                    R 32e     3555431410 5 3 3 3   603.0  585.0
 41 2165.315950 1.297E-28 1.819E+02.06940.083 5086.58520.80-.002044        0 4 2 2        0 4 2 1                    R 37e     3555431410 5 3 3 3   693.0  675.0
 41 2165.316020 1.159E-27 7.172E+01.06920.083 4449.84540.79-.002062        3 0 0 1        3 0 0 0                    R 38e     3555431410 5 3 3 3   711.0  693.0
 41 2165.316720 3.858E-26 1.005E+00.07290.091 2768.52120.75-.002034        1 2 2 1        1 2 2 0                    Q 26f     3655431410 5 3 3 3   477.0  477.0
 45 2165.317747 4.164E-28 1.326E+01.08680.109 2340.76510.71-.001548        0 4 2 1        0 4 2 0                    Q  7e     3655431310 5 3 3 3   810.0  810.0
 45 2165.318618 4.164E-28 1.326E+01.08680.109 2340.76480.71-.001548        0 4 2 1        0 4 2 0                    Q  7f     3655431310 5 3 3 3   810.0  810.0
 45 2165.321108 1.269E-28 8.159E+01.07590.097 3155.59920.73-.001653        1 3 1 1        1 3 1 0                    R 18e     3655431310 5 3 3 3  2106.0 1998.0
 42 2165.321600 3.199E-21 9.848E+01.07910.102   87.97840.72-.002108        0 0 0 1        0 0 0 0                    P 14e     3655431816 5 3 3 3   162.0  174.0
 41 2165.337170 1.449E-28 4.692E-02.06530.072 3460.10420.72-.002265        1 1 1 1        1 1 1 0                    Q 61f     3645431410 5 3 3 3  1107.0 1107.0
 44 2165.342328 2.959E-25 9.153E+01.08090.104 1815.36210.72-.002043        0 3 3 1        0 3 3 0                    P 12e     3655431310 5 3 3 3   207.0  225.0
 44 2165.342333 2.959E-25 9.153E+01.08090.104 1815.36210.72-.002043        0 3 3 1        0 3 3 0                    P 12f     3655431310 5 3 3 3   207.0  225.0
 44 2165.342760 2.848E-28 7.546E+01.07220.090 3391.32070.77-.001854        2 1 1 1        2 1 1 0                    R 27f     3655431310 5 3 3 3   513.0  495.0
 41 2165.343610 6.571E-25 8.906E+01.08090.104 2953.23060.72-.001471        0 5 1 1        0 5 1 0                    R 11e     3655431410 5 3 3 3   225.0  207.0
 44 2165.348000 1.806E-25 8.884E+01.08200.105 1892.10240.72-.002003        1 1 1 1        1 1 1 0                    P 11f     3655431810 5 3 3 3   189.0  207.0
 41 2165.350730 4.430E-26 8.013E-01.07150.088 2722.40900.79-.002077        0 4 2 1        0 4 2 0                    Q 30e     3655431410 5 3 3 3   549.0  549.0
 43 2165.353700 1.541E-26 8.756E+01.07250.090 2723.16850.76-.001833        1 2 0 1        1 2 0 0                    R 26e     3655431810 5 3 3 3   330.0  318.0
 44 2165.354300 3.850E-24 9.575E+01.07250.090 1468.48390.76-.002258        0 2 2 1        0 2 2 0                    P 27e     3655431810 5 3 3 3   477.0  495.0
 42 2165.355566 1.081E-28 9.011E+01.06500.071 3927.43770.72-.002390        0 4 2 1        0 4 2 0                    R 62e     3645431310 5 3 3 3   762.0  750.0
 44 2165.356900 3.851E-24 9.575E+01.07250.090 1468.46690.76-.002258        0 2 2 1        0 2 2 0                    P 27f     3655431810 5 3 3 3   477.0  495.0
 43 2165.358200 1.020E-23 1.045E+02.08330.106 1204.59740.72-.001957        0 2 0 1        0 2 0 0                    P 10e     3655431810 5 3 3 3   114.0  126.0
 45 2165.362613 4.948E-28 1.769E+01.08800.110 2335.04920.71-.001493        0 4 2 1        0 4 2 0                    Q  6e     3655431310 5 3 3 3   702.0  702.0
 45 2165.363128 4.948E-28 1.769E+01.08800.110 2335.04900.71-.001493        0 4 2 1        0 4 2 0                    Q  6f     3655431310 5 3 3 3   702.0  702.0
 45 2165.363646 1.265E-28 8.157E+01.07590.097 3156.11440.73-.001653        1 3 1 1        1 3 1 0                    R 18f     3655431310 5 3 3 3  2106.0 1998.0
 44 2165.368700 1.807E-25 8.883E+01.08200.105 1891.98750.72-.002003        1 1 1 1        1 1 1 0                    P 11e     3655431810 5 3 3 3   189.0  207.0
 45 2165.375804 1.088E-28 8.199E+01.07540.096 3198.47140.73-.001677        1 3 3 1        1 3 3 0                    R 19f     3655431310 5 3 3 3  2214.0 2106.0
 45 2165.375912 1.088E-28 8.199E+01.07540.096 3198.47130.73-.001677        1 3 3 1        1 3 3 0                    R 19e     3655431310 5 3 3 3  2214.0 2106.0
 44 2165.382253 5.960E-28 7.929E+01.07330.092 3226.71990.74-.001790        1 3 1 1        1 3 1 0                    R 24e     3655431310 5 3 3 3   459.0  441.0
 45 2165.385329 2.251E-28 5.689E+01.09620.119 2435.72720.69-.001089        1 2 0 1        1 2 0 0                    R  0e     3655431310 5 3 3 3   162.0   54.0
 41 2165.388080 6.561E-25 8.905E+01.08090.104 2953.51770.72-.001471        0 5 1 1        0 5 1 0                    R 11f     3655431410 5 3 3 3   225.0  207.0
 43 2165.388600 1.119E-25 2.127E+02.08570.108 2230.51220.71-.001845        0 0 0 2        0 0 0 1                    P  8e     3655431810 5 3 3 3    90.0  102.0
 41 2165.388820 6.002E-25 8.570E+01.07990.103 2979.75120.72-.001499        0 5 3 1        0 5 3 0                    R 12e     3655431410 5 3 3 3   243.0  225.0
 41 2165.388840 6.002E-25 8.570E+01.07990.103 2979.75120.72-.001499        0 5 3 1        0 5 3 0                    R 12f     3655431410 5 3 3 3   243.0  225.0
 43 2165.388900 5.556E-24 9.697E+01.08330.106 1314.24900.72-.001957        1 0 0 1        1 0 0 0                    P 10e     3655431810 5 3 3 3   114.0  126.0
 43 2165.394978 3.214E-26 9.397E+01.07290.091 2578.84580.75-.001812        0 4 2 1        0 4 2 0                    R 25f     3655431910 5 3 3 3   318.0  306.0
 45 2165.401033 6.003E-28 2.476E+01.08920.111 2330.14970.71-.001431        0 4 2 1        0 4 2 0                    Q  5e     3655431310 5 3 3 3   594.0  594.0
 45 2165.401316 6.003E-28 2.476E+01.08920.111 2330.14970.71-.001431        0 4 2 1        0 4 2 0                    Q  5f     3655431310 5 3 3 3   594.0  594.0
 41 2165.404910 1.001E-28 1.857E-04.07010.085 2279.27850.81-.002251        0 3 3 1        0 3 1 0                    P 35f     3655431410 5 3 3 3   621.0  639.0
 43 2165.406460 3.213E-26 9.396E+01.07290.091 2578.90390.75-.001812        0 4 2 1        0 4 2 0                    R 25e     3655431910 5 3 3 3   318.0  306.0
 44 2165.408900 5.827E-27 7.250E+01.08570.108 2513.19050.71-.001352        2 0 0 1        2 0 0 0                    R  7e     3655431810 5 3 3 3   153.0  135.0
 43 2165.410370 1.346E-26 8.838E+01.07220.090 2760.33740.77-.001854        1 2 2 1        1 2 2 0                    R 27f     3655431910 5 3 3 3   342.0  330.0
 43 2165.412960 1.345E-26 8.838E+01.07220.090 2760.35920.77-.001854        1 2 2 1        1 2 2 0                    R 27e     3655431910 5 3 3 3   342.0  330.0
 43 2165.413320 3.046E-28 1.907E+02.07120.088 3718.44930.80-.001915        0 2 2 2        0 2 2 1                    R 30f     3655431910 5 3 3 3   378.0  366.0
 43 2165.416430 3.045E-28 1.906E+02.07120.088 3718.49040.80-.001915        0 2 2 2        0 2 2 1                    R 30e     3655431910 5 3 3 3   378.0  366.0
 41 2165.428190 9.651E-27 8.962E+01.07010.085 4037.58750.81-.001991        0 6 6 1        0 6 6 0                    R 34e     3555431410 5 3 3 3   639.0  621.0
 41 2165.428190 9.651E-27 8.962E+01.07010.085 4037.58750.81-.001991        0 6 6 1        0 6 6 0                    R 34f     3555431410 5 3 3 3   639.0  621.0
 44 2165.429539 5.933E-28 7.926E+01.07330.092 3227.56200.74-.001790        1 3 1 1        1 3 1 0                    R 24f     3655431310 5 3 3 3   459.0  441.0
 45 2165.433019 7.516E-28 3.715E+01.09060.112 2326.06690.70-.001363        0 4 2 1        0 4 2 0                    Q  4e     3655431310 5 3 3 3   486.0  486.0
 45 2165.433169 7.516E-28 3.715E+01.09060.112 2326.06690.70-.001363        0 4 2 1        0 4 2 0                    Q  4f     3655431310 5 3 3 3   486.0  486.0
 44 2165.436005 2.134E-28 1.653E+02.08460.107 3386.00630.72-.001384        0 2 2 2        0 2 2 1                    R  8f     3655431310 5 3 3 3   171.0  153.0
 44 2165.436146 2.134E-28 1.653E+02.08460.107 3386.00640.72-.001384        0 2 2 2        0 2 2 1                    R  8e     3655431310 5 3 3 3   171.0  153.0
 41 2165.443220 2.322E-28 3.385E-01.06430.069 3794.81660.71-.002295        0 3 3 1        0 3 3 0                    Q 69e     3645431410 5 3 3 3  1251.0 1251.0
 41 2165.445360 4.461E-26 1.087E+00.07330.092 2746.79180.74-.002022        1 2 2 1        1 2 2 0                    Q 25e     3655431410 5 3 3 3   459.0  459.0
 41 2165.453090 2.247E-27 7.843E+01.06960.084 4321.26650.80-.002027        2 2 2 1        2 2 2 0                    R 36f     3555431410 5 3 3 3   675.0  657.0
 41 2165.457170 2.246E-27 7.841E+01.06960.084 4321.33550.80-.002027        2 2 2 1        2 2 2 0                    R 36e     3555431410 5 3 3 3   675.0  657.0
 45 2165.458590 9.899E-28 6.192E+01.09220.114 2322.80060.70-.001287        0 4 2 1        0 4 2 0                    Q  3e     3655431310 5 3 3 3   378.0  378.0
 45 2165.458672 9.899E-28 6.192E+01.09220.114 2322.80060.70-.001287        0 4 2 1        0 4 2 0                    Q  3f     3655431310 5 3 3 3   378.0  378.0
 44 2165.458806 6.013E-27 6.967E+01.08800.110 2443.35160.71-.001286        1 2 2 1        1 2 2 0                    R  5e     3655431310 5 3 3 3   117.0   99.0
 44 2165.458865 6.013E-27 6.967E+01.08800.110 2443.35150.71-.001286        1 2 2 1        1 2 2 0                    R  5f     3655431310 5 3 3 3   117.0   99.0
 44 2165.458880 9.284E-28 8.567E+01.07360.093 3143.20920.74-.001768        0 5 5 1        0 5 5 0                    R 23e     3655431310 5 3 3 3   441.0  423.0
 44 2165.458888 9.284E-28 8.567E+01.07360.093 3143.20920.74-.001768        0 5 5 1        0 5 5 0                    R 23f     3655431310 5 3 3 3   441.0  423.0
 42 2165.461206 1.146E-28 9.016E+01.06500.071 3915.52220.72-.002390        0 4 0 1        0 4 0 0                    R 62e     3645431310 5 3 3 3   762.0  750.0
 41 2165.461520 1.265E-28 5.355E-03.07070.086 2916.57230.81-.000971        1 6 2 0        1 2 2 0                    R 32f     3655431410 5 3 3 3   603.0  585.0
 41 2165.476880 3.939E-25 5.110E+00.07360.093 2608.91350.74-.002009        0 4 4 1        0 4 4 0                    Q 24e     3655431410 5 3 3 3   441.0  441.0
 41 2165.476890 3.939E-25 5.110E+00.07360.093 2608.91340.74-.002009        0 4 4 1        0 4 4 0                    Q 24f     3655431410 5 3 3 3   441.0  441.0
 45 2165.477755 1.431E-27 1.239E+02.09410.116 2320.35080.70-.001203        0 4 2 1        0 4 2 0                    Q  2e     3655431310 5 3 3 3   270.0  270.0
 45 2165.477811 1.431E-27 1.239E+02.09410.116 2320.35090.70-.001203        0 4 2 1        0 4 2 0                    Q  2f     3655431310 5 3 3 3   270.0  270.0
 41 2165.479850 3.762E-26 7.475E-01.07120.088 2748.31510.80-.002086        0 4 2 1        0 4 2 0                    Q 31f     3655431410 5 3 3 3   567.0  567.0
 42 2165.481720 1.094E-27 1.845E+02.06810.080 3525.70250.77-.002143        0 1 1 2        0 1 1 1                    R 43e     3655431910 5 3 3 3   534.0  522.0
 43 2165.483290 8.237E-27 1.859E+02.08330.106 2808.85600.72-.001414        0 1 1 2        0 1 1 1                    R  9e     3655431910 5 3 3 3   126.0  114.0
 41 2165.488850 4.460E-26 1.086E+00.07330.092 2746.76990.74-.002022        1 2 2 1        1 2 2 0                    Q 25f     3655431410 5 3 3 3   459.0  459.0
 42 2165.489600 1.215E-23 9.128E+01.07590.097 1294.66160.73-.001653        0 2 2 1        0 2 2 0                    R 18f     3655431810 5 3 3 3   234.0  222.0
 42 2165.492600 1.215E-23 9.127E+01.07590.097 1294.67080.73-.001653        0 2 2 1        0 2 2 0                    R 18e     3655431810 5 3 3 3   234.0  222.0
 43 2165.496360 8.233E-27 1.859E+02.08330.106 2808.92170.72-.001414        0 1 1 2        0 1 1 1                    R  9f     3655431910 5 3 3 3   126.0  114.0
 44 2165.497000 2.589E-24 8.743E+01.07290.091 1523.47720.75-.002256        1 0 0 1        1 0 0 0                    P 26e     3655431810 5 3 3 3   459.0  477.0
 43 2165.507200 1.504E-27 3.140E-01.06720.077 2164.40650.75-.002210        0 2 2 1        0 2 2 0                    Q 49f     3655431810 5 3 3 3   594.0  594.0
 43 2165.508924 1.039E-28 9.330E+01.06700.077 3889.88690.75-.002231        0 5 3 1        0 5 3 0                    R 49e     3645431310 5 3 3 3   606.0  594.0
 41 2165.509120 5.044E-25 8.178E+01.07830.101 3034.30510.72-.001552        0 5 5 1        0 5 5 0                    R 14e     3655431410 5 3 3 3   279.0  261.0
 41 2165.509120 5.044E-25 8.178E+01.07830.101 3034.30510.72-.001552        0 5 5 1        0 5 5 0                    R 14f     3655431410 5 3 3 3   279.0  261.0
 43 2165.517390 6.740E-28 2.123E-02.08920.111 1281.98970.71-.000451        0 6 0 0        1 0 0 0                    P  5e     3655431910 5 3 3 3    54.0   66.0
 41 2165.517590 1.972E-26 8.965E+01.07120.088 3866.04720.80-.001915        0 6 2 1        0 6 2 0                    R 30f     3655431410 5 3 3 3   567.0  549.0
 43 2165.518218 1.038E-28 9.329E+01.06700.077 3889.95670.75-.002231        0 5 3 1        0 5 3 0                    R 49f     3645431310 5 3 3 3   606.0  594.0
 41 2165.518460 2.837E-27 2.985E-03.08330.106 1917.83610.72-.000047        0 7 1 0        1 1 1 0                    R  9e     3655431410 5 3 3 3   189.0  171.0
 41 2165.521090 2.779E-25 8.168E+01.07830.101 3156.72670.72-.001552        1 3 3 1        1 3 3 0                    R 14e     3655431410 5 3 3 3   279.0  261.0
 41 2165.521090 2.779E-25 8.168E+01.07830.101 3156.72670.72-.001552        1 3 3 1        1 3 3 0                    R 14f     3655431410 5 3 3 3   279.0  261.0
 42 2165.521920 1.085E-27 1.845E+02.06810.080 3527.20150.77-.002143        0 1 1 2        0 1 1 1                    R 43f     3655431910 5 3 3 3   534.0  522.0
 43 2165.522621 2.442E-26 9.386E+01.07220.090 2650.11500.77-.001854        0 4 4 1        0 4 4 0                    R 27e     3655431310 5 3 3 3   342.0  330.0
 43 2165.522628 2.442E-26 9.386E+01.07220.090 2650.11500.77-.001854        0 4 4 1        0 4 4 0                    R 27f     3655431310 5 3 3 3   342.0  330.0
 43 2165.533210 4.273E-25 7.993E+01.08570.108 1779.33870.71-.001352        0 3 3 1        0 3 3 0                    R  7e     3655431910 5 3 3 3   102.0   90.0
 43 2165.533210 4.273E-25 7.993E+01.08570.108 1779.33870.71-.001352        0 3 3 1        0 3 3 0                    R  7f     3655431910 5 3 3 3   102.0   90.0
 44 2165.542226 2.344E-28 1.702E+02.08460.107 3372.70630.72-.001384        0 2 0 2        0 2 0 1                    R  8e     3655431310 5 3 3 3   171.0  153.0
 42 2165.553300 1.531E-25 1.854E+02.07450.094 2369.65160.73-.001723        0 0 0 2        0 0 0 1                    R 21e     3655431810 5 3 3 3   270.0  258.0
 41 2165.553480 1.974E-26 8.990E+01.07120.088 3866.36630.80-.001915        0 6 2 1        0 6 2 0                    R 30e     3655431410 5 3 3 3   567.0  549.0
 45 2165.557700 4.423E-24 9.705E+01.06620.075 1250.97170.74-.002182        0 0 0 1        0 0 0 0                    P 55e     3645431816 5 3 3 3  5886.0 5994.0
 41 2165.564110 4.614E-24 1.085E+02.09060.112 2330.98570.70-.001513        0 4 0 1        0 4 0 0                    P  4e     3655431410 5 3 3 3    63.0   81.0
 41 2165.565620 3.133E-25 8.325E+01.07910.102 3122.23800.72-.001526        1 3 1 1        1 3 1 0                    R 13e     3655431410 5 3 3 3   261.0  243.0
 44 2165.566875 3.546E-27 3.030E+01.08920.111 2346.29040.71-.001251        0 4 4 1        0 4 4 0                    R  4e     3655431310 5 3 3 3    99.0   81.0
 44 2165.566881 3.546E-27 3.030E+01.08920.111 2346.29040.71-.001251        0 4 4 1        0 4 4 0                    R  4f     3655431310 5 3 3 3    99.0   81.0
 41 2165.567470 5.190E-26 8.587E-01.07190.089 2697.16690.78-.002067        0 4 2 1        0 4 2 0                    Q 29e     3655431410 5 3 3 3   531.0  531.0
 41 2165.568240 4.532E-27 1.683E+02.07650.098 4188.66260.73-.001628        1 1 1 2        1 1 1 1                    R 17e     3555431410 5 3 3 3   333.0  315.0
 41 2165.571910 6.417E-27 8.366E+01.07040.086 4101.47790.81-.001972        1 4 2 1        1 4 2 0                    R 33f     3555431410 5 3 3 3   621.0  603.0
 41 2165.583090 1.302E-26 2.474E-03.07010.085 1810.37100.81-.000531        0 6 2 0        1 0 0 0                    P 35e     3655431410 5 3 3 3   621.0  639.0
 41 2165.591060 6.409E-27 8.363E+01.07040.086 4101.68290.81-.001972        1 4 2 1        1 4 2 0                    R 33e     3555431410 5 3 3 3   621.0  603.0
 41 2165.592530 4.526E-27 1.683E+02.07650.098 4188.93350.73-.001628        1 1 1 2        1 1 1 1                    R 17f     3555431410 5 3 3 3   333.0  315.0
 41 2165.593140 3.135E-28 3.503E-01.06440.070 3737.13600.71-.002291        0 3 3 1        0 3 3 0                    Q 68f     3645431410 5 3 3 3  1233.0 1233.0
 41 2165.601570 3.127E-25 8.323E+01.07910.102 3122.53220.72-.001526        1 3 1 1        1 3 1 0                    R 13f     3655431410 5 3 3 3   261.0  243.0
 41 2165.604330 8.727E-23 9.202E+01.07650.098 2023.32920.73-.002193        1 1 1 1        1 1 1 0                    P 18f     3655431410 5 3 3 3   315.0  333.0
 44 2165.607738 7.228E-27 7.600E+01.08800.110 2423.34480.71-.001286        1 2 0 1        1 2 0 0                    R  5e     3655431310 5 3 3 3   117.0   99.0
 41 2165.617470 5.144E-26 1.178E+00.07360.093 2725.87300.74-.002009        1 2 2 1        1 2 2 0                    Q 24e     3655431410 5 3 3 3   441.0  441.0
 43 2165.619300 2.311E-27 3.436E-01.06750.078 2086.04900.76-.002200        0 2 2 1        0 2 2 0                    Q 47e     3655431810 5 3 3 3   570.0  570.0
 43 2165.622300 4.780E-25 8.948E+01.08680.109 1753.67470.71-.001320        0 3 1 1        0 3 1 0                    R  6e     3655431810 5 3 3 3    90.0   78.0
 41 2165.628900 1.354E-28 1.818E+02.06940.083 5077.55140.80-.002044        0 4 0 2        0 4 0 1                    R 37e     3555431410 5 3 3 3   693.0  675.0
 43 2165.630040 1.740E-28 1.746E+02.07120.088 3815.40130.80-.001915        1 0 0 2        1 0 0 1                    R 30e     3655431910 5 3 3 3   378.0  366.0
 41 2165.634920 4.533E-25 5.558E+00.07410.094 2588.70520.73-.001995        0 4 4 1        0 4 4 0                    Q 23e     3655431410 5 3 3 3   423.0  423.0
 41 2165.634940 4.533E-25 5.558E+00.07410.094 2588.70520.73-.001995        0 4 4 1        0 4 4 0                    Q 23f     3655431410 5 3 3 3   423.0  423.0
 41 2165.635230 1.656E-24 1.056E+02.09220.114 2467.01420.70-.001400        1 2 0 1        1 2 0 0                    P  3e     3655431410 5 3 3 3    45.0   63.0
 43 2165.640500 4.779E-25 8.947E+01.08680.109 1753.73310.71-.001320        0 3 1 1        0 3 1 0                    R  6f     3655431810 5 3 3 3    90.0   78.0
 44 2165.642579 6.860E-27 6.011E+01.09060.112 2310.18040.70-.001214        0 4 2 1        0 4 2 0                    R  3f     3655431310 5 3 3 3    81.0   63.0
 44 2165.642599 6.860E-27 6.011E+01.09060.112 2310.18040.70-.001214        0 4 2 1        0 4 2 0                    R  3e     3655431310 5 3 3 3    81.0   63.0
 41 2165.644410 8.738E-23 9.201E+01.07650.098 2023.01820.73-.002193        1 1 1 1        1 1 1 0                    P 18e     3655431410 5 3 3 3   315.0  333.0
 44 2165.651745 1.570E-28 1.571E+02.08200.105 3477.96930.72-.001443        1 0 0 2        1 0 0 1                    R 10e     3655431310 5 3 3 3   207.0  189.0
 41 2165.654610 5.143E-26 1.178E+00.07360.093 2725.85430.74-.002009        1 2 2 1        1 2 2 0                    Q 24f     3655431410 5 3 3 3   441.0  441.0
 41 2165.655110 1.256E-21 9.933E+01.07090.087 1611.29450.81-.002257        0 2 0 1        0 2 0 0                    P 32e     3655431410 5 3 3 3   567.0  585.0
 44 2165.655700 4.073E-24 9.472E+01.07250.090 1454.60930.76-.002258        0 2 0 1        0 2 0 0                    P 27e     3655431810 5 3 3 3   477.0  495.0
 41 2165.663320 4.423E-26 7.997E-01.07150.088 2722.25290.79-.002077        0 4 2 1        0 4 2 0                    Q 30f     3655431410 5 3 3 3   549.0  549.0
 45 2165.670555 7.781E-28 1.973E+02.08090.104 2855.43430.72-.002043        0 1 1 2        0 1 1 1                    P 12f     3655431310 5 3 3 3  1242.0 1350.0
 45 2165.689877 7.785E-28 1.973E+02.08090.104 2855.31920.72-.002043        0 1 1 2        0 1 1 1                    P 12e     3655431310 5 3 3 3  1242.0 1350.0
 41 2165.695930 1.663E-25 7.797E+01.07770.100 3265.64680.73-.001578        2 1 1 1        2 1 1 0                    R 15e     3655431410 5 3 3 3   297.0  279.0
 41 2165.697160 1.844E-23 1.998E+02.07150.088 2610.07530.79-.002259        0 0 0 2        0 0 0 1                    P 30e     3655431410 5 3 3 3   531.0  549.0
 44 2165.707400 5.735E-26 1.918E+02.07360.093 2452.06470.74-.002249        0 0 0 2        0 0 0 1                    P 24e     3655431810 5 3 3 3   423.0  441.0
 43 2165.710033 1.349E-28 9.184E+01.06720.077 3828.66160.75-.002217        0 5 1 1        0 5 1 0                    R 48e     3655431310 5 3 3 3   594.0  582.0
 41 2165.710690 4.028E-28 1.022E-02.07220.090 2777.97850.77-.000186        0 8 0 0        1 2 0 0                    R 27e     3655431410 5 3 3 3   513.0  495.0
 42 2165.710900 6.194E-24 8.512E+01.07650.098 1407.97870.73-.001628        1 0 0 1        1 0 0 0                    R 17e     3655431810 5 3 3 3   222.0  210.0
 42 2165.719200 6.808E-28 8.829E-03.07190.089 1492.03420.78-.001875        0 2 0 1        0 2 2 0                    R 28e     3655431810 5 3 3 3   354.0  342.0
 41 2165.721360 1.660E-25 7.796E+01.07770.100 3265.90500.73-.001578        2 1 1 1        2 1 1 0                    R 15f     3655431410 5 3 3 3   297.0  279.0
 43 2165.722400 7.894E-27 8.161E+01.07190.089 2860.70920.78-.001875        2 0 0 1        2 0 0 0                    R 28e     3655431810 5 3 3 3   354.0  342.0
 44 2165.729077 4.919E-28 8.139E+01.07290.091 3279.42760.75-.001812        1 3 3 1        1 3 3 0                    R 25e     3655431310 5 3 3 3   477.0  459.0
 44 2165.729087 4.919E-28 8.139E+01.07290.091 3279.42770.75-.001812        1 3 3 1        1 3 3 0                    R 25f     3655431310 5 3 3 3   477.0  459.0
 45 2165.730700 3.603E-25 8.960E+01.07190.089 1616.97960.78-.002259        1 0 0 1        1 0 0 0                    P 29e     3655431810 5 3 3 3  3078.0 3186.0
 43 2165.732900 8.670E-24 1.006E+02.08460.107 1207.37760.72-.001904        0 2 2 1        0 2 2 0                    P  9e     3655431810 5 3 3 3   102.0  114.0
 43 2165.733000 8.670E-24 1.006E+02.08460.107 1207.37720.72-.001904        0 2 2 1        0 2 2 0                    P  9f     3655431810 5 3 3 3   102.0  114.0
 43 2165.738800 2.705E-25 8.474E+01.08570.108 1885.36200.71-.001352        1 1 1 1        1 1 1 0                    R  7e     3655431810 5 3 3 3   102.0   90.0
 45 2165.742400 8.880E-27 1.960E+02.07250.090 2524.90350.76-.002258        0 0 0 2        0 0 0 1                    P 27e     3655431810 5 3 3 3  2862.0 2970.0
 45 2165.748951 2.740E-28 8.785E+01.07700.099 2990.07460.73-.001603        0 5 1 1        0 5 1 0                    R 16e     3655431310 5 3 3 3  1890.0 1782.0
 45 2165.749061 2.435E-28 8.667E+01.07650.098 3022.95630.73-.001628        0 5 3 1        0 5 3 0                    R 17f     3655431310 5 3 3 3  1998.0 1890.0
 45 2165.749138 2.435E-28 8.667E+01.07650.098 3022.95610.73-.001628        0 5 3 1        0 5 3 0                    R 17e     3655431310 5 3 3 3  1998.0 1890.0
 45 2165.749390 4.011E-28 6.774E+01.09220.114 2527.09420.70-.001175        2 0 0 1        2 0 0 0                    R  2e     3655431310 5 3 3 3   378.0  270.0
 41 2165.749560 2.885E-27 3.038E-03.08330.106 1917.91790.72-.000047        0 7 1 0        1 1 1 0                    R  9f     3655431410 5 3 3 3   189.0  171.0
 43 2165.750900 2.704E-25 8.474E+01.08570.108 1885.41060.71-.001352        1 1 1 1        1 1 1 0                    R  7f     3655431810 5 3 3 3   102.0   90.0
 41 2165.754060 6.175E-26 3.918E-03.07490.095 1477.63840.73-.000636        0 6 0 0        1 0 0 0                    P 21e     3655431410 5 3 3 3   369.0  387.0
 43 2165.761480 1.333E-28 9.282E+01.06720.077 3833.27780.75-.002217        0 5 1 1        0 5 1 0                    R 48f     3655431910 5 3 3 3   594.0  582.0
 45 2165.764971 6.066E-25 9.770E+01.07190.089 1527.60800.78-.002259        0 2 2 1        0 2 2 0                    P 29e     3655431310 5 3 3 3  3078.0 3186.0
 41 2165.765900 2.463E-27 5.885E-04.06870.081 1890.51240.78-.002232        0 2 2 1        0 2 0 0                    P 41e     3655431410 5 3 3 3   729.0  747.0
 42 2165.767000 7.281E-26 8.512E+01.06920.083 2478.20040.79-.002062        1 1 1 1        1 1 1 0                    R 38e     3655431810 5 3 3 3   474.0  462.0
 45 2165.768852 6.067E-25 9.770E+01.07190.089 1527.57610.78-.002259        0 2 2 1        0 2 2 0                    P 29f     3655431310 5 3 3 3  3078.0 3186.0
 41 2165.773430 1.447E-26 8.983E+01.07070.086 3942.77300.81-.001953        0 6 4 1        0 6 4 0                    R 32f     3655431410 5 3 3 3   603.0  585.0
 41 2165.773510 1.447E-26 8.983E+01.07070.086 3942.77330.81-.001953        0 6 4 1        0 6 4 0                    R 32e     3655431410 5 3 3 3   603.0  585.0
 41 2165.775880 6.062E-26 9.222E-01.07220.090 2672.76580.77-.002056        0 4 2 1        0 4 2 0                    Q 28e     3655431410 5 3 3 3   513.0  513.0
 41 2165.782490 5.917E-26 1.282E+00.07410.094 2705.79030.73-.001995        1 2 2 1        1 2 2 0                    Q 23e     3655431410 5 3 3 3   423.0  423.0
 41 2165.783800 4.440E-27 8.443E+01.06990.084 4190.67100.81-.002009        1 4 4 1        1 4 4 0                    R 35f     3555431410 5 3 3 3   657.0  639.0
 41 2165.783820 4.440E-27 8.443E+01.06990.084 4190.67110.81-.002009        1 4 4 1        1 4 4 0                    R 35e     3555431410 5 3 3 3   657.0  639.0
 41 2165.786380 5.204E-25 6.066E+00.07450.094 2569.33820.73-.001980        0 4 4 1        0 4 4 0                    Q 22e     3655431410 5 3 3 3   405.0  405.0
 41 2165.786400 5.204E-25 6.066E+00.07450.094 2569.33820.73-.001980        0 4 4 1        0 4 4 0                    Q 22f     3655431410 5 3 3 3   405.0  405.0
 41 2165.792850 6.667E-22 9.177E+01.07090.087 1725.33240.81-.002257        1 0 0 1        1 0 0 0                    P 32e     3655431410 5 3 3 3   567.0  585.0
 42 2165.799600 7.233E-26 8.511E+01.06920.083 2479.52540.79-.002062        1 1 1 1        1 1 1 0                    R 38f     3655431810 5 3 3 3   474.0  462.0
 43 2165.802760 3.375E-26 9.415E+01.07290.091 2569.15900.75-.001812        0 4 0 1        0 4 0 0                    R 25e     3655431910 5 3 3 3   318.0  306.0
 45 2165.804072 2.732E-28 8.782E+01.07700.099 2990.61960.73-.001603        0 5 1 1        0 5 1 0                    R 16f     3655431310 5 3 3 3  1890.0 1782.0
 43 2165.807000 1.866E-27 3.279E-01.06730.078 2124.70290.76-.002205        0 2 2 1        0 2 2 0                    Q 48f     3655431810 5 3 3 3   582.0  582.0
 42 2165.808200 1.280E-25 9.166E+01.06890.082 2382.45290.79-.002079        0 3 3 1        0 3 3 0                    R 39e     3655431910 5 3 3 3   486.0  474.0
 42 2165.811360 1.280E-25 9.166E+01.06890.082 2382.46830.79-.002079        0 3 3 1        0 3 3 0                    R 39f     3655431910 5 3 3 3   486.0  474.0
 41 2165.813980 5.916E-26 1.282E+00.07410.094 2705.77450.73-.001995        1 2 2 1        1 2 2 0                    Q 23f     3655431410 5 3 3 3   423.0  423.0
 41 2165.816150 6.301E-25 1.083E+02.09410.116 2565.83310.70-.001273        2 0 0 1        2 0 0 0                    P  2e     3655431410 5 3 3 3    27.0   45.0
 42 2165.821100 3.194E-23 5.700E+01.09410.116  576.27190.70-.001133        0 1 1 1        0 1 1 0                    R  1e     3655431815 5 3 3 3    30.0   18.0
 42 2165.824300 3.194E-23 5.700E+01.09410.116  576.27350.70-.001133        0 1 1 1        0 1 1 0                    R  1f     3655431815 5 3 3 3    30.0   18.0
 41 2165.824880 2.061E-26 9.006E+01.07120.088 3857.79960.80-.001915        0 6 0 1        0 6 0 0                    R 30e     3655431410 5 3 3 3   567.0  549.0
 45 2165.829180 1.923E-28 8.533E+01.07540.096 3089.47500.73-.001677        0 5 5 1        0 5 5 0                    R 19f     3655431310 5 3 3 3  2214.0 2106.0
 45 2165.829315 1.923E-28 8.533E+01.07540.096 3089.47500.73-.001677        0 5 5 1        0 5 5 0                    R 19e     3655431310 5 3 3 3  2214.0 2106.0
 42 2165.830340 1.572E-25 9.176E+01.06920.083 2335.33200.79-.002062        0 3 1 1        0 3 1 0                    R 38e     3655431910 5 3 3 3   474.0  462.0
 41 2165.836680 2.415E-27 7.695E+01.06960.084 4302.38630.80-.002027        2 2 0 1        2 2 0 0                    R 36e     3555431410 5 3 3 3   675.0  657.0
 43 2165.836790 3.196E-28 1.901E+02.07120.088 3707.80290.80-.001915        0 2 0 2        0 2 0 1                    R 30e     3655431910 5 3 3 3   378.0  366.0
 41 2165.842010 5.183E-26 8.572E-01.07190.089 2697.02980.78-.002067        0 4 2 1        0 4 2 0                    Q 29f     3655431410 5 3 3 3   531.0  531.0
 42 2165.842200 1.266E-23 9.212E+01.07590.097 1287.91360.73-.001653        0 2 0 1        0 2 0 0                    R 18e     3655431810 5 3 3 3   234.0  222.0
 41 2165.843850 6.552E-28 5.926E-02.06570.073 3187.43610.73-.002253        0 3 1 1        0 3 1 0                    Q 58f     3645431410 5 3 3 3  1053.0 1053.0
 41 2165.851880 1.124E-28 1.791E+02.06920.083 5117.92040.79-.002062        0 4 2 2        0 4 2 1                    R 38f     3555431410 5 3 3 3   711.0  693.0
 41 2165.863900 1.016E-27 7.177E+01.06890.082 4482.11670.79-.002079        3 0 0 1        3 0 0 0                    R 39e     3555431410 5 3 3 3   729.0  711.0
 41 2165.866090 1.888E-28 4.854E-02.06540.073 3409.21770.73-.002261        1 1 1 1        1 1 1 0                    Q 60f     3645431410 5 3 3 3  1089.0 1089.0
 41 2165.876890 8.237E-27 1.806E+02.07590.097 4090.99400.73-.001653        0 3 3 2        0 3 3 1                    R 18e     3555431410 5 3 3 3   351.0  333.0
 41 2165.876930 8.237E-27 1.806E+02.07590.097 4090.99410.73-.001653        0 3 3 2        0 3 3 1                    R 18f     3555431410 5 3 3 3   351.0  333.0
 44 2165.880208 1.185E-27 8.551E+01.07410.094 3083.87760.73-.001746        0 5 3 1        0 5 3 0                    R 22e     3655431310 5 3 3 3   423.0  405.0
 44 2165.880326 1.185E-27 8.551E+01.07410.094 3083.87800.73-.001746        0 5 3 1        0 5 3 0                    R 22f     3655431310 5 3 3 3   423.0  405.0
 44 2165.884071 1.373E-27 8.543E+01.07450.094 3044.56430.73-.001723        0 5 1 1        0 5 1 0                    R 21e     3655431310 5 3 3 3   405.0  387.0
 44 2165.886400 3.443E-25 9.480E+01.08090.104 1791.31770.72-.002043        0 3 1 1        0 3 1 0                    P 12f     3655431810 5 3 3 3   207.0  225.0
 41 2165.890550 3.130E-28 3.496E-01.06440.070 3736.98870.71-.002291        0 3 3 1        0 3 3 0                    Q 68e     3645431410 5 3 3 3  1233.0 1233.0
 41 2165.892270 1.141E-28 1.821E+02.06920.083 5118.30240.79-.002062        0 4 2 2        0 4 2 1                    R 38e     3555431410 5 3 3 3   711.0  693.0
 44 2165.895535 2.661E-28 7.553E+01.07190.089 3412.48140.78-.001875        2 1 1 1        2 1 1 0                    R 28e     3655431310 5 3 3 3   531.0  513.0
 41 2165.896220 1.366E-28 1.752E-02.07830.101 2985.97290.72-.002351        3 2 2 0        0 5 1 0                    R 14e     3655431410 5 3 3 3   279.0  261.0
 42 2165.897770 1.553E-25 9.172E+01.06920.083 2337.62880.79-.002062        0 3 1 1        0 3 1 0                    R 38f     3655431910 5 3 3 3   474.0  462.0
 41 2165.906900 4.085E-28 2.468E+02.09220.114 4419.85040.70-.001175        0 0 0 3        0 0 0 2                    R  2e     3555431410 5 3 3 3    63.0   45.0
 41 2165.912250 9.251E-27 1.827E+02.07650.098 4058.60440.73-.001628        0 3 1 2        0 3 1 1                    R 17e     3555431410 5 3 3 3   333.0  315.0
 44 2165.919800 3.446E-25 9.479E+01.08090.104 1791.11710.72-.002043        0 3 1 1        0 3 1 0                    P 12e     3655431810 5 3 3 3   207.0  225.0
 41 2165.922830 6.750E-27 8.339E+01.07040.086 4090.35610.81-.001972        1 4 0 1        1 4 0 0                    R 33e     3555431410 5 3 3 3   621.0  603.0
 41 2165.931270 5.962E-25 6.648E+00.07490.095 2550.81260.73-.001965        0 4 4 1        0 4 4 0                    Q 21e     3655431410 5 3 3 3   387.0  387.0
 41 2165.931270 5.962E-25 6.648E+00.07490.095 2550.81260.73-.001965        0 4 4 1        0 4 4 0                    Q 21f     3655431410 5 3 3 3   387.0  387.0
 41 2165.940410 6.790E-26 1.399E+00.07450.094 2686.54390.73-.001980        1 2 2 1        1 2 2 0                    Q 22e     3655431410 5 3 3 3   405.0  405.0
 44 2165.944685 2.650E-28 7.556E+01.07190.089 3413.38660.78-.001875        2 1 1 1        2 1 1 0                    R 28f     3655431310 5 3 3 3   531.0  513.0
 44 2165.945396 1.367E-27 8.540E+01.07450.094 3045.41740.73-.001723        0 5 1 1        0 5 1 0                    R 21f     3655431310 5 3 3 3   405.0  387.0
 43 2165.947800 2.847E-27 3.594E-01.06770.079 2047.94020.76-.002194        0 2 2 1        0 2 2 0                    Q 46e     3655431810 5 3 3 3   558.0  558.0
 44 2165.948367 3.183E-27 1.950E+02.08570.108 2815.33170.71-.001845        0 1 1 2        0 1 1 1                    P  8f     3655431310 5 3 3 3   135.0  153.0
 41 2165.955550 9.229E-27 1.826E+02.07650.098 4059.05200.73-.001628        0 3 1 2        0 3 1 1                    R 17f     3555431410 5 3 3 3   333.0  315.0
 44 2165.960026 3.184E-27 1.950E+02.08570.108 2815.28120.71-.001845        0 1 1 2        0 1 1 1                    P  8e     3655431310 5 3 3 3   135.0  153.0
 41 2165.966920 6.789E-26 1.399E+00.07450.094 2686.53060.73-.001980        1 2 2 1        1 2 2 0                    Q 22f     3655431410 5 3 3 3   405.0  405.0
 43 2165.975300 1.437E-26 8.766E+01.07220.090 2744.97070.77-.001854        1 2 0 1        1 2 0 0                    R 27e     3655431810 5 3 3 3   342.0  330.0
 41 2165.976080 7.059E-26 9.927E-01.07250.090 2649.20590.76-.002045        0 4 2 1        0 4 2 0                    Q 27e     3655431410 5 3 3 3   495.0  495.0
 44 2165.983200 3.912E-23 9.521E+01.06650.076 1130.84690.74-.002189        0 0 0 1        0 0 0 0                    P 53e     3645431816 5 3 3 3   945.0  963.0
 44 2165.986361 9.576E-27 7.941E+01.09060.112 2298.77880.70-.001214        0 4 0 1        0 4 0 0                    R  3e     3655431310 5 3 3 3    81.0   63.0
 45 2166.001886 1.240E-28 8.177E+01.07540.096 3171.00080.73-.001677        1 3 1 1        1 3 1 0                    R 19e     3655431310 5 3 3 3  2214.0 2106.0
 41 2166.003320 1.769E-22 9.903E+01.07650.098 1893.04870.73-.002193        0 3 1 1        0 3 1 0                    P 18f     3655431410 5 3 3 3   315.0  333.0
 44 2166.005411 5.632E-28 7.940E+01.07290.091 3246.42590.75-.001812        1 3 1 1        1 3 1 0                    R 25e     3655431310 5 3 3 3   477.0  459.0
 43 2166.005990 2.786E-28 1.909E+02.07090.087 3743.39420.81-.001934        0 2 2 2        0 2 2 1                    R 31f     3655431910 5 3 3 3   390.0  378.0
 45 2166.007099 3.514E-26 9.046E+01.07910.102 1944.05270.72-.002108        1 1 1 1        1 1 1 0                    P 14f     3655431310 5 3 3 3  1458.0 1566.0
 43 2166.009160 2.785E-28 1.909E+02.07090.087 3743.44100.81-.001934        0 2 2 2        0 2 2 1                    R 31e     3655431910 5 3 3 3   390.0  378.0
 42 2166.012970 9.364E-28 1.847E+02.06790.079 3562.23460.77-.002159        0 1 1 2        0 1 1 1                    R 44e     3655431910 5 3 3 3   546.0  534.0
 41 2166.015850 6.054E-26 9.208E-01.07220.090 2672.64600.77-.002056        0 4 2 1        0 4 2 0                    Q 28f     3655431410 5 3 3 3   513.0  513.0
 45 2166.017697 6.811E-26 9.703E+01.07830.101 1837.02440.72-.002135        0 3 1 1        0 3 1 0                    P 15f     3655431310 5 3 3 3  1566.0 1674.0
 43 2166.026710 1.249E-26 8.852E+01.07190.089 2782.97700.78-.001875        1 2 2 1        1 2 2 0                    R 28f     3655431910 5 3 3 3   354.0  342.0
 41 2166.027560 1.882E-24 6.357E+01.09220.114 2336.17050.70-.001400        0 4 2 1        0 4 2 0                    P  3e     3655431410 5 3 3 3    45.0   63.0
 41 2166.027570 1.882E-24 6.357E+01.09220.114 2336.17050.70-.001400        0 4 2 1        0 4 2 0                    P  3f     3655431410 5 3 3 3    45.0   63.0
 41 2166.028740 1.987E-27 7.851E+01.06940.083 4352.09460.80-.002044        2 2 2 1        2 2 2 0                    R 37f     3555431410 5 3 3 3   693.0  675.0
 43 2166.029620 1.249E-26 8.851E+01.07190.089 2783.00200.78-.001875        1 2 2 1        1 2 2 0                    R 28e     3655431910 5 3 3 3   354.0  342.0
 43 2166.032724 3.014E-26 9.414E+01.07250.090 2599.97190.76-.001833        0 4 2 1        0 4 2 0                    R 26f     3655431910 5 3 3 3   330.0  318.0
 41 2166.032990 1.985E-27 7.848E+01.06940.083 4352.17110.80-.002044        2 2 2 1        2 2 2 0                    R 37e     3555431410 5 3 3 3   693.0  675.0
 45 2166.036220 3.517E-26 9.045E+01.07910.102 1943.86610.72-.002108        1 1 1 1        1 1 1 0                    P 14e     3655431310 5 3 3 3  1458.0 1566.0
 41 2166.039530 8.614E-27 8.986E+01.06990.084 4067.11340.81-.002009        0 6 6 1        0 6 6 0                    R 35e     3555431410 5 3 3 3   657.0  639.0
 41 2166.039530 8.614E-27 8.986E+01.06990.084 4067.11340.81-.002009        0 6 6 1        0 6 6 0                    R 35f     3555431410 5 3 3 3   657.0  639.0
 43 2166.045380 3.012E-26 9.413E+01.07250.090 2600.03960.76-.001833        0 4 2 1        0 4 2 0                    R 26e     3655431910 5 3 3 3   330.0  318.0
 45 2166.045873 1.236E-28 8.175E+01.07540.096 3171.57310.73-.001677        1 3 1 1        1 3 1 0                    R 19f     3655431310 5 3 3 3  2214.0 2106.0
 42 2166.053450 9.291E-28 1.846E+02.06790.079 3563.80310.77-.002159        0 1 1 2        0 1 1 1                    R 44f     3655431910 5 3 3 3   546.0  534.0
 45 2166.053587 1.058E-28 8.231E+01.07490.095 3214.74240.73-.001700        1 3 3 1        1 3 3 0                    R 20f     3655431310 5 3 3 3  2322.0 2214.0
 45 2166.053694 1.058E-28 8.231E+01.07490.095 3214.74230.73-.001700        1 3 3 1        1 3 3 0                    R 20e     3655431310 5 3 3 3  2322.0 2214.0
 44 2166.053774 5.605E-28 7.937E+01.07290.091 3247.33780.75-.001812        1 3 1 1        1 3 1 0                    R 25f     3655431310 5 3 3 3   477.0  459.0
 41 2166.056850 4.208E-28 3.619E-01.06450.070 3680.12850.71-.002288        0 3 3 1        0 3 3 0                    Q 67f     3645431410 5 3 3 3  1215.0 1215.0
 45 2166.064499 6.821E-26 9.702E+01.07830.101 1836.69190.72-.002135        0 3 1 1        0 3 1 0                    P 15e     3655431310 5 3 3 3  1566.0 1674.0
 41 2166.066130 1.773E-22 9.902E+01.07650.098 1892.53830.73-.002193        0 3 1 1        0 3 1 0                    P 18e     3655431410 5 3 3 3   315.0  333.0
 41 2166.069570 6.817E-25 7.316E+00.07540.096 2533.12850.73-.001948        0 4 4 1        0 4 4 0                    Q 20e     3655431410 5 3 3 3   369.0  369.0
 41 2166.069570 6.817E-25 7.316E+00.07540.096 2533.12850.73-.001948        0 4 4 1        0 4 4 0                    Q 20f     3655431410 5 3 3 3   369.0  369.0
 41 2166.072300 1.550E-26 6.134E-04.07450.094 1390.29700.73-.002237        0 2 0 1        0 2 2 0                    P 22e     3655431410 5 3 3 3   387.0  405.0
 43 2166.082500 1.531E-22 1.020E+02.07360.093  828.72080.74-.002249        0 1 1 1        0 1 1 0                    P 24f     3655431815 5 3 3 3   282.0  294.0
 41 2166.091280 7.776E-26 1.534E+00.07490.095 2668.13380.73-.001965        1 2 2 1        1 2 2 0                    Q 21e     3655431410 5 3 3 3   387.0  387.0
 41 2166.098790 6.786E-25 8.950E+01.07990.103 2963.30550.72-.001499        0 5 1 1        0 5 1 0                    R 12e     3655431410 5 3 3 3   243.0  225.0
 41 2166.099780 2.013E-26 3.419E-03.07040.086 1781.19270.81-.000539        0 6 2 0        1 0 0 0                    P 34e     3655431410 5 3 3 3   603.0  621.0
 43 2166.101500 2.307E-27 3.428E-01.06750.078 2085.80650.76-.002200        0 2 2 1        0 2 2 0                    Q 47f     3655431810 5 3 3 3   570.0  570.0
 44 2166.101891 8.845E-28 8.611E+01.07330.092 3162.31230.74-.001790        0 5 5 1        0 5 5 0                    R 24e     3655431310 5 3 3 3   459.0  441.0
 44 2166.101893 8.845E-28 8.611E+01.07330.092 3162.31230.74-.001790        0 5 5 1        0 5 5 0                    R 24f     3655431310 5 3 3 3   459.0  441.0
 41 2166.113410 7.775E-26 1.534E+00.07490.095 2668.12260.73-.001965        1 2 2 1        1 2 2 0                    Q 21f     3655431410 5 3 3 3   387.0  387.0
 43 2166.126200 1.534E-22 1.020E+02.07360.093  828.27480.74-.002249        0 1 1 1        0 1 1 0                    P 24e     3655431815 5 3 3 3   282.0  294.0
 44 2166.127600 1.792E-23 9.568E+01.06890.082 1234.00420.79-.002236        0 1 1 1        0 1 1 0                    P 40f     3655431815 5 3 3 3   711.0  729.0
 45 2166.132100 2.397E-24 9.756E+01.06850.081 1321.92710.78-.002229        0 1 1 1        0 1 1 0                    P 42f     3655431815 5 3 3 3  4482.0 4590.0
 44 2166.136300 6.359E-27 7.303E+01.08460.107 2519.47700.72-.001384        2 0 0 1        2 0 0 0                    R  8e     3655431810 5 3 3 3   171.0  153.0
 41 2166.139810 6.177E-25 8.666E+01.07910.102 2990.70170.72-.001526        0 5 3 1        0 5 3 0                    R 13e     3655431410 5 3 3 3   261.0  243.0
 41 2166.139840 6.177E-25 8.666E+01.07910.102 2990.70170.72-.001526        0 5 3 1        0 5 3 0                    R 13f     3655431410 5 3 3 3   261.0  243.0
 41 2166.146300 6.774E-25 8.949E+01.07990.103 2963.64470.72-.001499        0 5 1 1        0 5 1 0                    R 12f     3655431410 5 3 3 3   243.0  225.0
 43 2166.147400 7.373E-22 1.012E+02.06940.083  599.63930.80-.002242        0 0 0 1        0 0 0 0                    P 38e     3655431816 5 3 3 3   450.0  462.0
 43 2166.148922 2.267E-26 9.411E+01.07190.089 2672.89340.78-.001875        0 4 4 1        0 4 4 0                    R 28e     3655431310 5 3 3 3   354.0  342.0
 43 2166.148926 2.267E-26 9.411E+01.07190.089 2672.89340.78-.001875        0 4 4 1        0 4 4 0                    R 28f     3655431310 5 3 3 3   354.0  342.0
 41 2166.151170 1.794E-26 8.980E+01.07090.087 3892.13780.81-.001934        0 6 2 1        0 6 2 0                    R 31f     3655431410 5 3 3 3   585.0  567.0
 41 2166.155990 4.407E-21 9.940E+01.06810.080 1419.60510.77-.002222        0 1 1 1        0 1 1 0                    P 44f     3655431415 5 3 3 3   783.0  801.0
 44 2166.159667 2.313E-28 1.679E+02.08330.106 3393.08860.72-.001414        0 2 2 2        0 2 2 1                    R  9f     3655431310 5 3 3 3   189.0  171.0
 44 2166.159928 2.313E-28 1.679E+02.08330.106 3393.08870.72-.001414        0 2 2 2        0 2 2 1                    R  9e     3655431310 5 3 3 3   189.0  171.0
 41 2166.162650 1.274E-28 5.398E-03.07070.086 2916.62910.81-.000971        1 6 2 0        1 2 2 0                    R 32e     3655431410 5 3 3 3   603.0  585.0
 41 2166.165820 1.617E-22 9.724E+01.07700.099 1895.62190.73-.002177        0 3 3 1        0 3 3 0                    P 17f     3655431410 5 3 3 3   297.0  315.0
 41 2166.165830 1.617E-22 9.724E+01.07700.099 1895.62190.73-.002177        0 3 3 1        0 3 3 0                    P 17e     3655431410 5 3 3 3   297.0  315.0
 41 2166.168140 8.196E-26 1.071E+00.07290.091 2626.48710.75-.002034        0 4 2 1        0 4 2 0                    Q 26e     3655431410 5 3 3 3   477.0  477.0
 45 2166.174546 5.929E-26 9.455E+01.07910.102 1845.49340.72-.002108        0 3 3 1        0 3 3 0                    P 14f     3655431310 5 3 3 3  1458.0 1566.0
 45 2166.174639 5.929E-26 9.455E+01.07910.102 1845.49330.72-.002108        0 3 3 1        0 3 3 0                    P 14e     3655431310 5 3 3 3  1458.0 1566.0
 41 2166.176350 5.753E-27 8.374E+01.07010.085 4129.93890.81-.001991        1 4 2 1        1 4 2 0                    R 34f     3555431410 5 3 3 3   639.0  621.0
 45 2166.183698 4.486E-28 6.833E+01.09410.116 2436.53880.70-.001133        1 2 0 1        1 2 0 0                    R  1e     3655431310 5 3 3 3   270.0  162.0
 41 2166.184740 7.051E-26 9.914E-01.07250.090 2649.10170.76-.002045        0 4 2 1        0 4 2 0                    Q 27f     3655431410 5 3 3 3   495.0  495.0
 41 2166.190470 1.795E-26 9.003E+01.07090.087 3892.49850.81-.001934        0 6 2 1        0 6 2 0                    R 31e     3655431410 5 3 3 3   585.0  567.0
 41 2166.191210 2.240E-24 2.005E+02.07830.101 2898.25370.72-.002135        0 1 1 2        0 1 1 1                    P 15f     3655431410 5 3 3 3   261.0  279.0
 43 2166.192070 1.134E-28 9.183E+01.06700.077 3868.31280.75-.002231        0 5 1 1        0 5 1 0                    R 49e     3645431910 5 3 3 3   606.0  594.0
 41 2166.196830 5.744E-27 8.372E+01.07010.085 4130.16860.81-.001991        1 4 2 1        1 4 2 0                    R 34e     3555431410 5 3 3 3   639.0  621.0
 42 2166.198700 1.185E-23 9.156E+01.07540.096 1310.61790.73-.001677        0 2 2 1        0 2 2 0                    R 19f     3655431810 5 3 3 3   246.0  234.0
 41 2166.199710 1.191E-28 1.819E+02.06920.083 5109.18770.79-.002062        0 4 0 2        0 4 0 1                    R 38e     3555431410 5 3 3 3   711.0  693.0
 45 2166.201000 6.391E-25 9.727E+01.07190.089 1515.89020.78-.002259        0 2 0 1        0 2 0 0                    P 29e     3655431810 5 3 3 3  3078.0 3186.0
 41 2166.201280 7.781E-25 8.090E+00.07590.097 2516.28590.73-.001930        0 4 4 1        0 4 4 0                    Q 19e     3655431410 5 3 3 3   351.0  351.0
 41 2166.201290 7.781E-25 8.090E+00.07590.097 2516.28590.73-.001930        0 4 4 1        0 4 4 0                    Q 19f     3655431410 5 3 3 3   351.0  351.0
 44 2166.201800 1.801E-23 9.565E+01.06890.082 1232.84020.79-.002236        0 1 1 1        0 1 1 0                    P 40e     3655431815 5 3 3 3   711.0  729.0
 42 2166.202200 1.184E-23 9.156E+01.07540.096 1310.62940.73-.001677        0 2 2 1        0 2 2 0                    R 19e     3655431810 5 3 3 3   246.0  234.0
 44 2166.202500 1.710E-25 8.920E+01.08330.106 1883.40840.72-.001957        1 1 1 1        1 1 1 0                    P 10f     3655431810 5 3 3 3   171.0  189.0
 44 2166.204884 2.806E-25 9.083E+01.08200.105 1805.83130.72-.002003        0 3 3 1        0 3 3 0                    P 11f     3655431310 5 3 3 3   189.0  207.0
 44 2166.205046 2.806E-25 9.083E+01.08200.105 1805.83140.72-.002003        0 3 3 1        0 3 3 0                    P 11e     3655431310 5 3 3 3   189.0  207.0
 44 2166.205255 7.084E-27 7.285E+01.08680.109 2448.09600.71-.001320        1 2 2 1        1 2 2 0                    R  6e     3655431310 5 3 3 3   135.0  117.0
 44 2166.205386 7.084E-27 7.285E+01.08680.109 2448.09580.71-.001320        1 2 2 1        1 2 2 0                    R  6f     3655431310 5 3 3 3   135.0  117.0
 43 2166.211190 1.593E-28 1.748E+02.07090.087 3840.17530.81-.001934        1 0 0 2        1 0 0 1                    R 31e     3655431910 5 3 3 3   390.0  378.0
 43 2166.213380 8.730E-27 1.872E+02.08200.105 2816.88970.72-.001443        0 1 1 2        0 1 1 1                    R 10e     3655431910 5 3 3 3   138.0  126.0
 45 2166.217100 2.412E-24 9.754E+01.06850.081 1320.57870.78-.002229        0 1 1 1        0 1 1 0                    P 42e     3655431815 5 3 3 3  4482.0 4590.0
 41 2166.217380 2.242E-24 2.005E+02.07830.101 2898.06730.72-.002135        0 1 1 2        0 1 1 1                    P 15e     3655431410 5 3 3 3   261.0  279.0
 44 2166.221100 1.710E-25 8.919E+01.08330.106 1883.31260.72-.001957        1 1 1 1        1 1 1 0                    P 10e     3655431810 5 3 3 3   171.0  189.0
 41 2166.225250 1.324E-21 9.961E+01.07120.088 1594.38820.80-.002258        0 2 2 1        0 2 2 0                    P 31e     3655431410 5 3 3 3   549.0  567.0
 43 2166.227700 8.726E-27 1.872E+02.08200.105 2816.96990.72-.001443        0 1 1 2        0 1 1 1                    R 10f     3655431910 5 3 3 3   138.0  126.0
 43 2166.228500 9.555E-24 1.052E+02.08460.107 1196.48410.72-.001904        0 2 0 1        0 2 0 0                    P  9e     3655431810 5 3 3 3   102.0  114.0
 42 2166.230000 1.465E-25 1.857E+02.07410.094 2387.93290.73-.001746        0 0 0 2        0 0 0 1                    R 22e     3655431810 5 3 3 3   282.0  270.0
 41 2166.231640 1.324E-21 9.960E+01.07120.088 1594.33110.80-.002258        0 2 2 1        0 2 2 0                    P 31f     3655431410 5 3 3 3   549.0  567.0
 41 2166.235110 8.887E-26 1.688E+00.07540.096 2650.56000.73-.001948        1 2 2 1        1 2 2 0                    Q 20e     3655431410 5 3 3 3   369.0  369.0
 43 2166.238700 1.011E-25 2.150E+02.08680.109 2224.08860.71-.001777        0 0 0 2        0 0 0 1                    P  7e     3655431810 5 3 3 3    78.0   90.0
 42 2166.245600 3.146E-21 9.888E+01.07990.103   76.24890.72-.002078        0 0 0 1        0 0 0 0                    P 13e     3655431816 5 3 3 3   150.0  162.0
 41 2166.248070 5.137E-25 8.325E+01.07770.100 3046.95440.73-.001578        0 5 5 1        0 5 5 0                    R 15e     3655431410 5 3 3 3   297.0  279.0
 41 2166.248070 5.137E-25 8.325E+01.07770.100 3046.95440.73-.001578        0 5 5 1        0 5 5 0                    R 15f     3655431410 5 3 3 3   297.0  279.0
 41 2166.252270 2.802E-25 8.232E+01.07770.100 3169.29780.73-.001578        1 3 3 1        1 3 3 0                    R 15e     3655431410 5 3 3 3   297.0  279.0
 41 2166.252280 2.802E-25 8.232E+01.07770.100 3169.29780.73-.001578        1 3 3 1        1 3 3 0                    R 15f     3655431410 5 3 3 3   297.0  279.0
 41 2166.253430 8.887E-26 1.688E+00.07540.096 2650.55080.73-.001948        1 2 2 1        1 2 2 0                    Q 20f     3655431410 5 3 3 3   369.0  369.0
 43 2166.254184 1.121E-28 9.286E+01.06700.077 3873.11360.75-.002231        0 5 1 1        0 5 1 0                    R 49f     3645431310 5 3 3 3   606.0  594.0
 41 2166.254550 4.439E-21 9.940E+01.06810.080 1418.04090.77-.002222        0 1 1 1        0 1 1 0                    P 44e     3655431415 5 3 3 3   783.0  801.0
 43 2166.256100 5.202E-24 9.764E+01.08460.107 1306.18440.72-.001904        1 0 0 1        1 0 0 0                    P  9e     3655431810 5 3 3 3   102.0  114.0
 44 2166.264791 2.517E-28 1.713E+02.08330.106 3379.78170.72-.001414        0 2 0 2        0 2 0 1                    R  9e     3655431310 5 3 3 3   189.0  171.0
 41 2166.265630 4.452E-27 1.688E+02.07590.097 4203.56440.73-.001653        1 1 1 2        1 1 1 1                    R 18e     3555431410 5 3 3 3   351.0  333.0
 43 2166.268500 3.495E-27 3.762E-01.06790.079 2010.64010.77-.002188        0 2 2 1        0 2 2 0                    Q 45e     3655431810 5 3 3 3   546.0  546.0
 43 2166.287510 4.818E-25 8.329E+01.08460.107 1785.84220.72-.001384        0 3 3 1        0 3 3 0                    R  8e     3655431910 5 3 3 3   114.0  102.0
 43 2166.287510 4.818E-25 8.329E+01.08460.107 1785.84220.72-.001384        0 3 3 1        0 3 3 0                    R  8f     3655431910 5 3 3 3   114.0  102.0
 41 2166.290830 4.445E-27 1.688E+02.07590.097 4203.86720.73-.001653        1 1 1 2        1 1 1 1                    R 18f     3555431410 5 3 3 3   351.0  333.0
 42 2166.292800 1.285E-28 9.878E-04.08200.105 1190.52130.72-.001443        0 2 2 1        0 2 0 0                    R 10e     3655431810 5 3 3 3   138.0  126.0
 43 2166.294880 5.363E-28 2.131E-02.09060.112 1277.95720.70-.000407        0 6 0 0        1 0 0 0                    P  4e     3655431910 5 3 3 3    42.0   54.0
 41 2166.300960 3.173E-25 8.356E+01.07830.101 3133.93300.72-.001552        1 3 1 1        1 3 1 0                    R 14e     3655431410 5 3 3 3   279.0  261.0
 44 2166.310500 4.114E-24 9.590E+01.07290.091 1447.07570.75-.002256        0 2 2 1        0 2 2 0                    P 26e     3655431810 5 3 3 3   459.0  477.0
 44 2166.313000 4.115E-24 9.590E+01.07290.091 1447.06100.75-.002256        0 2 2 1        0 2 2 0                    P 26f     3655431810 5 3 3 3   459.0  477.0
 43 2166.320800 7.292E-27 8.170E+01.07150.088 2884.00020.79-.001895        2 0 0 1        2 0 0 0                    R 29e     3655431810 5 3 3 3   366.0  354.0
 44 2166.325162 6.443E-27 4.752E+01.08800.110 2350.26700.71-.001286        0 4 4 1        0 4 4 0                    R  5e     3655431310 5 3 3 3   117.0   99.0
 44 2166.325168 6.443E-27 4.752E+01.08800.110 2350.26700.71-.001286        0 4 4 1        0 4 4 0                    R  5f     3655431310 5 3 3 3   117.0   99.0
 41 2166.326420 8.869E-25 8.993E+00.07650.098 2500.28490.73-.001911        0 4 4 1        0 4 4 0                    Q 18e     3655431410 5 3 3 3   333.0  333.0
 41 2166.326420 8.869E-25 8.993E+00.07650.098 2500.28490.73-.001911        0 4 4 1        0 4 4 0                    Q 18f     3655431410 5 3 3 3   333.0  333.0
 41 2166.326680 8.422E-21 9.902E+01.06600.074 1335.68830.74-.002179        0 0 0 1        0 0 0 0                    P 56e     3645431416 5 3 3 3   999.0 1017.0
 41 2166.331920 4.203E-28 3.612E-01.06450.070 3679.99230.71-.002288        0 3 3 1        0 3 3 0                    Q 67e     3645431410 5 3 3 3  1215.0 1215.0
 42 2166.335800 6.375E-26 8.519E+01.06890.082 2510.70560.79-.002079        1 1 1 1        1 1 1 0                    R 39e     3655431810 5 3 3 3   486.0  474.0
 42 2166.336900 6.753E-28 9.539E-03.07150.088 1516.38680.79-.001895        0 2 0 1        0 2 2 0                    R 29e     3655431810 5 3 3 3   366.0  354.0
 41 2166.338810 3.167E-25 8.354E+01.07830.101 3134.27240.72-.001552        1 3 1 1        1 3 1 0                    R 14f     3655431410 5 3 3 3   279.0  261.0
 41 2166.348570 8.188E-26 1.070E+00.07290.091 2626.39700.75-.002034        0 4 2 1        0 4 2 0                    Q 26f     3655431410 5 3 3 3   477.0  477.0
 44 2166.351354 4.627E-28 8.158E+01.07250.090 3300.00560.76-.001833        1 3 3 1        1 3 3 0                    R 26e     3655431310 5 3 3 3   495.0  477.0
 44 2166.351371 4.627E-28 8.158E+01.07250.090 3300.00580.76-.001833        1 3 3 1        1 3 3 0                    R 26f     3655431310 5 3 3 3   495.0  477.0
 44 2166.351890 8.242E-27 7.690E+01.08680.109 2428.07990.71-.001320        1 2 0 1        1 2 0 0                    R  6e     3655431310 5 3 3 3   135.0  117.0
 41 2166.352170 9.489E-26 1.159E+00.07330.092 2604.60940.74-.002022        0 4 2 1        0 4 2 0                    Q 25e     3655431410 5 3 3 3   459.0  459.0
 44 2166.354964 1.642E-28 1.578E+02.08090.104 3486.56750.72-.001471        1 0 0 2        1 0 0 1                    R 11e     3655431310 5 3 3 3   225.0  207.0
 42 2166.368200 6.331E-26 8.518E+01.06890.082 2512.10060.79-.002079        1 1 1 1        1 1 1 0                    R 39f     3655431810 5 3 3 3   486.0  474.0
 41 2166.371930 1.014E-25 1.867E+00.07590.097 2633.82270.73-.001930        1 2 2 1        1 2 2 0                    Q 19e     3655431410 5 3 3 3   351.0  351.0
 41 2166.378130 3.943E-27 8.455E+01.06960.084 4220.85580.80-.002027        1 4 4 1        1 4 4 0                    R 36f     3555431410 5 3 3 3   675.0  657.0
 41 2166.378150 3.943E-27 8.455E+01.06960.084 4220.85580.80-.002027        1 4 4 1        1 4 4 0                    R 36e     3555431410 5 3 3 3   675.0  657.0
 43 2166.381200 5.342E-25 9.075E+01.08570.108 1759.35020.71-.001352        0 3 1 1        0 3 1 0                    R  7e     3655431810 5 3 3 3   102.0   90.0
 42 2166.382810 1.115E-25 9.176E+01.06870.081 2416.05680.78-.002095        0 3 3 1        0 3 3 0                    R 40e     3655431910 5 3 3 3   498.0  486.0
 42 2166.386370 1.115E-25 9.176E+01.06870.081 2416.07460.78-.002095        0 3 3 1        0 3 3 0                    R 40f     3655431910 5 3 3 3   498.0  486.0
 41 2166.386400 2.451E-28 5.024E-02.06560.073 3359.16060.73-.002257        1 1 1 1        1 1 1 0                    Q 59f     3645431410 5 3 3 3  1071.0 1071.0
 41 2166.386940 1.014E-25 1.867E+00.07590.097 2633.81520.73-.001930        1 2 2 1        1 2 2 0                    Q 19f     3655431410 5 3 3 3   351.0  351.0
 43 2166.390800 2.842E-27 3.585E-01.06770.079 2047.71740.76-.002194        0 2 2 1        0 2 2 0                    Q 46f     3655431810 5 3 3 3   558.0  558.0
 41 2166.391360 8.422E-28 6.121E-02.06590.074 3138.76190.73-.002249        0 3 1 1        0 3 1 0                    Q 57f     3645431410 5 3 3 3  1035.0 1035.0
 41 2166.396290 1.303E-26 9.000E+01.07040.086 3970.57970.81-.001972        0 6 4 1        0 6 4 0                    R 33f     3655431410 5 3 3 3   621.0  603.0
 41 2166.396390 1.303E-26 9.000E+01.07040.086 3970.58010.81-.001972        0 6 4 1        0 6 4 0                    R 33e     3655431410 5 3 3 3   621.0  603.0
 43 2166.401700 5.339E-25 9.074E+01.08570.108 1759.42800.71-.001352        0 3 1 1        0 3 1 0                    R  7f     3655431810 5 3 3 3   102.0   90.0
 41 2166.404780 8.863E-28 7.182E+01.06870.081 4515.21370.78-.002095        3 0 0 1        3 0 0 0                    R 40e     3555431410 5 3 3 3   747.0  729.0
 44 2166.405591 9.458E-27 6.891E+01.08920.111 2313.35670.71-.001251        0 4 2 1        0 4 2 0                    R  4f     3655431310 5 3 3 3    99.0   81.0
 44 2166.405636 9.458E-27 6.891E+01.08920.111 2313.35670.71-.001251        0 4 2 1        0 4 2 0                    R  4e     3655431310 5 3 3 3    99.0   81.0
 41 2166.407260 2.136E-27 7.700E+01.06940.083 4333.14740.80-.002044        2 2 0 1        2 2 0 0                    R 37e     3555431410 5 3 3 3   693.0  675.0
 41 2166.408960 3.033E-27 3.037E-03.08200.105 1926.18470.72-.000045        0 7 1 0        1 1 1 0                    R 10e     3655431410 5 3 3 3   207.0  189.0
 42 2166.409970 1.375E-25 9.184E+01.06890.082 2368.00640.79-.002079        0 3 1 1        0 3 1 0                    R 39e     3655431910 5 3 3 3   486.0  474.0
 41 2166.411050 1.657E-25 7.820E+01.07700.099 3278.95110.73-.001603        2 1 1 1        2 1 1 0                    R 16e     3655431410 5 3 3 3   315.0  297.0
 42 2166.417800 6.078E-24 8.530E+01.07590.097 1422.99110.73-.001653        1 0 0 1        1 0 0 0                    R 18e     3655431810 5 3 3 3   234.0  222.0
 41 2166.425080 3.518E-24 1.141E+02.09220.114 2327.62090.70-.001400        0 4 0 1        0 4 0 0                    P  3e     3655431410 5 3 3 3    45.0   63.0
 43 2166.428390 2.923E-28 1.902E+02.07090.087 3732.72700.81-.001934        0 2 0 2        0 2 0 1                    R 31e     3655431910 5 3 3 3   390.0  378.0
 41 2166.437510 1.654E-25 7.819E+01.07700.099 3279.24380.73-.001603        2 1 1 1        2 1 1 0                    R 16f     3655431410 5 3 3 3   315.0  297.0
 43 2166.439120 3.163E-26 9.427E+01.07250.090 2590.26680.76-.001833        0 4 0 1        0 4 0 0                    R 26e     3655431910 5 3 3 3   330.0  318.0
 41 2166.443930 6.125E-26 3.754E-03.07540.096 1460.12000.73-.000639        0 6 0 0        1 0 0 0                    P 20e     3655431410 5 3 3 3   351.0  369.0
 41 2166.444970 1.010E-24 1.006E+01.07700.099 2485.12570.73-.001890        0 4 4 1        0 4 4 0                    Q 17e     3655431410 5 3 3 3   315.0  315.0
 41 2166.444970 1.010E-24 1.006E+01.07700.099 2485.12570.73-.001890        0 4 4 1        0 4 4 0                    Q 17f     3655431410 5 3 3 3   315.0  315.0
 45 2166.446041 2.401E-28 8.711E+01.07590.097 3037.66690.73-.001653        0 5 3 1        0 5 3 0                    R 18f     3655431310 5 3 3 3  2106.0 1998.0
 45 2166.446100 2.401E-28 8.711E+01.07590.097 3037.66670.73-.001653        0 5 3 1        0 5 3 0                    R 18e     3655431310 5 3 3 3  2106.0 1998.0
 44 2166.446400 2.751E-24 8.760E+01.07330.092 1502.99390.74-.002253        1 0 0 1        1 0 0 0                    P 25e     3655431810 5 3 3 3   441.0  459.0
 45 2166.449678 2.713E-28 8.808E+01.07650.098 3003.92110.73-.001628        0 5 1 1        0 5 1 0                    R 17e     3655431310 5 3 3 3  1998.0 1890.0
 41 2166.454960 1.874E-26 9.014E+01.07090.087 3883.84610.81-.001934        0 6 0 1        0 6 0 0                    R 31e     3655431410 5 3 3 3   585.0  567.0
 42 2166.477490 1.358E-25 9.180E+01.06890.082 2370.42200.79-.002079        0 3 1 1        0 3 1 0                    R 39f     3655431910 5 3 3 3   486.0  474.0
 41 2166.485050 1.118E-24 1.175E+02.09410.116 2464.50530.70-.001273        1 2 0 1        1 2 0 0                    P  2e     3655431410 5 3 3 3    27.0   45.0
 43 2166.485600 2.945E-25 8.522E+01.08460.107 1891.81750.72-.001384        1 1 1 1        1 1 1 0                    R  8e     3655431810 5 3 3 3   114.0  102.0
 41 2166.489600 1.091E-28 1.808E-04.07040.086 2249.84040.81-.002253        0 3 3 1        0 3 1 0                    P 34f     3655431410 5 3 3 3   603.0  621.0
 44 2166.489900 2.465E-28 7.563E+01.07150.088 3435.26900.79-.001895        2 1 1 1        2 1 1 0                    R 29e     3655431310 5 3 3 3   549.0  531.0
 41 2166.493960 1.179E-28 5.545E-03.07040.086 2944.17020.81-.000986        1 6 2 0        1 2 2 0                    R 33f     3655431410 5 3 3 3   621.0  603.0
 43 2166.498331 1.508E-27 4.363E-01.08460.107 1891.81750.72-.000050        0 7 3 0        1 1 1 0                    R  8e     3655431310 5 3 3 3   114.0  102.0
 43 2166.499100 2.958E-25 8.564E+01.08460.107 1891.88010.72-.001384        1 1 1 1        1 1 1 0                    R  8f     3655431810 5 3 3 3   114.0  102.0
 41 2166.501770 1.155E-25 2.076E+00.07650.098 2617.92190.73-.001911        1 2 2 1        1 2 2 0                    Q 18e     3655431410 5 3 3 3   333.0  333.0
 45 2166.507253 2.704E-28 8.806E+01.07650.098 3004.53410.73-.001628        0 5 1 1        0 5 1 0                    R 17f     3655431310 5 3 3 3  1998.0 1890.0
 41 2166.507270 9.482E-26 1.158E+00.07330.092 2604.53200.74-.002022        0 4 2 1        0 4 2 0                    Q 25f     3655431410 5 3 3 3   459.0  459.0
 41 2166.513280 5.628E-28 3.740E-01.06460.070 3623.95340.71-.002284        0 3 3 1        0 3 3 0                    Q 66f     3645431410 5 3 3 3  1197.0 1197.0
 41 2166.513940 1.155E-25 2.076E+00.07650.098 2617.91580.73-.001911        1 2 2 1        1 2 2 0                    Q 18f     3655431410 5 3 3 3   333.0  333.0
 45 2166.515098 1.876E-28 8.602E+01.07490.095 3105.84240.73-.001700        0 5 5 1        0 5 5 0                    R 20f     3655431310 5 3 3 3  2322.0 2214.0
 45 2166.515230 1.876E-28 8.602E+01.07490.095 3105.84240.73-.001700        0 5 5 1        0 5 5 0                    R 20e     3655431310 5 3 3 3  2322.0 2214.0
 41 2166.524890 6.051E-27 8.346E+01.07010.085 4118.77670.81-.001991        1 4 0 1        1 4 0 0                    R 34e     3555431410 5 3 3 3   639.0  621.0
 44 2166.526845 1.133E-27 8.576E+01.07360.093 3102.15390.74-.001768        0 5 3 1        0 5 3 0                    R 23e     3655431310 5 3 3 3   441.0  423.0
 44 2166.526978 1.133E-27 8.576E+01.07360.093 3102.15440.74-.001768        0 5 3 1        0 5 3 0                    R 23f     3655431310 5 3 3 3   441.0  423.0
 41 2166.528250 1.096E-25 1.258E+00.07360.093 2583.57300.74-.002009        0 4 2 1        0 4 2 0                    Q 24e     3655431410 5 3 3 3   441.0  441.0
 45 2166.529647 5.286E-28 7.031E+01.09060.112 2529.51590.70-.001214        2 0 0 1        2 0 0 0                    R  3e     3655431310 5 3 3 3   486.0  378.0
 44 2166.533621 1.319E-27 8.558E+01.07410.094 3061.98510.73-.001746        0 5 1 1        0 5 1 0                    R 22e     3655431310 5 3 3 3   423.0  405.0
 42 2166.537480 7.982E-28 1.848E+02.06770.079 3599.59410.76-.002174        0 1 1 2        0 1 1 1                    R 45e     3655431910 5 3 3 3   558.0  546.0
 44 2166.540295 2.454E-28 7.565E+01.07150.088 3436.23960.79-.001895        2 1 1 1        2 1 1 0                    R 29f     3655431310 5 3 3 3   549.0  531.0
 41 2166.543630 1.533E-26 1.277E+02.09620.119 3363.97810.69-.001089        0 2 0 2        0 2 0 1                    R  0e     3655431410 5 3 3 3    27.0    9.0
 42 2166.550700 1.234E-23 9.231E+01.07540.096 1303.86290.73-.001677        0 2 0 1        0 2 0 0                    R 19e     3655431810 5 3 3 3   246.0  234.0
 45 2166.551687 7.470E-28 1.980E+02.08200.105 2845.73240.72-.002003        0 1 1 2        0 1 1 1                    P 11f     3655431310 5 3 3 3  1134.0 1242.0
 45 2166.552359 3.495E-28 4.144E+01.09220.114 2454.14490.70-.001175        1 2 2 1        1 2 2 0                    R  2f     3655431310 5 3 3 3   378.0  270.0
 45 2166.552485 3.495E-28 4.144E+01.09220.114 2454.14480.70-.001175        1 2 2 1        1 2 2 0                    R  2e     3655431310 5 3 3 3   378.0  270.0
 41 2166.556940 1.148E-24 1.132E+01.07770.100 2470.80820.73-.001868        0 4 4 1        0 4 4 0                    Q 16e     3655431410 5 3 3 3   297.0  297.0
 41 2166.556940 1.148E-24 1.132E+01.07770.100 2470.80820.73-.001868        0 4 4 1        0 4 4 0                    Q 16f     3655431410 5 3 3 3   297.0  297.0
 41 2166.557330 8.868E-23 9.226E+01.07700.099 2008.27180.73-.002177        1 1 1 1        1 1 1 0                    P 17f     3655431410 5 3 3 3   297.0  315.0
 45 2166.569261 7.473E-28 1.980E+02.08200.105 2845.63500.72-.002003        0 1 1 2        0 1 1 1                    P 11e     3655431310 5 3 3 3  1134.0 1242.0
 41 2166.576980 1.057E-28 1.496E-02.06400.069 3320.68280.70-.002302        0 2 0 1        0 2 2 0                    Q 71f     3644431410 5 3 3 3  1287.0 1287.0
 41 2166.577130 8.048E-27 1.814E+02.07540.096 4106.84820.73-.001677        0 3 3 2        0 3 3 1                    R 19e     3555431410 5 3 3 3   369.0  351.0
 41 2166.577180 8.048E-27 1.814E+02.07540.096 4106.84830.73-.001677        0 3 3 2        0 3 3 1                    R 19f     3555431410 5 3 3 3   369.0  351.0
 42 2166.578180 7.917E-28 1.848E+02.06770.079 3601.23370.76-.002174        0 1 1 2        0 1 1 1                    R 45f     3655431910 5 3 3 3   558.0  546.0
 43 2166.581400 4.274E-27 3.941E-01.06810.080 1974.14890.77-.002182        0 2 2 1        0 2 2 0                    Q 44e     3655431810 5 3 3 3   534.0  534.0
 43 2166.590000 1.334E-26 8.776E+01.07190.089 2767.57920.78-.001875        1 2 0 1        1 2 0 0                    R 28e     3655431810 5 3 3 3   354.0  342.0
 43 2166.591880 2.536E-28 1.912E+02.07070.086 3769.14250.81-.001953        0 2 2 2        0 2 2 1                    R 32f     3655431910 5 3 3 3   402.0  390.0
 41 2166.594770 8.878E-23 9.224E+01.07700.099 2007.99350.73-.002177        1 1 1 1        1 1 1 0                    P 17e     3655431410 5 3 3 3   297.0  315.0
 43 2166.595130 2.535E-28 1.911E+02.07070.086 3769.19550.81-.001953        0 2 2 2        0 2 2 1                    R 32e     3655431910 5 3 3 3   402.0  390.0
 44 2166.596749 1.312E-27 8.555E+01.07410.094 3062.91910.73-.001746        0 5 1 1        0 5 1 0                    R 22f     3655431310 5 3 3 3   423.0  405.0
 43 2166.597300 7.877E-24 1.001E+02.08570.108 1200.07090.71-.001845        0 2 2 1        0 2 2 0                    P  8e     3655431810 5 3 3 3    90.0  102.0
 43 2166.597400 7.877E-24 1.001E+02.08570.108 1200.07060.71-.001845        0 2 2 1        0 2 2 0                    P  8f     3655431810 5 3 3 3    90.0  102.0
 41 2166.597530 1.748E-27 7.858E+01.06920.083 4383.75410.79-.002062        2 2 2 1        2 2 2 0                    R 38f     3555431410 5 3 3 3   711.0  693.0
 41 2166.601970 1.747E-27 7.856E+01.06920.083 4383.83860.79-.002062        2 2 2 1        2 2 2 0                    R 38e     3555431410 5 3 3 3   711.0  693.0
 41 2166.604050 1.516E-28 1.943E-02.07770.100 2998.56520.73-.002388        3 2 2 0        0 5 1 0                    R 15e     3655431410 5 3 3 3   297.0  279.0
 44 2166.611400 4.354E-24 9.491E+01.07290.091 1433.22630.75-.002256        0 2 0 1        0 2 0 0                    P 26e     3655431810 5 3 3 3   459.0  477.0
 41 2166.617440 9.083E-27 1.831E+02.07590.097 4073.58500.73-.001653        0 3 1 2        0 3 1 1                    R 18e     3555431410 5 3 3 3   351.0  333.0
 44 2166.622122 5.295E-28 7.950E+01.07250.090 3266.91920.76-.001833        1 3 1 1        1 3 1 0                    R 26e     3655431310 5 3 3 3   495.0  477.0
 41 2166.624630 1.315E-25 2.321E+00.07700.099 2602.85770.73-.001890        1 2 2 1        1 2 2 0                    Q 17e     3655431410 5 3 3 3   315.0  315.0
 41 2166.627470 3.358E-26 5.125E-03.07070.086 1752.84640.81-.000548        0 6 2 0        1 0 0 0                    P 33e     3655431410 5 3 3 3   585.0  603.0
 41 2166.634380 1.315E-25 2.321E+00.07700.099 2602.85280.73-.001890        1 2 2 1        1 2 2 0                    Q 17f     3655431410 5 3 3 3   315.0  315.0
 43 2166.636640 1.153E-26 8.865E+01.07150.088 2806.42380.79-.001895        1 2 2 1        1 2 2 0                    R 29f     3655431910 5 3 3 3   366.0  354.0
 42 2166.639700 5.633E-23 7.246E+01.09220.114  577.94830.70-.001175        0 1 1 1        0 1 1 0                    R  2e     3655431815 5 3 3 3    42.0   30.0
 44 2166.639700 6.025E-26 1.922E+02.07410.094 2433.24070.73-.002244        0 0 0 2        0 0 0 1                    P 23e     3655431810 5 3 3 3   405.0  423.0
 43 2166.639750 1.153E-26 8.864E+01.07150.088 2806.45250.79-.001895        1 2 2 1        1 2 2 0                    R 29e     3655431910 5 3 3 3   366.0  354.0
 42 2166.644300 5.633E-23 7.246E+01.09220.114  577.95320.70-.001175        0 1 1 1        0 1 1 0                    R  2f     3655431815 5 3 3 3    42.0   30.0
 41 2166.644320 7.649E-27 9.007E+01.06960.084 4097.48100.80-.002027        0 6 6 1        0 6 6 0                    R 36e     3555431410 5 3 3 3   675.0  657.0
 41 2166.644320 7.649E-27 9.007E+01.06960.084 4097.48100.80-.002027        0 6 6 1        0 6 6 0                    R 36f     3555431410 5 3 3 3   675.0  657.0
 41 2166.654330 3.177E-25 1.626E+02.09620.119 2564.17070.69-.001130        2 0 0 1        2 0 0 0                    P  1e     3655431410 5 3 3 3     9.0   27.0
 41 2166.660730 1.095E-25 1.257E+00.07360.093 2583.50690.74-.002009        0 4 2 1        0 4 2 0                    Q 24f     3655431410 5 3 3 3   441.0  441.0
 41 2166.662320 1.306E-24 1.283E+01.07830.101 2457.33260.72-.001843        0 4 4 1        0 4 4 0                    Q 15e     3655431410 5 3 3 3   279.0  279.0
 41 2166.662320 1.306E-24 1.283E+01.07830.101 2457.33260.72-.001843        0 4 4 1        0 4 4 0                    Q 15f     3655431410 5 3 3 3   279.0  279.0
 41 2166.662620 9.059E-27 1.831E+02.07590.097 4074.08510.73-.001653        0 3 1 2        0 3 1 1                    R 18f     3555431410 5 3 3 3   351.0  333.0
 43 2166.665660 2.810E-26 9.429E+01.07220.090 2621.90760.77-.001854        0 4 2 1        0 4 2 0                    R 27f     3655431910 5 3 3 3   342.0  330.0
 44 2166.671335 5.267E-28 7.947E+01.07250.090 3267.90380.76-.001833        1 3 1 1        1 3 1 0                    R 26f     3655431310 5 3 3 3   495.0  477.0
 43 2166.674700 3.489E-27 3.754E-01.06790.079 2010.43580.77-.002188        0 2 2 1        0 2 2 0                    Q 45f     3655431810 5 3 3 3   546.0  546.0
 45 2166.676112 1.203E-28 8.194E+01.07490.095 3187.21230.73-.001700        1 3 1 1        1 3 1 0                    R 20e     3655431310 5 3 3 3  2322.0 2214.0
 43 2166.677810 2.809E-26 9.428E+01.07220.090 2621.98800.77-.001854        0 4 2 1        0 4 2 0                    R 27e     3655431910 5 3 3 3   342.0  330.0
 41 2166.684390 3.096E-27 3.102E-03.08200.105 1926.28470.72-.000045        0 7 1 0        1 1 1 0                    R 10f     3655431410 5 3 3 3   207.0  189.0
 41 2166.691720 3.820E-28 1.050E-02.07190.089 2801.37370.78-.000198        0 8 0 0        1 2 0 0                    R 28e     3655431410 5 3 3 3   531.0  513.0
 41 2166.696480 1.262E-25 1.369E+00.07410.094 2563.37780.73-.001995        0 4 2 1        0 4 2 0                    Q 23e     3655431410 5 3 3 3   423.0  423.0
 41 2166.701290 1.387E-21 9.952E+01.07120.088 1584.45160.80-.002258        0 2 0 1        0 2 0 0                    P 31e     3655431410 5 3 3 3   549.0  567.0
 41 2166.703360 5.382E-28 2.561E+02.09060.112 4422.32290.70-.001214        0 0 0 3        0 0 0 2                    R  3e     3555431410 5 3 3 3    81.0   63.0
 45 2166.704485 4.534E-28 6.165E+01.09620.119 2307.99500.69-.001089        0 4 0 1        0 4 0 0                    R  0e     3655431310 5 3 3 3   162.0   54.0
 45 2166.721100 9.509E-27 1.964E+02.07290.091 2503.13630.75-.002256        0 0 0 2        0 0 0 1                    P 26e     3655431810 5 3 3 3  2754.0 2862.0
 45 2166.721466 1.199E-28 8.191E+01.07490.095 3187.84480.73-.001700        1 3 1 1        1 3 1 0                    R 20f     3655431310 5 3 3 3  2322.0 2214.0
 45 2166.724700 5.397E-24 9.721E+01.06630.075 1206.34850.74-.002186        0 0 0 1        0 0 0 0                    P 54e     3645431816 5 3 3 3  5778.0 5886.0
 45 2166.724859 1.022E-28 8.261E+01.07450.094 3231.82650.73-.001723        1 3 3 1        1 3 3 0                    R 21f     3655431310 5 3 3 3  2430.0 2322.0
 45 2166.724959 1.022E-28 8.261E+01.07450.094 3231.82640.73-.001723        1 3 3 1        1 3 3 0                    R 21e     3655431310 5 3 3 3  2430.0 2322.0
 41 2166.727040 2.013E-23 2.002E+02.07190.089 2585.16070.78-.002259        0 0 0 2        0 0 0 1                    P 29e     3655431410 5 3 3 3   513.0  531.0
 45 2166.727100 3.901E-25 8.977E+01.07220.090 1593.50210.77-.002259        1 0 0 1        1 0 0 0                    P 28e     3655431810 5 3 3 3  2970.0 3078.0
 44 2166.738721 8.378E-28 8.650E+01.07290.091 3182.21050.75-.001812        0 5 5 1        0 5 5 0                    R 25e     3655431310 5 3 3 3   477.0  459.0
 44 2166.738725 8.378E-28 8.650E+01.07290.091 3182.21050.75-.001812        0 5 5 1        0 5 5 0                    R 25f     3655431310 5 3 3 3   477.0  459.0
 41 2166.740550 1.495E-25 2.613E+00.07770.100 2588.63000.73-.001868        1 2 2 1        1 2 2 0                    Q 16e     3655431410 5 3 3 3   297.0  297.0
 41 2166.741600 7.952E-27 1.169E+02.09620.119 3480.81920.69-.001089        1 0 0 2        1 0 0 1                    R  0e     3655431410 5 3 3 3    27.0    9.0
 41 2166.748270 1.495E-25 2.612E+00.07770.100 2588.62620.73-.001868        1 2 2 1        1 2 2 0                    Q 16f     3655431410 5 3 3 3   297.0  297.0
 44 2166.748680 1.179E-26 8.128E+01.08920.111 2301.95310.71-.001251        0 4 0 1        0 4 0 0                    R  4e     3655431310 5 3 3 3    99.0   81.0
 44 2166.750200 3.302E-25 9.515E+01.08200.105 1781.78430.72-.002003        0 3 1 1        0 3 1 0                    P 11f     3655431810 5 3 3 3   189.0  207.0
 41 2166.761120 1.485E-24 1.467E+01.07910.102 2444.69890.72-.001817        0 4 4 1        0 4 4 0                    Q 14e     3655431410 5 3 3 3   261.0  261.0
 41 2166.761120 1.485E-24 1.467E+01.07910.102 2444.69890.72-.001817        0 4 4 1        0 4 4 0                    Q 14f     3655431410 5 3 3 3   261.0  261.0
 45 2166.761704 6.571E-25 9.785E+01.07220.090 1503.97050.77-.002259        0 2 2 1        0 2 2 0                    P 28e     3655431310 5 3 3 3  2970.0 3078.0
 41 2166.763660 1.043E-28 1.820E+02.06890.082 5141.65260.79-.002079        0 4 0 2        0 4 0 1                    R 39e     3555431410 5 3 3 3   729.0  711.0
 45 2166.765205 6.572E-25 9.786E+01.07220.090 1503.94270.77-.002259        0 2 2 1        0 2 2 0                    P 28f     3655431310 5 3 3 3  2970.0 3078.0
 41 2166.767310 5.621E-28 3.734E-01.06460.070 3623.82770.71-.002284        0 3 3 1        0 3 3 0                    Q 66e     3645431410 5 3 3 3  1197.0 1197.0
 43 2166.768696 2.094E-26 9.434E+01.07150.088 2696.48420.79-.001895        0 4 4 1        0 4 4 0                    R 29e     3655431310 5 3 3 3   366.0  354.0
 43 2166.768700 2.094E-26 9.434E+01.07150.088 2696.48420.79-.001895        0 4 4 1        0 4 4 0                    R 29f     3655431310 5 3 3 3   366.0  354.0
 41 2166.774030 5.132E-27 8.383E+01.06990.084 4159.23510.81-.002009        1 4 2 1        1 4 2 0                    R 35f     3555431410 5 3 3 3   657.0  639.0
 41 2166.778150 1.624E-26 8.994E+01.07070.086 3919.06780.81-.001953        0 6 2 1        0 6 2 0                    R 32f     3655431410 5 3 3 3   603.0  585.0
 44 2166.779526 2.859E-27 1.962E+02.08680.109 2809.03970.71-.001777        0 1 1 2        0 1 1 1                    P  7f     3655431310 5 3 3 3   117.0  135.0
 44 2166.780300 3.304E-25 9.515E+01.08200.105 1781.61460.72-.002003        0 3 1 1        0 3 1 0                    P 11e     3655431810 5 3 3 3   189.0  207.0
 43 2166.785230 1.451E-28 1.750E+02.07070.086 3865.74740.81-.001953        1 0 0 2        1 0 0 1                    R 32e     3655431910 5 3 3 3   402.0  390.0
 44 2166.789695 2.859E-27 1.962E+02.08680.109 2809.00040.71-.001777        0 1 1 2        0 1 1 1                    P  7e     3655431310 5 3 3 3   117.0  135.0
 41 2166.795890 5.124E-27 8.380E+01.06990.084 4159.49130.81-.002009        1 4 2 1        1 4 2 0                    R 35e     3555431410 5 3 3 3   657.0  639.0
 41 2166.808860 1.261E-25 1.368E+00.07410.094 2563.32170.73-.001995        0 4 2 1        0 4 2 0                    Q 23f     3655431410 5 3 3 3   423.0  423.0
 44 2166.811988 1.970E-28 6.274E-03.07330.092 1502.99390.74-.000613        0 6 2 0        1 0 0 0                    P 25e     3655431310 5 3 3 3   441.0  459.0
 41 2166.820920 1.624E-26 9.014E+01.07070.086 3919.47390.81-.001953        0 6 2 1        0 6 2 0                    R 32e     3655431410 5 3 3 3   603.0  585.0
 41 2166.825030 2.901E-27 6.020E-04.06890.082 1856.14550.79-.002236        0 2 2 1        0 2 0 0                    P 40e     3655431410 5 3 3 3   711.0  729.0
 41 2166.840280 7.355E-22 9.193E+01.07120.088 1698.65070.80-.002258        1 0 0 1        1 0 0 0                    P 31e     3655431410 5 3 3 3   549.0  567.0
 41 2166.847440 6.937E-25 8.989E+01.07910.102 2974.21960.72-.001526        0 5 1 1        0 5 1 0                    R 13e     3655431410 5 3 3 3   261.0  243.0
 41 2166.849550 1.699E-25 2.962E+00.07830.101 2575.23910.72-.001843        1 2 2 1        1 2 2 0                    Q 15e     3655431410 5 3 3 3   279.0  279.0
 41 2166.853340 1.690E-24 1.693E+01.07990.103 2432.90720.72-.001788        0 4 4 1        0 4 4 0                    Q 13e     3655431410 5 3 3 3   243.0  243.0
 41 2166.853340 1.690E-24 1.693E+01.07990.103 2432.90720.72-.001788        0 4 4 1        0 4 4 0                    Q 13f     3655431410 5 3 3 3   243.0  243.0
 41 2166.855550 1.699E-25 2.962E+00.07830.101 2575.23600.72-.001843        1 2 2 1        1 2 2 0                    Q 15f     3655431410 5 3 3 3   279.0  279.0
 41 2166.856960 1.450E-25 1.496E+00.07450.094 2544.02390.73-.001980        0 4 2 1        0 4 2 0                    Q 22e     3655431410 5 3 3 3   405.0  405.0
 44 2166.857200 6.828E-27 7.348E+01.08330.106 2526.54930.72-.001414        2 0 0 1        2 0 0 0                    R  9e     3655431810 5 3 3 3   189.0  171.0
 44 2166.876974 2.467E-28 1.700E+02.08200.105 3400.95770.72-.001443        0 2 2 2        0 2 2 1                    R 10f     3655431310 5 3 3 3   207.0  189.0
 44 2166.877296 2.467E-28 1.700E+02.08200.105 3400.95790.72-.001443        0 2 2 2        0 2 2 1                    R 10e     3655431310 5 3 3 3   207.0  189.0
 41 2166.884250 6.289E-25 8.747E+01.07830.101 3002.49420.72-.001552        0 5 3 1        0 5 3 0                    R 14e     3655431410 5 3 3 3   279.0  261.0
 41 2166.884300 6.289E-25 8.747E+01.07830.101 3002.49430.72-.001552        0 5 3 1        0 5 3 0                    R 14f     3655431410 5 3 3 3   279.0  261.0
 43 2166.886600 5.210E-27 4.133E-01.06830.080 1938.46670.78-.002176        0 2 2 1        0 2 2 0                    Q 43e     3655431810 5 3 3 3   522.0  522.0
 41 2166.897870 6.922E-25 8.987E+01.07910.102 2974.61530.72-.001526        0 5 1 1        0 5 1 0                    R 13f     3655431410 5 3 3 3   261.0  243.0
 42 2166.897900 5.557E-26 8.525E+01.06870.081 2544.04210.78-.002095        1 1 1 1        1 1 1 0                    R 40e     3655431810 5 3 3 3   498.0  486.0
 41 2166.898030 3.168E-28 5.203E-02.06570.073 3309.93290.73-.002253        1 1 1 1        1 1 1 0                    Q 58f     3645431410 5 3 3 3  1053.0 1053.0
 42 2166.900100 1.393E-25 1.860E+02.07360.093 2407.04440.74-.001768        0 0 0 2        0 0 0 1                    R 23e     3655431810 5 3 3 3   294.0  282.0
 42 2166.901300 1.147E-23 9.182E+01.07490.095 1327.41350.73-.001700        0 2 2 1        0 2 2 0                    R 20f     3655431810 5 3 3 3   258.0  246.0
 42 2166.905200 1.147E-23 9.182E+01.07490.095 1327.42760.73-.001700        0 2 2 1        0 2 2 0                    R 20e     3655431810 5 3 3 3   258.0  246.0
 45 2166.905621 3.447E-26 9.075E+01.07990.103 1932.68160.72-.002078        1 1 1 1        1 1 1 0                    P 13f     3655431310 5 3 3 3  1350.0 1458.0
 43 2166.912400 6.703E-27 8.179E+01.07120.088 2908.09320.80-.001915        2 0 0 1        2 0 0 0                    R 30e     3655431810 5 3 3 3   378.0  366.0
 45 2166.925038 6.745E-26 9.732E+01.07910.102 1824.77030.72-.002108        0 3 1 1        0 3 1 0                    P 14f     3655431310 5 3 3 3  1458.0 1566.0
 41 2166.929940 1.079E-27 6.326E-02.06600.074 3090.92120.74-.002244        0 3 1 1        0 3 1 0                    Q 56f     3645431410 5 3 3 3  1017.0 1017.0
 42 2166.930300 5.516E-26 8.524E+01.06870.081 2545.50870.78-.002095        1 1 1 1        1 1 1 0                    R 40f     3655431810 5 3 3 3   498.0  486.0
 42 2166.931774 9.658E-26 9.185E+01.06850.081 2450.54230.78-.002112        0 3 3 1        0 3 3 0                    R 41f     3655431910 5 3 3 3   510.0  498.0
 45 2166.932363 3.449E-26 9.073E+01.07990.103 1932.51990.72-.002078        1 1 1 1        1 1 1 0                    P 13e     3655431310 5 3 3 3  1350.0 1458.0
 43 2166.936790 9.137E-27 1.883E+02.08090.104 2825.72660.72-.001471        0 1 1 2        0 1 1 1                    R 11e     3655431910 5 3 3 3   150.0  138.0
 41 2166.938640 7.698E-28 7.187E+01.06850.081 4549.13630.78-.002112        3 0 0 1        3 0 0 0                    R 41e     3555431410 5 3 3 3   765.0  747.0
 41 2166.938960 1.926E-24 1.976E+01.08090.104 2421.95750.72-.001757        0 4 4 1        0 4 4 0                    Q 12e     3655431410 5 3 3 3   225.0  225.0
 41 2166.938960 1.926E-24 1.976E+01.08090.104 2421.95750.72-.001757        0 4 4 1        0 4 4 0                    Q 12f     3655431410 5 3 3 3   225.0  225.0
 44 2166.945248 8.047E-27 7.505E+01.08570.108 2453.63120.71-.001352        1 2 2 1        1 2 2 0                    R  7e     3655431310 5 3 3 3   153.0  135.0
 44 2166.945337 8.047E-27 7.505E+01.08570.108 2453.63100.71-.001352        1 2 2 1        1 2 2 0                    R  7f     3655431310 5 3 3 3   153.0  135.0
 42 2166.946100 6.650E-28 1.029E-02.07120.088 1541.57840.80-.001915        0 2 0 1        0 2 2 0                    R 30e     3655431810 5 3 3 3   378.0  366.0
 42 2166.950830 9.660E-26 9.185E+01.06850.081 2450.49870.78-.002112        0 3 3 1        0 3 3 0                    R 41e     3655431910 5 3 3 3   510.0  498.0
 41 2166.951570 1.449E-25 1.495E+00.07450.094 2543.97670.73-.001980        0 4 2 1        0 4 2 0                    Q 22f     3655431410 5 3 3 3   405.0  405.0
 41 2166.951640 1.932E-25 3.387E+00.07910.102 2562.68480.72-.001817        1 2 2 1        1 2 2 0                    Q 14e     3655431410 5 3 3 3   261.0  261.0
 43 2166.952200 9.132E-27 1.883E+02.08090.104 2825.82290.72-.001471        0 1 1 2        0 1 1 1                    R 11f     3655431910 5 3 3 3   150.0  138.0
 43 2166.953200 4.268E-27 3.933E-01.06810.080 1973.96190.77-.002182        0 2 2 1        0 2 2 0                    Q 44f     3655431810 5 3 3 3   534.0  534.0
 41 2166.956100 4.342E-27 1.691E+02.07540.096 4219.29350.73-.001677        1 1 1 2        1 1 1 1                    R 19e     3555431410 5 3 3 3   369.0  351.0
 41 2166.956240 1.932E-25 3.387E+00.07910.102 2562.68250.72-.001817        1 2 2 1        1 2 2 0                    Q 14f     3655431410 5 3 3 3   261.0  261.0
 41 2166.958600 1.798E-22 9.929E+01.07700.099 1877.89490.73-.002177        0 3 1 1        0 3 1 0                    P 17f     3655431410 5 3 3 3   297.0  315.0
 41 2166.962480 7.497E-28 3.866E-01.06480.071 3568.61100.72-.002281        0 3 3 1        0 3 3 0                    Q 65f     3645431410 5 3 3 3  1179.0 1179.0
 41 2166.965820 3.484E-27 8.466E+01.06940.083 4251.87720.80-.002044        1 4 4 1        1 4 4 0                    R 37f     3555431410 5 3 3 3   693.0  675.0
 41 2166.965840 3.484E-27 8.466E+01.06940.083 4251.87730.80-.002044        1 4 4 1        1 4 4 0                    R 37e     3555431410 5 3 3 3   693.0  675.0
 44 2166.967307 4.329E-28 8.175E+01.07220.090 3321.37430.77-.001854        1 3 3 1        1 3 3 0                    R 27e     3655431310 5 3 3 3   513.0  495.0
 44 2166.967353 4.329E-28 8.175E+01.07220.090 3321.37450.77-.001854        1 3 3 1        1 3 3 0                    R 27f     3655431310 5 3 3 3   513.0  495.0
 45 2166.968430 6.753E-26 9.731E+01.07910.102 1824.47930.72-.002108        0 3 1 1        0 3 1 0                    P 14e     3655431310 5 3 3 3  1458.0 1566.0
 41 2166.970870 1.880E-27 7.705E+01.06920.083 4364.73720.79-.002062        2 2 0 1        2 2 0 0                    R 38e     3555431410 5 3 3 3   711.0  693.0
 45 2166.975541 6.677E-28 7.328E+01.09220.114 2438.16190.70-.001175        1 2 0 1        1 2 0 0                    R  2e     3655431310 5 3 3 3   378.0  270.0
 41 2166.976730 2.802E-25 8.288E+01.07700.099 3182.70670.73-.001603        1 3 3 1        1 3 3 0                    R 16e     3655431410 5 3 3 3   315.0  297.0
 41 2166.976750 2.802E-25 8.288E+01.07700.099 3182.70670.73-.001603        1 3 3 1        1 3 3 0                    R 16f     3655431410 5 3 3 3   315.0  297.0
 41 2166.980470 5.175E-25 8.450E+01.07700.099 3060.44650.73-.001603        0 5 5 1        0 5 5 0                    R 16e     3655431410 5 3 3 3   315.0  297.0
 41 2166.980470 5.175E-25 8.450E+01.07700.099 3060.44650.73-.001603        0 5 5 1        0 5 5 0                    R 16f     3655431410 5 3 3 3   315.0  297.0
 44 2166.981060 2.665E-28 1.721E+02.08200.105 3387.64300.72-.001443        0 2 0 2        0 2 0 1                    R 10e     3655431310 5 3 3 3   207.0  189.0
 41 2166.982180 4.335E-27 1.691E+02.07540.096 4219.63000.73-.001677        1 1 1 2        1 1 1 1                    R 19f     3555431410 5 3 3 3   369.0  351.0
 42 2166.983020 1.198E-25 9.191E+01.06870.081 2401.51590.78-.002095        0 3 1 1        0 3 1 0                    R 40e     3655431910 5 3 3 3   498.0  486.0
 41 2167.009770 1.662E-25 1.641E+00.07490.095 2525.51140.73-.001965        0 4 2 1        0 4 2 0                    Q 21e     3655431410 5 3 3 3   387.0  387.0
 41 2167.012600 1.168E-26 9.015E+01.07010.085 3999.22750.81-.001991        0 6 4 1        0 6 4 0                    R 34f     3655431410 5 3 3 3   639.0  621.0
 41 2167.012720 1.168E-26 9.015E+01.07010.085 3999.22790.81-.001991        0 6 4 1        0 6 4 0                    R 34e     3655431410 5 3 3 3   639.0  621.0
 43 2167.013220 2.660E-28 1.904E+02.07070.086 3758.45340.81-.001953        0 2 0 2        0 2 0 1                    R 32e     3655431910 5 3 3 3   402.0  390.0
 41 2167.017450 1.802E-22 9.927E+01.07700.099 1877.43820.73-.002177        0 3 1 1        0 3 1 0                    P 17e     3655431410 5 3 3 3   297.0  315.0
 41 2167.018020 2.199E-24 2.336E+01.08200.105 2411.84990.72-.001723        0 4 4 1        0 4 4 0                    Q 11e     3655431410 5 3 3 3   207.0  207.0
 41 2167.018020 2.199E-24 2.336E+01.08200.105 2411.84990.72-.001723        0 4 4 1        0 4 4 0                    Q 11f     3655431410 5 3 3 3   207.0  207.0
 41 2167.029580 3.187E-25 8.384E+01.07770.100 3146.46290.73-.001578        1 3 1 1        1 3 1 0                    R 15e     3655431410 5 3 3 3   297.0  279.0
 43 2167.035270 5.290E-25 8.579E+01.08330.106 1793.15840.72-.001414        0 3 3 1        0 3 3 0                    R  9e     3655431910 5 3 3 3   126.0  114.0
 43 2167.035280 5.290E-25 8.579E+01.08330.106 1793.15840.72-.001414        0 3 3 1        0 3 3 0                    R  9f     3655431910 5 3 3 3   126.0  114.0
 43 2167.046200 1.613E-22 1.022E+02.07410.094  809.25250.73-.002244        0 1 1 1        0 1 1 0                    P 23f     3655431815 5 3 3 3   270.0  282.0
 41 2167.046850 2.198E-25 3.909E+00.07990.103 2550.96730.72-.001788        1 2 2 1        1 2 2 0                    Q 13e     3655431410 5 3 3 3   243.0  243.0
 41 2167.050290 2.198E-25 3.909E+00.07990.103 2550.96550.72-.001788        1 2 2 1        1 2 2 0                    Q 13f     3655431410 5 3 3 3   243.0  243.0
 42 2167.050540 1.182E-25 9.187E+01.06870.081 2404.05320.78-.002095        0 3 1 1        0 3 1 0                    R 40f     3655431910 5 3 3 3   498.0  486.0
 44 2167.050700 1.596E-25 8.961E+01.08460.107 1875.50450.72-.001904        1 1 1 1        1 1 1 0                    P  9f     3655431810 5 3 3 3   153.0  171.0
 44 2167.051711 1.700E-28 1.584E+02.07990.103 3495.94710.72-.001499        1 0 0 2        1 0 0 1                    R 12e     3655431310 5 3 3 3   243.0  225.0
 42 2167.055280 6.773E-28 1.849E+02.06750.078 3637.78080.76-.002189        0 1 1 2        0 1 1 1                    R 46e     3655431910 5 3 3 3   570.0  558.0
 42 2167.058000 1.619E-28 1.199E-03.08090.104 1199.75810.72-.001471        0 2 2 1        0 2 0 0                    R 11e     3655431810 5 3 3 3   150.0  138.0
 44 2167.061566 2.617E-25 8.982E+01.08330.106 1797.09460.72-.001957        0 3 3 1        0 3 3 0                    P 10e     3655431310 5 3 3 3   171.0  189.0
 44 2167.061780 2.617E-25 8.982E+01.08330.106 1797.09440.72-.001957        0 3 3 1        0 3 3 0                    P 10f     3655431310 5 3 3 3   171.0  189.0
 41 2167.066830 1.558E-26 5.918E-04.07490.095 1371.81670.73-.002229        0 2 0 1        0 2 2 0                    P 21e     3655431410 5 3 3 3   369.0  387.0
 44 2167.067200 1.596E-25 8.960E+01.08460.107 1875.42620.72-.001904        1 1 1 1        1 1 1 0                    P  9e     3655431810 5 3 3 3   153.0  171.0
 43 2167.068870 2.948E-26 9.439E+01.07220.090 2612.18460.77-.001854        0 4 0 1        0 4 0 0                    R 27e     3655431910 5 3 3 3   342.0  330.0
 41 2167.069230 3.180E-25 8.382E+01.07770.100 3146.85080.73-.001578        1 3 1 1        1 3 1 0                    R 15f     3655431410 5 3 3 3   297.0  279.0
 45 2167.074546 5.777E-26 9.420E+01.07990.103 1834.06290.72-.002078        0 3 3 1        0 3 3 0                    P 13f     3655431310 5 3 3 3  1350.0 1458.0
 45 2167.074672 5.777E-26 9.420E+01.07990.103 1834.06290.72-.002078        0 3 3 1        0 3 3 0                    P 13e     3655431310 5 3 3 3  1350.0 1458.0
 44 2167.077260 8.905E-27 5.830E+01.08680.109 2355.03890.71-.001320        0 4 4 1        0 4 4 0                    R  6e     3655431310 5 3 3 3   135.0  117.0
 44 2167.077266 8.905E-27 5.830E+01.08680.109 2355.03890.71-.001320        0 4 4 1        0 4 4 0                    R  6f     3655431310 5 3 3 3   135.0  117.0
 44 2167.077634 2.271E-28 7.571E+01.07120.088 3458.84160.80-.001915        2 1 1 1        2 1 1 0                    R 30e     3655431310 5 3 3 3   567.0  549.0
 41 2167.078320 1.696E-26 9.021E+01.07070.086 3910.72880.81-.001953        0 6 0 1        0 6 0 0                    R 32e     3655431410 5 3 3 3   603.0  585.0
 43 2167.079680 4.011E-28 2.199E-02.09220.114 1274.73110.70-.000356        0 6 0 0        1 0 0 0                    P  3e     3655431910 5 3 3 3    30.0   42.0
 43 2167.082000 8.907E-26 2.180E+02.08800.110 2218.46780.71-.001699        0 0 0 2        0 0 0 1                    P  6e     3655431810 5 3 3 3    66.0   78.0
 43 2167.087800 1.615E-22 1.022E+02.07410.094  808.84220.73-.002244        0 1 1 1        0 1 1 0                    P 23e     3655431815 5 3 3 3   270.0  282.0
 41 2167.088770 1.662E-25 1.640E+00.07490.095 2525.47190.73-.001965        0 4 2 1        0 4 2 0                    Q 21f     3655431410 5 3 3 3   387.0  387.0
 44 2167.089494 9.170E-27 7.761E+01.08570.108 2433.60420.71-.001352        1 2 0 1        1 2 0 0                    R  7e     3655431310 5 3 3 3   153.0  135.0
 41 2167.090470 2.521E-24 2.804E+01.08330.106 2402.58450.72-.001685        0 4 4 1        0 4 4 0                    Q 10e     3655431410 5 3 3 3   189.0  189.0
 41 2167.090470 2.521E-24 2.804E+01.08330.106 2402.58450.72-.001685        0 4 4 1        0 4 4 0                    Q 10f     3655431410 5 3 3 3   189.0  189.0
 43 2167.092500 8.803E-24 1.061E+02.08570.108 1189.18190.71-.001845        0 2 0 1        0 2 0 0                    P  8e     3655431810 5 3 3 3    90.0  102.0
 42 2167.096220 6.715E-28 1.849E+02.06750.078 3639.49300.76-.002189        0 1 1 2        0 1 1 1                    R 46f     3655431910 5 3 3 3   570.0  558.0
 44 2167.104400 4.707E-23 9.537E+01.06670.076 1089.01000.75-.002193        0 0 0 1        0 0 0 0                    P 52e     3645431816 5 3 3 3   927.0  945.0
 41 2167.113340 1.625E-22 9.714E+01.07770.100 1881.32240.73-.002157        0 3 3 1        0 3 3 0                    P 16f     3655431410 5 3 3 3   279.0  297.0
 41 2167.113360 1.625E-22 9.714E+01.07770.100 1881.32240.73-.002157        0 3 3 1        0 3 3 0                    P 16e     3655431410 5 3 3 3   279.0  297.0
 43 2167.116600 4.791E-24 9.847E+01.08570.108 1298.92610.71-.001845        1 0 0 1        1 0 0 0                    P  8e     3655431810 5 3 3 3    90.0  102.0
 42 2167.117800 5.924E-24 8.547E+01.07540.096 1438.83720.73-.001677        1 0 0 1        1 0 0 0                    R 19e     3655431810 5 3 3 3   246.0  234.0
 41 2167.119280 1.638E-25 7.841E+01.07650.098 3293.08660.73-.001628        2 1 1 1        2 1 1 0                    R 17e     3655431410 5 3 3 3   333.0  315.0
 41 2167.119850 2.221E-24 2.011E+02.07910.102 2885.75960.72-.002108        0 1 1 2        0 1 1 1                    P 14f     3655431410 5 3 3 3   243.0  261.0
 41 2167.120160 5.398E-27 8.353E+01.06990.084 4148.03010.81-.002009        1 4 0 1        1 4 0 0                    R 35e     3555431410 5 3 3 3   657.0  639.0
 44 2167.129214 2.261E-28 7.574E+01.07120.088 3459.88000.80-.001915        2 1 1 1        2 1 1 0                    R 30f     3655431310 5 3 3 3   567.0  549.0
 43 2167.133500 5.843E-25 9.173E+01.08460.107 1765.83640.72-.001384        0 3 1 1        0 3 1 0                    R  8e     3655431810 5 3 3 3   114.0  102.0
 41 2167.135180 2.504E-25 4.563E+00.08090.104 2540.08650.72-.001757        1 2 2 1        1 2 2 0                    Q 12e     3655431410 5 3 3 3   225.0  225.0
 45 2167.136644 2.349E-28 8.750E+01.07540.096 3053.19440.73-.001677        0 5 3 1        0 5 3 0                    R 19f     3655431310 5 3 3 3  2214.0 2106.0
 45 2167.136681 2.349E-28 8.750E+01.07540.096 3053.19410.73-.001677        0 5 3 1        0 5 3 0                    R 19e     3655431310 5 3 3 3  2214.0 2106.0
 41 2167.137710 2.504E-25 4.563E+00.08090.104 2540.08530.72-.001757        1 2 2 1        1 2 2 0                    Q 12f     3655431410 5 3 3 3   225.0  225.0
 41 2167.139870 6.053E-26 3.609E-03.07590.097 1443.43530.73-.000642        0 6 0 0        1 0 0 0                    P 19e     3655431410 5 3 3 3   333.0  351.0
 45 2167.144017 2.668E-28 8.830E+01.07590.097 3018.58150.73-.001653        0 5 1 1        0 5 1 0                    R 18e     3655431310 5 3 3 3  2106.0 1998.0
 41 2167.144080 2.222E-24 2.011E+02.07910.102 2885.59660.72-.002108        0 1 1 2        0 1 1 1                    P 14e     3655431410 5 3 3 3   243.0  261.0
 41 2167.146710 1.636E-25 7.840E+01.07650.098 3293.41600.73-.001628        2 1 1 1        2 1 1 0                    R 17f     3655431410 5 3 3 3   333.0  315.0
 41 2167.149190 1.382E-28 1.487E-02.06420.069 3261.28500.71-.002298        0 2 0 1        0 2 2 0                    Q 70f     3644431410 5 3 3 3  1269.0 1269.0
 41 2167.154990 1.902E-25 1.807E+00.07540.096 2507.84010.73-.001948        0 4 2 1        0 4 2 0                    Q 20e     3655431410 5 3 3 3   369.0  369.0
 43 2167.156300 5.840E-25 9.172E+01.08460.107 1765.93640.72-.001384        0 3 1 1        0 3 1 0                    R  8f     3655431810 5 3 3 3   114.0  102.0
 41 2167.156340 2.905E-24 3.427E+01.08460.107 2394.16120.72-.001644        0 4 4 1        0 4 4 0                    Q  9e     3655431410 5 3 3 3   171.0  171.0
 41 2167.156340 2.905E-24 3.427E+01.08460.107 2394.16120.72-.001644        0 4 4 1        0 4 4 0                    Q  9f     3655431410 5 3 3 3   171.0  171.0
 41 2167.159470 1.531E-27 7.865E+01.06890.082 4416.24470.79-.002079        2 2 2 1        2 2 2 0                    R 39f     3555431410 5 3 3 3   729.0  711.0
 44 2167.162375 1.178E-26 7.411E+01.08800.110 2317.32700.71-.001286        0 4 2 1        0 4 2 0                    R  5f     3655431310 5 3 3 3   117.0   99.0
 44 2167.162464 1.178E-26 7.410E+01.08800.110 2317.32710.71-.001286        0 4 2 1        0 4 2 0                    R  5e     3655431310 5 3 3 3   117.0   99.0
 42 2167.163200 3.063E-21 9.937E+01.08090.104   65.35690.72-.002043        0 0 0 1        0 0 0 0                    P 12e     3655431816 5 3 3 3   138.0  150.0
 41 2167.164060 1.530E-27 7.862E+01.06890.082 4416.33780.79-.002079        2 2 2 1        2 2 2 0                    R 39e     3555431410 5 3 3 3   729.0  711.0
 41 2167.166110 6.366E-26 8.774E-03.07090.087 1725.33240.81-.000557        0 6 2 0        1 0 0 0                    P 32e     3655431410 5 3 3 3   567.0  585.0
 44 2167.166900 2.038E-23 9.584E+01.06920.083 1202.32770.79-.002239        0 1 1 1        0 1 1 0                    P 39f     3655431815 5 3 3 3   693.0  711.0
 44 2167.167247 1.077E-27 8.598E+01.07330.092 3121.22410.74-.001790        0 5 3 1        0 5 3 0                    R 24e     3655431310 5 3 3 3   459.0  441.0
 44 2167.167416 1.077E-27 8.598E+01.07330.092 3121.22470.74-.001790        0 5 3 1        0 5 3 0                    R 24f     3655431310 5 3 3 3   459.0  441.0
 43 2167.170940 2.297E-28 1.914E+02.07040.086 3795.69410.81-.001972        0 2 2 2        0 2 2 1                    R 33f     3655431910 5 3 3 3   414.0  402.0
 43 2167.174430 2.296E-28 1.914E+02.07040.086 3795.75370.81-.001972        0 2 2 2        0 2 2 1                    R 33e     3655431910 5 3 3 3   414.0  402.0
 44 2167.176906 1.260E-27 8.572E+01.07360.093 3080.19690.74-.001768        0 5 1 1        0 5 1 0                    R 23e     3655431310 5 3 3 3   441.0  423.0
 43 2167.184200 6.328E-27 4.338E-01.06850.081 1903.59360.78-.002170        0 2 2 1        0 2 2 0                    Q 42e     3655431810 5 3 3 3   510.0  510.0
 45 2167.194650 1.818E-28 8.663E+01.07450.094 3123.02760.73-.001723        0 5 5 1        0 5 5 0                    R 21f     3655431310 5 3 3 3  2430.0 2322.0
 45 2167.194787 1.818E-28 8.663E+01.07450.094 3123.02760.73-.001723        0 5 5 1        0 5 5 0                    R 21e     3655431310 5 3 3 3  2430.0 2322.0
 45 2167.196400 6.925E-25 9.746E+01.07220.090 1492.27750.77-.002259        0 2 0 1        0 2 0 0                    P 28e     3655431810 5 3 3 3  2970.0 3078.0
 41 2167.196690 7.488E-28 3.861E-01.06480.071 3568.49510.72-.002281        0 3 3 1        0 3 3 0                    Q 65e     3645431410 5 3 3 3  1179.0 1179.0
 43 2167.198000 1.231E-26 8.785E+01.07150.088 2790.99370.79-.001895        1 2 0 1        1 2 0 0                    R 29e     3655431810 5 3 3 3   366.0  354.0
 43 2167.203100 8.338E-22 1.014E+02.06960.084  568.90600.80-.002245        0 0 0 1        0 0 0 0                    P 37e     3655431816 5 3 3 3   438.0  450.0
 45 2167.203953 2.658E-28 8.827E+01.07590.097 3019.26640.73-.001653        0 5 1 1        0 5 1 0                    R 18f     3655431310 5 3 3 3  2106.0 1998.0
 45 2167.214500 2.764E-24 9.774E+01.06870.081 1287.73950.78-.002232        0 1 1 1        0 1 1 0                    P 41f     3655431815 5 3 3 3  4374.0 4482.0
 41 2167.215630 3.372E-24 4.285E+01.08570.108 2386.58010.71-.001598        0 4 4 1        0 4 4 0                    Q  8e     3655431410 5 3 3 3   153.0  153.0
 41 2167.215630 3.372E-24 4.285E+01.08570.108 2386.58010.71-.001598        0 4 4 1        0 4 4 0                    Q  8f     3655431410 5 3 3 3   153.0  153.0
 41 2167.216650 2.859E-25 5.394E+00.08200.105 2530.04260.72-.001723        1 2 2 1        1 2 2 0                    Q 11e     3655431410 5 3 3 3   207.0  207.0
 41 2167.218460 2.859E-25 5.394E+00.08200.105 2530.04170.72-.001723        1 2 2 1        1 2 2 0                    Q 11f     3655431410 5 3 3 3   207.0  207.0
 41 2167.220380 1.901E-25 1.806E+00.07540.096 2507.80750.73-.001948        0 4 2 1        0 4 2 0                    Q 20f     3655431410 5 3 3 3   369.0  369.0
 43 2167.225900 3.182E-25 8.638E+01.08330.106 1899.07980.72-.001414        1 1 1 1        1 1 1 0                    R  9e     3655431810 5 3 3 3   126.0  114.0
 43 2167.226300 5.203E-27 4.125E-01.06830.080 1938.29580.78-.002176        0 2 2 1        0 2 2 0                    Q 43f     3655431810 5 3 3 3   522.0  522.0
 44 2167.232367 4.951E-28 7.960E+01.07220.090 3288.19970.77-.001854        1 3 1 1        1 3 1 0                    R 27e     3655431310 5 3 3 3   513.0  495.0
 44 2167.238700 2.048E-23 9.582E+01.06920.083 1201.22040.79-.002239        0 1 1 1        0 1 1 0                    P 39e     3655431815 5 3 3 3   693.0  711.0
 43 2167.239760 1.059E-26 8.877E+01.07120.088 2830.67810.80-.001915        1 2 2 1        1 2 2 0                    R 30f     3655431910 5 3 3 3   378.0  366.0
 43 2167.240600 3.180E-25 8.636E+01.08330.106 1899.15810.72-.001414        1 1 1 1        1 1 1 0                    R  9f     3655431810 5 3 3 3   126.0  114.0
 44 2167.241757 1.253E-27 8.568E+01.07360.093 3081.21540.74-.001768        0 5 1 1        0 5 1 0                    R 23f     3655431310 5 3 3 3   441.0  423.0
 41 2167.242570 6.760E-27 9.028E+01.06940.083 4128.69020.80-.002044        0 6 6 1        0 6 6 0                    R 37e     3555431410 5 3 3 3   693.0  675.0
 41 2167.242570 6.760E-27 9.028E+01.06940.083 4128.69020.80-.002044        0 6 6 1        0 6 6 0                    R 37f     3555431410 5 3 3 3   693.0  675.0
 43 2167.243130 1.059E-26 8.876E+01.07120.088 2830.71080.80-.001915        1 2 2 1        1 2 2 0                    R 30e     3655431910 5 3 3 3   378.0  366.0
 42 2167.252500 1.194E-23 9.248E+01.07490.095 1320.65080.73-.001700        0 2 0 1        0 2 0 0                    R 20e     3655431810 5 3 3 3   258.0  246.0
 44 2167.260600 4.373E-24 9.605E+01.07330.092 1426.45970.74-.002253        0 2 2 1        0 2 2 0                    P 25e     3655431810 5 3 3 3   441.0  459.0
 44 2167.262700 4.373E-24 9.605E+01.07330.092 1426.44700.74-.002253        0 2 2 1        0 2 2 0                    P 25f     3655431810 5 3 3 3   441.0  459.0
 41 2167.266520 1.454E-21 9.977E+01.07150.088 1568.35520.79-.002259        0 2 2 1        0 2 2 0                    P 30e     3655431410 5 3 3 3   531.0  549.0
 41 2167.268330 3.953E-24 5.510E+01.08680.109 2379.84130.71-.001548        0 4 4 1        0 4 4 0                    Q  7e     3655431410 5 3 3 3   135.0  135.0
 41 2167.268330 3.953E-24 5.510E+01.08680.109 2379.84130.71-.001548        0 4 4 1        0 4 4 0                    Q  7f     3655431410 5 3 3 3   135.0  135.0
 41 2167.270610 7.809E-27 1.822E+02.07490.095 4123.53630.73-.001700        0 3 3 2        0 3 3 1                    R 20e     3555431410 5 3 3 3   387.0  369.0
 41 2167.270670 7.809E-27 1.822E+02.07490.095 4123.53640.73-.001700        0 3 3 2        0 3 3 1                    R 20f     3555431410 5 3 3 3   387.0  369.0
 41 2167.272350 1.454E-21 9.977E+01.07150.088 1568.30490.79-.002259        0 2 2 1        0 2 2 0                    P 30f     3655431410 5 3 3 3   531.0  549.0
 41 2167.273260 1.191E-28 5.607E-03.07040.086 2944.23410.81-.000986        1 6 2 0        1 2 2 0                    R 33e     3655431410 5 3 3 3   621.0  603.0
 41 2167.279470 2.375E-24 1.269E+02.09410.116 2325.09730.70-.001273        0 4 0 1        0 4 0 0                    P  2e     3655431410 5 3 3 3    27.0   45.0
 44 2167.282476 4.923E-28 7.957E+01.07220.090 3289.25960.77-.001854        1 3 1 1        1 3 1 0                    R 27f     3655431310 5 3 3 3   513.0  495.0
 41 2167.285950 5.156E-21 9.959E+01.06830.080 1382.70880.78-.002225        0 1 1 1        0 1 1 0                    P 43f     3655431415 5 3 3 3   765.0  783.0
 43 2167.290330 2.607E-26 9.443E+01.07190.089 2644.65630.78-.001875        0 4 2 1        0 4 2 0                    R 28f     3655431910 5 3 3 3   354.0  342.0
 41 2167.291280 3.277E-25 6.475E+00.08330.106 2520.83560.72-.001685        1 2 2 1        1 2 2 0                    Q 10e     3655431410 5 3 3 3   189.0  189.0
 41 2167.292540 3.277E-25 6.474E+00.08330.106 2520.83500.72-.001685        1 2 2 1        1 2 2 0                    Q 10f     3655431410 5 3 3 3   189.0  189.0
 41 2167.292710 2.172E-25 1.999E+00.07590.097 2491.01020.73-.001930        0 4 2 1        0 4 2 0                    Q 19e     3655431410 5 3 3 3   351.0  351.0
 45 2167.296900 2.780E-24 9.771E+01.06870.081 1286.45350.78-.002232        0 1 1 1        0 1 1 0                    P 41e     3655431815 5 3 3 3  4374.0 4482.0
 45 2167.303169 6.506E-28 7.197E+01.08920.111 2532.74480.71-.001251        2 0 0 1        2 0 0 0                    R  4e     3655431310 5 3 3 3   594.0  486.0
 43 2167.303750 2.605E-26 9.442E+01.07190.089 2644.74880.78-.001875        0 4 2 1        0 4 2 0                    R 28e     3655431910 5 3 3 3   354.0  342.0
 41 2167.303870 1.655E-28 2.135E-02.07700.099 3011.99650.73-.002423        3 2 2 0        0 5 1 0                    R 16e     3655431410 5 3 3 3   315.0  297.0
 41 2167.304310 3.205E-27 3.090E-03.08090.104 1935.36800.72-.000046        0 7 1 0        1 1 1 0                    R 11e     3655431410 5 3 3 3   225.0  207.0
 41 2167.314440 4.701E-24 7.348E+01.08800.110 2373.94470.71-.001493        0 4 4 1        0 4 4 0                    Q  6e     3655431410 5 3 3 3   117.0  117.0
 41 2167.314440 4.701E-24 7.348E+01.08800.110 2373.94470.71-.001493        0 4 4 1        0 4 4 0                    Q  6f     3655431410 5 3 3 3   117.0  117.0
 41 2167.315910 8.857E-27 1.835E+02.07540.096 4089.39720.73-.001677        0 3 1 2        0 3 1 1                    R 19e     3555431410 5 3 3 3   369.0  351.0
 41 2167.328110 5.635E-25 1.764E+02.09620.119 2462.83280.69-.001130        1 2 0 1        1 2 0 0                    P  1e     3655431410 5 3 3 3     9.0   27.0
 45 2167.338859 6.218E-28 5.807E+01.09060.112 2456.58280.70-.001214        1 2 2 1        1 2 2 0                    R  3f     3655431310 5 3 3 3   486.0  378.0
 45 2167.338989 6.218E-28 5.807E+01.09060.112 2456.58280.70-.001214        1 2 2 1        1 2 2 0                    R  3e     3655431310 5 3 3 3   486.0  378.0
 45 2167.343784 1.161E-28 8.209E+01.07450.094 3204.23370.73-.001723        1 3 1 1        1 3 1 0                    R 21e     3655431310 5 3 3 3  2430.0 2322.0
 41 2167.346310 2.171E-25 1.998E+00.07590.097 2490.98350.73-.001930        0 4 2 1        0 4 2 0                    Q 19f     3655431410 5 3 3 3   351.0  351.0
 43 2167.352560 1.315E-28 1.752E+02.07040.086 3892.11710.81-.001972        1 0 0 2        1 0 0 1                    R 33e     3655431910 5 3 3 3   414.0  402.0
 41 2167.353960 5.708E-24 1.029E+02.08920.111 2368.89050.71-.001431        0 4 4 1        0 4 4 0                    Q  5e     3655431410 5 3 3 3    99.0   99.0
 41 2167.353960 5.708E-24 1.029E+02.08920.111 2368.89050.71-.001431        0 4 4 1        0 4 4 0                    Q  5f     3655431410 5 3 3 3    99.0   99.0
 41 2167.359090 3.775E-25 7.915E+00.08460.107 2512.46550.72-.001644        1 2 2 1        1 2 2 0                    Q  9e     3655431410 5 3 3 3   171.0  171.0
 41 2167.359920 3.775E-25 7.915E+00.08460.107 2512.46500.72-.001644        1 2 2 1        1 2 2 0                    Q  9f     3655431410 5 3 3 3   171.0  171.0
 41 2167.362890 8.831E-27 1.835E+02.07540.096 4089.95280.73-.001677        0 3 1 2        0 3 1 1                    R 19f     3555431410 5 3 3 3   369.0  351.0
 41 2167.363190 3.055E-26 1.533E+02.09410.116 3364.81120.70-.001133        0 2 0 2        0 2 0 1                    R  1e     3655431410 5 3 3 3    45.0   27.0
 41 2167.364970 4.556E-27 8.391E+01.06960.084 4189.36600.80-.002027        1 4 2 1        1 4 2 0                    R 36f     3555431410 5 3 3 3   675.0  657.0
 44 2167.369367 7.890E-28 8.685E+01.07250.090 3202.90380.76-.001833        0 5 5 1        0 5 5 0                    R 26e     3655431310 5 3 3 3   495.0  477.0
 44 2167.369373 7.890E-28 8.685E+01.07250.090 3202.90380.76-.001833        0 5 5 1        0 5 5 0                    R 26f     3655431310 5 3 3 3   495.0  477.0
 41 2167.381620 5.192E-21 9.959E+01.06830.080 1381.21400.78-.002225        0 1 1 1        0 1 1 0                    P 43e     3655431415 5 3 3 3   765.0  783.0
 43 2167.381943 1.924E-26 9.455E+01.07120.088 2720.88730.80-.001915        0 4 4 1        0 4 4 0                    R 30e     3655431310 5 3 3 3   378.0  366.0
 43 2167.381945 1.924E-26 9.455E+01.07120.088 2720.88730.80-.001915        0 4 4 1        0 4 4 0                    R 30f     3655431310 5 3 3 3   378.0  366.0
 41 2167.386900 7.151E-24 1.544E+02.09060.112 2364.67860.70-.001363        0 4 4 1        0 4 4 0                    Q  4e     3655431410 5 3 3 3    81.0   81.0
 41 2167.386900 7.151E-24 1.544E+02.09060.112 2364.67860.70-.001363        0 4 4 1        0 4 4 0                    Q  4f     3655431410 5 3 3 3    81.0   81.0
 41 2167.388220 4.548E-27 8.387E+01.06960.084 4189.65110.80-.002027        1 4 2 1        1 4 2 0                    R 36e     3555431410 5 3 3 3   675.0  657.0
 44 2167.389600 2.882E-24 8.703E+01.07360.093 1483.29760.74-.002249        1 0 0 1        1 0 0 0                    P 24e     3655431810 5 3 3 3   423.0  441.0
 45 2167.390422 1.156E-28 8.206E+01.07450.094 3204.92930.73-.001723        1 3 1 1        1 3 1 0                    R 21f     3655431310 5 3 3 3  2430.0 2322.0
 41 2167.398510 1.462E-26 9.006E+01.07040.086 3946.83730.81-.001972        0 6 2 1        0 6 2 0                    R 33f     3655431410 5 3 3 3   621.0  603.0
 41 2167.400980 4.081E-28 5.391E-02.06590.074 3261.53500.73-.002249        1 1 1 1        1 1 1 0                    Q 57f     3645431410 5 3 3 3  1035.0 1035.0
 41 2167.404440 9.948E-28 3.999E-01.06490.071 3514.10160.72-.002277        0 3 3 1        0 3 3 0                    Q 64f     3645431410 5 3 3 3  1161.0 1161.0
 41 2167.420070 4.380E-25 9.897E+00.08570.108 2504.93230.71-.001598        1 2 2 1        1 2 2 0                    Q  8e     3655431410 5 3 3 3   153.0  153.0
 41 2167.420610 4.380E-25 9.897E+00.08570.108 2504.93200.71-.001598        1 2 2 1        1 2 2 0                    Q  8f     3655431410 5 3 3 3   153.0  153.0
 41 2167.423020 2.477E-25 2.223E+00.07650.098 2475.02180.73-.001911        0 4 2 1        0 4 2 0                    Q 18e     3655431410 5 3 3 3   333.0  333.0
 45 2167.426264 7.080E-28 1.989E+02.08330.106 2836.83880.72-.001957        0 1 1 2        0 1 1 1                    P 10f     3655431310 5 3 3 3  1026.0 1134.0
 44 2167.434341 2.512E-26 7.584E-01.07360.093 1483.29760.74-.000620        0 6 2 0        1 0 0 0                    P 24e     3655431310 5 3 3 3   423.0  441.0
 45 2167.442141 7.082E-28 1.988E+02.08330.106 2836.75760.72-.001957        0 1 1 2        0 1 1 1                    P 10e     3655431310 5 3 3 3  1026.0 1134.0
 41 2167.444790 1.462E-26 9.024E+01.07040.086 3947.29250.81-.001972        0 6 2 1        0 6 2 0                    R 33e     3655431410 5 3 3 3   621.0  603.0
 42 2167.451600 7.827E-23 7.933E+01.09060.112  580.46290.70-.001214        0 1 1 1        0 1 1 0                    R  3e     3655431815 5 3 3 3    54.0   42.0
 42 2167.453300 4.821E-26 8.531E+01.06850.081 2578.20960.78-.002112        1 1 1 1        1 1 1 0                    R 41e     3655431810 5 3 3 3   510.0  498.0
 43 2167.455100 6.970E-24 9.909E+01.08680.109 1193.57590.71-.001777        0 2 2 1        0 2 2 0                    P  7e     3655431810 5 3 3 3    78.0   90.0
 43 2167.455200 6.970E-24 9.909E+01.08680.109 1193.57570.71-.001777        0 2 2 1        0 2 2 0                    P  7f     3655431810 5 3 3 3    78.0   90.0
 42 2167.457700 7.826E-23 7.933E+01.09060.112  580.47270.70-.001214        0 1 1 1        0 1 1 0                    R  3f     3655431815 5 3 3 3    54.0   42.0
 41 2167.459570 1.377E-27 6.544E-02.06620.075 3043.91420.74-.002240        0 3 1 1        0 3 1 0                    Q 55f     3645431410 5 3 3 3   999.0  999.0
 41 2167.465510 6.656E-28 7.192E+01.06830.080 4583.88450.78-.002128        3 0 0 1        3 0 0 0                    R 42e     3555431410 5 3 3 3   783.0  765.0
 41 2167.466470 2.476E-25 2.223E+00.07650.098 2475.00010.73-.001911        0 4 2 1        0 4 2 0                    Q 18f     3655431410 5 3 3 3   333.0  333.0
 41 2167.474260 5.134E-25 1.273E+01.08680.109 2498.23600.71-.001548        1 2 2 1        1 2 2 0                    Q  7e     3655431410 5 3 3 3   135.0  135.0
 43 2167.474300 7.659E-27 4.558E-01.06870.081 1869.52980.78-.002164        0 2 2 1        0 2 2 0                    Q 41e     3655431810 5 3 3 3   498.0  498.0
 41 2167.474580 5.134E-25 1.273E+01.08680.109 2498.23590.71-.001548        1 2 2 1        1 2 2 0                    Q  7f     3655431410 5 3 3 3   135.0  135.0
 42 2167.485800 4.784E-26 8.530E+01.06850.081 2579.74970.78-.002112        1 1 1 1        1 1 1 0                    R 41f     3655431810 5 3 3 3   510.0  498.0
 41 2167.492890 6.622E-28 2.622E+02.08920.111 4425.61970.71-.001251        0 0 0 3        0 0 0 2                    R  4e     3555431410 5 3 3 3    99.0   81.0
 43 2167.493800 6.320E-27 4.330E-01.06850.081 1903.43790.78-.002170        0 2 2 1        0 2 2 0                    Q 42f     3655431810 5 3 3 3   510.0  510.0
 43 2167.497100 6.130E-27 8.188E+01.07090.087 2932.98830.81-.001934        2 0 0 1        2 0 0 0                    R 31e     3655431810 5 3 3 3   390.0  378.0
 41 2167.503530 8.942E-23 9.250E+01.07770.100 1994.05050.73-.002157        1 1 1 1        1 1 1 0                    P 16f     3655431410 5 3 3 3   279.0  297.0
 44 2167.504739 1.388E-26 8.261E+01.08800.110 2305.92090.71-.001286        0 4 0 1        0 4 0 0                    R  5e     3655431310 5 3 3 3   117.0   99.0
 45 2167.507868 9.034E-28 7.405E+01.09410.116 2308.81120.70-.001133        0 4 0 1        0 4 0 0                    R  1e     3655431310 5 3 3 3   270.0  162.0
 42 2167.512280 8.333E-26 9.194E+01.06830.080 2485.77840.78-.002128        0 3 3 1        0 3 3 0                    R 42e     3655431910 5 3 3 3   522.0  510.0
 42 2167.516790 8.331E-26 9.193E+01.06830.080 2485.80190.78-.002128        0 3 3 1        0 3 3 0                    R 42f     3655431910 5 3 3 3   522.0  510.0
 41 2167.521650 6.105E-25 1.697E+01.08800.110 2492.37670.71-.001493        1 2 2 1        1 2 2 0                    Q  6e     3655431410 5 3 3 3   117.0  117.0
 41 2167.521820 6.105E-25 1.697E+01.08800.110 2492.37670.71-.001493        1 2 2 1        1 2 2 0                    Q  6f     3655431410 5 3 3 3   117.0  117.0
 41 2167.527470 1.646E-27 7.709E+01.06890.082 4397.15570.79-.002079        2 2 0 1        2 2 0 0                    R 39e     3555431410 5 3 3 3   729.0  711.0
 41 2167.530750 1.094E-28 5.749E-03.07010.085 2972.60280.81-.001001        1 6 2 0        1 2 2 0                    R 34f     3655431410 5 3 3 3   639.0  621.0
 41 2167.537430 1.039E-20 9.921E+01.06620.075 1288.88280.74-.002182        0 0 0 1        0 0 0 0                    P 55e     3645431416 5 3 3 3   981.0  999.0
 41 2167.538380 8.951E-23 9.249E+01.07770.100 1993.80320.73-.002157        1 1 1 1        1 1 1 0                    P 16e     3655431410 5 3 3 3   279.0  297.0
 41 2167.545980 2.821E-25 2.487E+00.07700.099 2459.87470.73-.001890        0 4 2 1        0 4 2 0                    Q 17e     3655431410 5 3 3 3   315.0  315.0
 42 2167.546200 6.486E-28 1.104E-02.07090.087 1567.60910.81-.001934        0 2 0 1        0 2 2 0                    R 31e     3655431810 5 3 3 3   390.0  378.0
 41 2167.546920 3.063E-27 8.475E+01.06920.083 4283.73520.79-.002062        1 4 4 1        1 4 4 0                    R 38f     3555431410 5 3 3 3   711.0  693.0
 41 2167.546940 3.063E-27 8.475E+01.06920.083 4283.73530.79-.002062        1 4 4 1        1 4 4 0                    R 38e     3555431410 5 3 3 3   711.0  693.0
 42 2167.549490 1.038E-25 9.198E+01.06850.081 2435.86040.78-.002112        0 3 1 1        0 3 1 0                    R 41e     3655431910 5 3 3 3   510.0  498.0
 41 2167.555250 1.584E-26 1.404E+02.09410.116 3481.64680.70-.001133        1 0 0 2        1 0 0 1                    R  1e     3655431410 5 3 3 3    45.0   27.0
 44 2167.560900 4.629E-24 9.511E+01.07330.092 1412.63420.74-.002253        0 2 0 1        0 2 0 0                    P 25e     3655431810 5 3 3 3   441.0  459.0
 41 2167.562250 7.411E-25 2.376E+01.08920.111 2487.35450.71-.001431        1 2 2 1        1 2 2 0                    Q  5e     3655431410 5 3 3 3    99.0   99.0
 41 2167.562350 7.411E-25 2.376E+01.08920.111 2487.35440.71-.001431        1 2 2 1        1 2 2 0                    Q  5f     3655431410 5 3 3 3    99.0   99.0
 42 2167.563400 1.317E-25 1.863E+02.07330.092 2426.98600.74-.001790        0 0 0 2        0 0 0 1                    R 24e     3655431810 5 3 3 3   306.0  294.0
 44 2167.565800 6.293E-26 1.926E+02.07450.094 2415.20020.73-.002237        0 0 0 2        0 0 0 1                    P 22e     3655431810 5 3 3 3   387.0  405.0
 42 2167.566350 5.722E-28 1.850E+02.06730.078 3676.79450.76-.002203        0 1 1 2        0 1 1 1                    R 47e     3655431910 5 3 3 3   582.0  570.0
 41 2167.567780 1.180E-28 1.756E-04.07070.086 2221.24140.81-.002255        0 3 3 1        0 3 1 0                    P 33f     3655431410 5 3 3 3   585.0  603.0
 44 2167.571500 7.230E-27 7.386E+01.08200.105 2534.40730.72-.001443        2 0 0 1        2 0 0 0                    R 10e     3655431810 5 3 3 3   207.0  189.0
 44 2167.576924 4.029E-28 8.191E+01.07190.089 3343.53370.78-.001875        1 3 3 1        1 3 3 0                    R 28f     3655431310 5 3 3 3   531.0  513.0
 44 2167.576933 4.029E-28 8.191E+01.07190.089 3343.53350.78-.001875        1 3 3 1        1 3 3 0                    R 28e     3655431310 5 3 3 3   531.0  513.0
 41 2167.580800 2.820E-25 2.487E+00.07700.099 2459.85730.73-.001890        0 4 2 1        0 4 2 0                    Q 17f     3655431410 5 3 3 3   315.0  315.0
 44 2167.587983 2.595E-28 1.717E+02.08090.104 3409.61350.72-.001471        0 2 2 2        0 2 2 1                    R 11f     3655431310 5 3 3 3   225.0  207.0
 44 2167.588313 2.595E-28 1.717E+02.08090.104 3409.61390.72-.001471        0 2 2 2        0 2 2 1                    R 11e     3655431310 5 3 3 3   225.0  207.0
 41 2167.589520 7.025E-25 9.022E+01.07830.101 2985.97290.72-.001552        0 5 1 1        0 5 1 0                    R 14e     3655431410 5 3 3 3   279.0  261.0
 43 2167.591190 2.409E-28 1.906E+02.07040.086 3784.98200.81-.001972        0 2 0 2        0 2 0 1                    R 33e     3655431910 5 3 3 3   414.0  402.0
 41 2167.596080 9.283E-25 3.565E+01.09060.112 2483.16920.70-.001363        1 2 2 1        1 2 2 0                    Q  4e     3655431410 5 3 3 3    81.0   81.0
 41 2167.596120 9.283E-25 3.565E+01.09060.112 2483.16920.70-.001363        1 2 2 1        1 2 2 0                    Q  4f     3655431410 5 3 3 3    81.0   81.0
 42 2167.597200 1.104E-23 9.206E+01.07450.094 1345.04830.73-.001723        0 2 2 1        0 2 2 0                    R 21f     3655431810 5 3 3 3   270.0  258.0
 42 2167.601700 1.104E-23 9.206E+01.07450.094 1345.06550.73-.001723        0 2 2 1        0 2 2 0                    R 21e     3655431810 5 3 3 3   270.0  258.0
 44 2167.604456 2.498E-27 1.974E+02.08800.110 2803.53400.71-.001699        0 1 1 2        0 1 1 1                    P  6f     3655431310 5 3 3 3    99.0  117.0
 44 2167.607300 3.128E-25 9.555E+01.08330.106 1773.04530.72-.001957        0 3 1 1        0 3 1 0                    P 10f     3655431810 5 3 3 3   171.0  189.0
 42 2167.607370 5.671E-28 1.850E+02.06730.078 3678.58100.76-.002203        0 1 1 2        0 1 1 1                    R 47f     3655431910 5 3 3 3   582.0  570.0
 44 2167.613047 2.499E-27 1.974E+02.08800.110 2803.50460.71-.001699        0 1 1 2        0 1 1 1                    P  6e     3655431310 5 3 3 3    99.0  117.0
 42 2167.616900 1.024E-25 9.194E+01.06850.081 2438.52210.78-.002112        0 3 1 1        0 3 1 0                    R 41f     3655431910 5 3 3 3   510.0  498.0
 41 2167.620030 9.937E-28 3.993E-01.06490.071 3513.99490.72-.002277        0 3 3 1        0 3 3 0                    Q 64e     3645431410 5 3 3 3  1161.0 1161.0
 41 2167.622130 6.341E-25 8.816E+01.07770.100 3015.12890.73-.001578        0 5 3 1        0 5 3 0                    R 15e     3655431410 5 3 3 3   297.0  279.0
 41 2167.622180 6.341E-25 8.816E+01.07770.100 3015.12900.73-.001578        0 5 3 1        0 5 3 0                    R 15f     3655431410 5 3 3 3   297.0  279.0
 41 2167.622350 1.042E-26 9.029E+01.06990.084 4028.71620.81-.002009        0 6 4 1        0 6 4 0                    R 35f     3555431410 5 3 3 3   657.0  639.0
 41 2167.622490 1.042E-26 9.029E+01.06990.084 4028.71670.81-.002009        0 6 4 1        0 6 4 0                    R 35e     3555431410 5 3 3 3   657.0  639.0
 41 2167.623130 1.223E-24 5.942E+01.09220.114 2479.82100.70-.001287        1 2 2 1        1 2 2 0                    Q  3e     3655431410 5 3 3 3    63.0   63.0
 41 2167.623140 1.223E-24 5.942E+01.09220.114 2479.82100.70-.001287        1 2 2 1        1 2 2 0                    Q  3f     3655431410 5 3 3 3    63.0   63.0
 41 2167.627920 3.284E-27 3.169E-03.08090.104 1935.48800.72-.000046        0 7 1 0        1 1 1 0                    R 11f     3655431410 5 3 3 3   225.0  207.0
 44 2167.634471 1.126E-28 6.765E-01.06720.077 2725.52540.75-.002210        0 3 3 1        0 3 3 0                    Q 49f     3655431310 5 3 3 3   891.0  891.0
 44 2167.634500 3.129E-25 9.554E+01.08330.106 1772.90390.72-.001957        0 3 1 1        0 3 1 0                    P 10e     3655431810 5 3 3 3   171.0  189.0
 41 2167.639670 4.208E-27 1.695E+02.07490.095 4235.84990.73-.001700        1 1 1 2        1 1 1 1                    R 20e     3555431410 5 3 3 3   387.0  369.0
 41 2167.642790 7.008E-25 9.021E+01.07830.101 2986.42930.72-.001552        0 5 1 1        0 5 1 0                    R 14f     3655431410 5 3 3 3   279.0  261.0
 41 2167.643410 1.769E-24 1.189E+02.09410.116 2477.30980.70-.001203        1 2 2 1        1 2 2 0                    Q  2e     3655431410 5 3 3 3    45.0   45.0
 41 2167.643420 1.769E-24 1.189E+02.09410.116 2477.30980.70-.001203        1 2 2 1        1 2 2 0                    Q  2f     3655431410 5 3 3 3    45.0   45.0
 44 2167.650292 1.126E-28 6.765E-01.06720.077 2725.51740.75-.002210        0 3 3 1        0 3 3 0                    Q 49e     3655431310 5 3 3 3   891.0  891.0
 43 2167.653490 9.456E-27 1.892E+02.07990.103 2835.36670.72-.001499        0 1 1 2        0 1 1 1                    R 12e     3655431910 5 3 3 3   162.0  150.0
 44 2167.659044 2.083E-28 7.580E+01.07090.087 3483.19880.81-.001934        2 1 1 1        2 1 1 0                    R 31e     3655431310 5 3 3 3   585.0  567.0
 41 2167.661680 3.210E-25 2.800E+00.07770.100 2445.56910.73-.001868        0 4 2 1        0 4 2 0                    Q 16e     3655431410 5 3 3 3   297.0  297.0
 41 2167.666560 4.200E-27 1.695E+02.07490.095 4236.22200.73-.001700        1 1 1 2        1 1 1 1                    R 20f     3555431410 5 3 3 3   387.0  369.0
 43 2167.670000 9.450E-27 1.892E+02.07990.103 2835.48050.72-.001499        0 1 1 2        0 1 1 1                    R 12f     3655431910 5 3 3 3   162.0  150.0
 41 2167.674520 3.607E-28 1.080E-02.07150.088 2825.60290.79-.000210        0 8 0 0        1 2 0 0                    R 29e     3655431410 5 3 3 3   549.0  531.0
 44 2167.678964 8.902E-27 7.666E+01.08460.107 2459.95700.72-.001384        1 2 2 1        1 2 2 0                    R  8e     3655431310 5 3 3 3   171.0  153.0
 44 2167.679090 8.902E-27 7.666E+01.08460.107 2459.95670.72-.001384        1 2 2 1        1 2 2 0                    R  8f     3655431310 5 3 3 3   171.0  153.0
 41 2167.689220 3.209E-25 2.800E+00.07770.100 2445.55530.73-.001868        0 4 2 1        0 4 2 0                    Q 16f     3655431410 5 3 3 3   297.0  297.0
 44 2167.690882 2.788E-28 1.729E+02.08090.104 3396.29030.72-.001471        0 2 0 2        0 2 0 1                    R 11e     3655431310 5 3 3 3   225.0  207.0
 43 2167.691920 2.734E-26 9.450E+01.07190.089 2634.91230.78-.001875        0 4 0 1        0 4 0 0                    R 28e     3655431910 5 3 3 3   354.0  342.0
 45 2167.693400 1.013E-26 1.968E+02.07330.092 2482.17430.74-.002253        0 0 0 2        0 0 0 1                    P 25e     3655431810 5 3 3 3  2646.0 2754.0
 41 2167.694480 2.778E-25 8.336E+01.07650.098 3196.95320.73-.001628        1 3 3 1        1 3 3 0                    R 17e     3655431410 5 3 3 3   333.0  315.0
 41 2167.694500 2.778E-25 8.336E+01.07650.098 3196.95330.73-.001628        1 3 3 1        1 3 3 0                    R 17f     3655431410 5 3 3 3   333.0  315.0
 41 2167.694930 1.526E-26 9.028E+01.07040.086 3938.44740.81-.001972        0 6 0 1        0 6 0 0                    R 33e     3655431410 5 3 3 3   621.0  603.0
 41 2167.706310 5.164E-25 8.557E+01.07650.098 3074.78160.73-.001628        0 5 5 1        0 5 5 0                    R 17e     3655431410 5 3 3 3   333.0  315.0
 41 2167.706310 5.164E-25 8.557E+01.07650.098 3074.78160.73-.001628        0 5 5 1        0 5 5 0                    R 17f     3655431410 5 3 3 3   333.0  315.0
 41 2167.708640 4.792E-27 8.359E+01.06960.084 4178.11580.80-.002027        1 4 0 1        1 4 0 0                    R 36e     3555431410 5 3 3 3   675.0  657.0
 44 2167.711954 2.073E-28 7.583E+01.07090.087 3484.30720.81-.001934        2 1 1 1        2 1 1 0                    R 31f     3655431310 5 3 3 3   585.0  567.0
 41 2167.712350 1.798E-28 1.477E-02.06430.069 3202.71660.71-.002295        0 2 0 1        0 2 2 0                    Q 69f     3645431410 5 3 3 3  1251.0 1251.0
 41 2167.714550 1.335E-27 7.872E+01.06870.081 4449.56640.78-.002095        2 2 2 1        2 2 2 0                    R 40f     3555431410 5 3 3 3   747.0  729.0
 41 2167.715630 1.547E-25 1.935E-02.07120.088 1698.65070.80-.000566        0 6 2 0        1 0 0 0                    P 31e     3655431410 5 3 3 3   549.0  567.0
 45 2167.716800 4.202E-25 8.995E+01.07250.090 1570.83320.76-.002258        1 0 0 1        1 0 0 0                    P 27e     3655431810 5 3 3 3  2862.0 2970.0
 41 2167.719280 1.334E-27 7.869E+01.06870.081 4449.66860.78-.002095        2 2 2 1        2 2 2 0                    R 40e     3555431410 5 3 3 3   747.0  729.0
 41 2167.740900 1.524E-21 9.972E+01.07150.088 1558.44560.79-.002259        0 2 0 1        0 2 0 0                    P 30e     3655431410 5 3 3 3   531.0  549.0
 44 2167.741740 1.743E-28 1.589E+02.07910.102 3506.10830.72-.001526        1 0 0 2        1 0 0 1                    R 13e     3655431310 5 3 3 3   261.0  243.0
 43 2167.743550 2.070E-28 1.916E+02.07010.085 3823.04850.81-.001991        0 2 2 2        0 2 2 1                    R 34f     3655431910 5 3 3 3   426.0  414.0
 43 2167.746960 2.069E-28 1.916E+02.07010.085 3823.11560.81-.001991        0 2 2 2        0 2 2 1                    R 34e     3655431910 5 3 3 3   426.0  414.0
 41 2167.750120 2.186E-23 2.006E+02.07220.090 2561.07540.77-.002259        0 0 0 2        0 0 0 1                    P 28e     3655431410 5 3 3 3   495.0  513.0
 41 2167.751500 3.175E-25 8.409E+01.07700.099 3159.82780.73-.001603        1 3 1 1        1 3 1 0                    R 16e     3655431410 5 3 3 3   315.0  297.0
 45 2167.752015 7.080E-25 9.801E+01.07250.090 1481.14730.76-.002258        0 2 2 1        0 2 2 0                    P 27e     3655431310 5 3 3 3  2862.0 2970.0
 45 2167.755144 7.081E-25 9.801E+01.07250.090 1481.12310.76-.002258        0 2 2 1        0 2 2 0                    P 27f     3655431310 5 3 3 3  2862.0 2970.0
 43 2167.755900 7.650E-27 4.551E-01.06870.081 1869.38820.78-.002164        0 2 2 1        0 2 2 0                    Q 41f     3655431810 5 3 3 3   498.0  498.0
 41 2167.756040 2.430E-26 9.186E+01.09220.114 3375.64190.70-.001175        0 2 2 2        0 2 2 1                    R  2f     3655431410 5 3 3 3    63.0   45.0
 41 2167.756050 2.430E-26 9.186E+01.09220.114 3375.64190.70-.001175        0 2 2 2        0 2 2 1                    R  2e     3655431410 5 3 3 3    63.0   45.0
 43 2167.756800 9.239E-27 4.794E-01.06890.082 1836.27540.79-.002157        0 2 2 1        0 2 2 0                    Q 40e     3655431810 5 3 3 3   486.0  486.0
 45 2167.760739 8.800E-28 7.606E+01.09060.112 2440.59660.70-.001214        1 2 0 1        1 2 0 0                    R  3e     3655431310 5 3 3 3   486.0  378.0
 41 2167.770190 3.650E-25 3.176E+00.07830.101 2432.10480.72-.001843        0 4 2 1        0 4 2 0                    Q 15e     3655431410 5 3 3 3   279.0  279.0
 43 2167.776500 5.690E-25 8.772E+01.08200.105 1801.28750.72-.001443        0 3 3 1        0 3 3 0                    R 10e     3655431910 5 3 3 3   138.0  126.0
 43 2167.776500 5.690E-25 8.772E+01.08200.105 1801.28750.72-.001443        0 3 3 1        0 3 3 0                    R 10f     3655431910 5 3 3 3   138.0  126.0
 41 2167.791640 3.650E-25 3.175E+00.07830.101 2432.09410.72-.001843        0 4 2 1        0 4 2 0                    Q 15f     3655431410 5 3 3 3   279.0  279.0
 41 2167.792850 3.167E-25 8.407E+01.07700.099 3160.26730.73-.001603        1 3 1 1        1 3 1 0                    R 16f     3655431410 5 3 3 3   315.0  297.0
 44 2167.796700 1.001E-26 7.818E+01.08460.107 2439.91750.72-.001384        1 2 0 1        1 2 0 0                    R  8e     3655431810 5 3 3 3   171.0  153.0
 45 2167.797436 3.346E-26 9.106E+01.08090.104 1922.12260.72-.002043        1 1 1 1        1 1 1 0                    P 12f     3655431310 5 3 3 3  1242.0 1350.0
 43 2167.799400 1.131E-26 8.794E+01.07120.088 2815.21410.80-.001915        1 2 0 1        1 2 0 0                    R 30e     3655431810 5 3 3 3   378.0  366.0
 44 2167.801408 1.019E-27 8.619E+01.07290.091 3141.08810.75-.001812        0 5 3 1        0 5 3 0                    R 25e     3655431310 5 3 3 3   477.0  459.0
 44 2167.801610 1.019E-27 8.619E+01.07290.091 3141.08890.75-.001812        0 5 3 1        0 5 3 0                    R 25f     3655431310 5 3 3 3   477.0  459.0
 42 2167.811100 5.736E-24 8.563E+01.07490.095 1455.51660.73-.001700        1 0 0 1        1 0 0 0                    R 20e     3655431810 5 3 3 3   258.0  246.0
 44 2167.813919 1.197E-27 8.585E+01.07330.092 3099.19960.74-.001790        0 5 1 1        0 5 1 0                    R 24e     3655431310 5 3 3 3   459.0  441.0
 42 2167.817200 1.993E-28 1.436E-03.07990.103 1209.83430.72-.001499        0 2 2 1        0 2 0 0                    R 12e     3655431810 5 3 3 3   162.0  150.0
 41 2167.820620 1.609E-25 7.860E+01.07590.097 3308.05310.73-.001653        2 1 1 1        2 1 1 0                    R 18e     3655431410 5 3 3 3   351.0  333.0
 45 2167.820864 2.283E-28 8.785E+01.07490.095 3069.53860.73-.001700        0 5 3 1        0 5 3 0                    R 20f     3655431310 5 3 3 3  2322.0 2214.0
 45 2167.820875 2.283E-28 8.785E+01.07490.095 3069.53820.73-.001700        0 5 3 1        0 5 3 0                    R 20e     3655431310 5 3 3 3  2322.0 2214.0
 45 2167.821865 3.348E-26 9.105E+01.08090.104 1921.98400.72-.002043        1 1 1 1        1 1 1 0                    P 12e     3655431310 5 3 3 3  1242.0 1350.0
 44 2167.823166 1.103E-26 6.553E+01.08570.108 2360.60600.71-.001352        0 4 4 1        0 4 4 0                    R  7e     3655431310 5 3 3 3   153.0  135.0
 44 2167.823171 1.103E-26 6.553E+01.08570.108 2360.60600.71-.001352        0 4 4 1        0 4 4 0                    R  7f     3655431310 5 3 3 3   153.0  135.0
 45 2167.825966 6.618E-26 9.763E+01.07990.103 1813.33290.72-.002078        0 3 1 1        0 3 1 0                    P 13f     3655431310 5 3 3 3  1350.0 1458.0
 45 2167.831963 2.606E-28 8.850E+01.07540.096 3034.05580.73-.001677        0 5 1 1        0 5 1 0                    R 19e     3655431310 5 3 3 3  2214.0 2106.0
 41 2167.834260 5.944E-27 9.047E+01.06920.083 4160.74100.79-.002062        0 6 6 1        0 6 6 0                    R 38e     3555431410 5 3 3 3   711.0  693.0
 41 2167.834260 5.944E-27 9.047E+01.06920.083 4160.74100.79-.002062        0 6 6 1        0 6 6 0                    R 38f     3555431410 5 3 3 3   711.0  693.0
 44 2167.836123 4.606E-28 7.969E+01.07190.089 3310.26730.78-.001875        1 3 1 1        1 3 1 0                    R 28e     3655431310 5 3 3 3   531.0  513.0
 43 2167.836230 9.684E-27 8.888E+01.07090.087 2855.73960.81-.001934        1 2 2 1        1 2 2 0                    R 31f     3655431910 5 3 3 3   390.0  378.0
 41 2167.839200 1.315E-27 4.138E-01.06500.071 3460.42530.72-.002273        0 3 3 1        0 3 3 0                    Q 63f     3645431410 5 3 3 3  1143.0 1143.0
 43 2167.839980 9.682E-27 8.888E+01.07090.087 2855.77660.81-.001934        1 2 2 1        1 2 2 0                    R 31e     3655431910 5 3 3 3   390.0  378.0
 41 2167.842050 5.959E-26 3.479E-03.07650.098 1427.58440.73-.000643        0 6 0 0        1 0 0 0                    P 18e     3655431410 5 3 3 3   315.0  333.0
 41 2167.848970 1.606E-25 7.860E+01.07590.097 3308.42140.73-.001653        2 1 1 1        2 1 1 0                    R 18f     3655431410 5 3 3 3   351.0  333.0
 45 2167.865928 6.625E-26 9.762E+01.07990.103 1813.08070.72-.002078        0 3 1 1        0 3 1 0                    P 13e     3655431310 5 3 3 3  1350.0 1458.0
 45 2167.867840 1.750E-28 8.718E+01.07410.094 3141.03060.73-.001746        0 5 5 1        0 5 5 0                    R 22f     3655431310 5 3 3 3  2538.0 2430.0
 45 2167.867978 1.750E-28 8.718E+01.07410.094 3141.03050.73-.001746        0 5 5 1        0 5 5 0                    R 22e     3655431310 5 3 3 3  2538.0 2430.0
 41 2167.871580 4.152E-25 3.632E+00.07910.102 2419.48210.72-.001817        0 4 2 1        0 4 2 0                    Q 14e     3655431410 5 3 3 3   261.0  261.0
 43 2167.871620 2.673E-28 2.415E-02.09410.116 1272.31160.70-.000297        0 6 0 0        1 0 0 0                    P  2e     3655431910 5 3 3 3    18.0   30.0
 43 2167.879500 6.282E-25 9.251E+01.08330.106 1773.13320.72-.001414        0 3 1 1        0 3 1 0                    R  9e     3655431810 5 3 3 3   126.0  114.0
 41 2167.880040 3.391E-27 6.139E-04.06920.083 1822.61380.79-.002239        0 2 2 1        0 2 0 0                    P 39e     3655431410 5 3 3 3   693.0  711.0
 44 2167.880397 1.190E-27 8.581E+01.07330.092 3100.30620.74-.001790        0 5 1 1        0 5 1 0                    R 24f     3655431310 5 3 3 3   459.0  441.0
 41 2167.880790 8.069E-22 9.205E+01.07150.088 1672.80140.79-.002259        1 0 0 1        1 0 0 0                    P 30e     3655431410 5 3 3 3   531.0  549.0
 45 2167.885100 6.557E-24 9.739E+01.06650.076 1162.53270.74-.002189        0 0 0 1        0 0 0 0                    P 53e     3645431816 5 3 3 3  5670.0 5778.0
 44 2167.887060 4.579E-28 7.966E+01.07190.089 3311.40530.78-.001875        1 3 1 1        1 3 1 0                    R 28f     3655431310 5 3 3 3   531.0  513.0
 41 2167.888000 4.151E-25 3.631E+00.07910.102 2419.47390.72-.001817        0 4 2 1        0 4 2 0                    Q 14f     3655431410 5 3 3 3   261.0  261.0
 44 2167.892500 1.464E-25 9.006E+01.08570.108 1868.39100.71-.001845        1 1 1 1        1 1 1 0                    P  8f     3655431810 5 3 3 3   135.0  153.0
 45 2167.894166 2.595E-28 8.847E+01.07540.096 3034.81660.73-.001677        0 5 1 1        0 5 1 0                    R 19f     3655431310 5 3 3 3  2214.0 2106.0
 41 2167.895240 5.236E-28 5.589E-02.06600.074 3213.96710.74-.002244        1 1 1 1        1 1 1 0                    Q 56f     3645431410 5 3 3 3  1017.0 1017.0
 43 2167.904200 6.277E-25 9.250E+01.08330.106 1773.25820.72-.001414        0 3 1 1        0 3 1 0                    R  9f     3655431810 5 3 3 3   126.0  114.0
 44 2167.906900 1.464E-25 9.006E+01.08570.108 1868.32840.71-.001845        1 1 1 1        1 1 1 0                    P  8e     3655431810 5 3 3 3   135.0  153.0
 41 2167.907290 1.814E-22 9.955E+01.07770.100 1863.58250.73-.002157        0 3 1 1        0 3 1 0                    P 16f     3655431410 5 3 3 3   279.0  297.0
 45 2167.908282 7.161E-28 4.436E+01.09220.114 2320.35090.70-.001175        0 4 2 1        0 4 2 0                    R  2f     3655431310 5 3 3 3   378.0  270.0
 45 2167.908429 7.161E-28 4.436E+01.09220.114 2320.35080.70-.001175        0 4 2 1        0 4 2 0                    R  2e     3655431310 5 3 3 3   378.0  270.0
 43 2167.908430 2.406E-26 9.457E+01.07150.088 2668.21620.79-.001895        0 4 2 1        0 4 2 0                    R 29f     3655431910 5 3 3 3   366.0  354.0
 44 2167.911883 2.392E-25 8.835E+01.08460.107 1789.15210.72-.001904        0 3 3 1        0 3 3 0                    P  9e     3655431310 5 3 3 3   153.0  171.0
 44 2167.911891 2.392E-25 8.835E+01.08460.107 1789.15200.72-.001904        0 3 3 1        0 3 3 0                    P  9f     3655431310 5 3 3 3   153.0  171.0
 44 2167.912925 1.388E-26 7.748E+01.08680.109 2322.09140.71-.001320        0 4 2 1        0 4 2 0                    R  6f     3655431310 5 3 3 3   135.0  117.0
 44 2167.913058 1.388E-26 7.748E+01.08680.109 2322.09160.71-.001320        0 4 2 1        0 4 2 0                    R  6e     3655431310 5 3 3 3   135.0  117.0
 43 2167.913240 1.186E-28 1.753E+02.07010.085 3919.28420.81-.001991        1 0 0 2        1 0 0 1                    R 34e     3655431910 5 3 3 3   426.0  414.0
 43 2167.918500 7.600E-26 2.222E+02.08920.111 2213.65010.71-.001612        0 0 0 2        0 0 0 1                    P  5e     3655431810 5 3 3 3    54.0   66.0
 43 2167.923190 2.404E-26 9.455E+01.07150.088 2668.32200.79-.001895        0 4 2 1        0 4 2 0                    R 29e     3655431910 5 3 3 3   366.0  354.0
 44 2167.940971 1.389E-28 7.056E-01.06730.078 2686.67640.76-.002205        0 3 3 1        0 3 3 0                    Q 48f     3655431310 5 3 3 3   873.0  873.0
 42 2167.947700 1.148E-23 9.265E+01.07450.094 1338.27710.73-.001723        0 2 0 1        0 2 0 0                    R 21e     3655431810 5 3 3 3   270.0  258.0
 41 2167.949170 4.025E-27 8.398E+01.06940.083 4220.33170.80-.002044        1 4 2 1        1 4 2 0                    R 37f     3555431410 5 3 3 3   693.0  675.0
 43 2167.949800 7.951E-24 1.073E+02.08680.109 1182.69090.71-.001777        0 2 0 1        0 2 0 0                    P  7e     3655431810 5 3 3 3    78.0   90.0
 44 2167.955071 1.389E-28 7.056E-01.06730.078 2686.66940.76-.002205        0 3 3 1        0 3 3 0                    Q 48e     3655431310 5 3 3 3   873.0  873.0
 41 2167.957330 7.528E-27 1.828E+02.07450.094 4141.05830.73-.001723        0 3 3 2        0 3 3 1                    R 21e     3555431410 5 3 3 3   405.0  387.0
 41 2167.957400 7.528E-27 1.828E+02.07450.094 4141.05850.73-.001723        0 3 3 2        0 3 3 1                    R 21f     3555431410 5 3 3 3   405.0  387.0
 43 2167.959400 3.372E-25 8.699E+01.08200.105 1907.14900.72-.001443        1 1 1 1        1 1 1 0                    R 10e     3655431810 5 3 3 3   138.0  126.0
 41 2167.962200 1.817E-22 9.954E+01.07770.100 1863.17650.73-.002157        0 3 1 1        0 3 1 0                    P 16e     3655431410 5 3 3 3   279.0  297.0
 41 2167.965910 4.725E-25 4.193E+00.07990.103 2407.70080.72-.001788        0 4 2 1        0 4 2 0                    Q 13e     3655431410 5 3 3 3   243.0  243.0
 45 2167.968153 5.562E-26 9.370E+01.08090.104 1823.44880.72-.002043        0 3 3 1        0 3 3 0                    P 12f     3655431310 5 3 3 3  1242.0 1350.0
 45 2167.968266 5.562E-26 9.370E+01.08090.104 1823.44870.72-.002043        0 3 3 1        0 3 3 0                    P 12e     3655431310 5 3 3 3  1242.0 1350.0
 43 2167.970400 4.327E-24 9.952E+01.08680.109 1292.47420.71-.001777        1 0 0 1        1 0 0 0                    P  7e     3655431810 5 3 3 3    78.0   90.0
 41 2167.973810 4.017E-27 8.394E+01.06940.083 4220.64770.80-.002044        1 4 2 1        1 4 2 0                    R 37e     3555431410 5 3 3 3   693.0  675.0
 43 2167.975400 3.370E-25 8.698E+01.08200.105 1907.24460.72-.001443        1 1 1 1        1 1 1 0                    R 10f     3655431810 5 3 3 3   138.0  126.0
 41 2167.978240 4.725E-25 4.192E+00.07990.103 2407.69460.72-.001788        0 4 2 1        0 4 2 0                    Q 13f     3655431410 5 3 3 3   243.0  243.0
 41 2167.980200 1.751E-27 6.773E-02.06630.075 2997.74130.74-.002235        0 3 1 1        0 3 1 0                    Q 54f     3645431410 5 3 3 3   981.0  981.0
 41 2167.985370 5.729E-28 7.197E+01.06810.080 4619.45800.77-.002143        3 0 0 1        3 0 0 0                    R 43e     3555431410 5 3 3 3   801.0  783.0
 43 2167.988655 1.759E-26 9.475E+01.07090.087 2746.10270.81-.001934        0 4 4 1        0 4 4 0                    R 31e     3655431310 5 3 3 3   390.0  378.0
 43 2167.988657 1.759E-26 9.475E+01.07090.087 2746.10270.81-.001934        0 4 4 1        0 4 4 0                    R 31f     3655431310 5 3 3 3   390.0  378.0
 44 2167.993827 7.389E-28 8.718E+01.07220.090 3224.39210.77-.001854        0 5 5 1        0 5 5 0                    R 27e     3655431310 5 3 3 3   513.0  495.0
 44 2167.993829 7.389E-28 8.718E+01.07220.090 3224.39210.77-.001854        0 5 5 1        0 5 5 0                    R 27f     3655431310 5 3 3 3   513.0  495.0
 41 2167.995740 1.777E-28 2.327E-02.07650.098 3026.26670.73-.002456        3 2 2 0        0 5 1 0                    R 17e     3655431410 5 3 3 3   333.0  315.0
