 31 2159.005500 3.384E-26 1.164E-04.07320.092  596.80970.810.000000          2 0 0          0 0 0 32  6 26       32  7 25      3445505061 8 2 4 0    65.0   65.0
 31 2159.007700 2.070E-25 2.239E-02.07640.103 1166.76740.780.000000          2 0 1          0 0 1 16  3 14       16  2 15      4455504969 6 2 4 0    33.0   33.0
 33 2159.014050 2.369E-26 1.238E-02.07660.099  214.90470.780.000000          2 0 0          0 0 0 17  6 12       18  5 13      4465502332 6 2 4 0    35.0   37.0
 31 2159.014300 3.713E-26 2.925E-02.08130.106 1438.76070.770.000000          2 2 0          0 2 0  8  0  8        9  1  9      4465504969 6 2 4 0    17.0   19.0
 31 2159.019500 1.877E-25 2.196E-02.07460.102 1227.58260.780.000000          2 0 1          0 0 1 20  3 18       20  2 19      4455504969 6 2 4 0    41.0   41.0
 32 2159.021090 2.031E-27 2.104E-02.07740.084  821.45250.720.000000          2 0 0          0 0 0 17 15  2       18 15  3      3352504560 5 2 3 0    35.0   37.0
 32 2159.021090 2.031E-27 2.104E-02.07740.084  821.45250.720.000000          2 0 0          0 0 0 17 15  3       18 15  4      3352504560 5 2 3 0    35.0   37.0
 33 2159.023430 2.489E-26 1.908E-02.07340.095  354.41090.790.000000          2 0 0          0 0 0 23  7 17       24  6 18      4465502332 6 2 4 0    47.0   49.0
 33 2159.030180 1.378E-26 6.818E-03.07270.100  281.16150.790.000000          2 0 0          0 0 0 25  3 23       25  2 24      4455502332 6 2 4 0    51.0   51.0
 31 2159.031200 1.105E-25 9.854E-05.08360.102   66.01270.71-.002154          1 0 1          0 0 0  9  5  4        9  3  7      3455505061 5 2 3 1    19.0   19.0
 31 2159.033500 2.179E-23 1.704E-01.06960.091  820.92770.840.000000          2 0 0          0 0 0 42  2 40       43  3 41      3465505061 6 2 4 0    85.0   87.0
 31 2159.037700 1.960E-24 8.926E-01.06720.097 1614.21530.820.000000          3 0 0          1 0 0 34  0 34       35  1 35      4465504969 6 2 4 0    69.0   71.0
 32 2159.040640 2.509E-25 9.324E-02.07300.103  148.21620.780.000000          2 0 0          0 0 0 18  1 18       19  0 19      3365504560 6 2 4 0    37.0   39.0
 32 2159.050480 1.011E-26 8.457E-03.08630.106   24.28790.760.000000          2 0 0          0 0 0  4  1  4        5  2  3      3365504560 6 2 4 0     9.0   11.0
 32 2159.052510 5.376E-26 5.126E-02.07790.095  318.53160.710.000000          2 0 0          0 0 0 16  8  8       17  8  9      3355504560 5 2 3 0    33.0   35.0
 32 2159.052510 5.376E-26 5.126E-02.07790.095  318.53160.710.000000          2 0 0          0 0 0 16  8  9       17  8 10      3355504560 5 2 3 0    33.0   35.0
 31 2159.058100 2.562E-24 1.333E-01.06920.098 1149.26860.810.000000          2 1 0          0 1 0 31  2 30       32  1 31      3465504969 6 2 4 0    63.0   65.0
 33 2159.059990 2.927E-26 9.537E-03.07300.103  140.02400.780.000000          2 0 0          0 0 0 19  1 19       18  0 18      4465502332 6 2 4 0    39.0   37.0
 32 2159.062120 1.708E-25 6.274E-02.07440.104  134.37800.720.000000          2 0 0          0 0 0 17  1 17       18  1 18      3355504560 5 2 3 0    35.0   37.0
 31 2159.066800 3.437E-24 2.337E-03.07680.101  158.16530.72-.002748          1 0 1          0 0 0 19  4 15       18  2 16      3455505061 5 2 3 1    39.0   37.0
 31 2159.072800 2.063E-25 2.243E-02.07750.104 1141.22650.770.000000          2 0 1          0 0 1 14  3 12       14  2 13      4455504969 6 2 4 0    29.0   29.0
 31 2159.073700 3.555E-26 3.105E-03.07220.095 1280.36800.820.000000          2 1 0          0 1 0 35  3 33       35  4 32      3445505069 8 2 4 0    71.0   71.0
 32 2159.084890 1.581E-25 6.159E-02.07850.104  121.49530.710.000000          2 0 0          0 0 0 15  2 13       16  2 14      3355504560 5 2 3 0    31.0   33.0
 31 2159.088700 2.929E-25 2.210E-02.07210.092 1197.76040.800.000000          2 1 0          0 1 0 27  7 21       26  8 18      3465504969 6 2 4 0    55.0   53.0
 32 2159.101650 1.864E-25 6.787E-02.07490.104  107.58840.780.000000          2 0 0          0 0 0 15  0 15       16  1 16      3365504560 6 2 4 0    31.0   33.0
 31 2159.108900 1.345E-25 1.757E-02.08400.105 1069.10670.770.000000          2 0 1          0 0 1  8  2  7        7  1  6      4465504969 6 2 4 0    17.0   15.0
 32 2159.111230 8.322E-26 5.307E-02.07180.099  340.84350.800.000000          2 0 0          0 0 0 27  3 25       28  2 26      3365504560 6 2 4 0    55.0   57.0
 31 2159.112400 6.565E-26 1.085E-02.07010.089 1448.59880.850.000000          1 1 1          0 1 0 42  5 38       41  3 39      3455504969 5 2 3 0    85.0   83.0
 31 2159.113200 8.709E-26 9.479E-02.07040.078 1787.41920.810.000000          0 0 2          0 0 0 33 22 12       32 21 11      3462505061 6 2 4 0    67.0   65.0
 31 2159.113900 1.668E-25 2.178E-02.08080.104 1091.91050.770.000000          2 0 1          0 0 1  9  3  6        9  2  7      4455504969 6 2 4 0    19.0   19.0
 31 2159.117400 3.335E-26 3.882E-02.07020.088 1845.29470.840.000000          2 0 1          1 0 0 41  6 35       40  4 36      4455504969 5 2 3 0    83.0   81.0
 31 2159.118400 7.261E-26 1.982E-02.07800.098 1357.12090.780.000000          3 0 0          1 0 0 16  6 10       15  7  9      4465504969 6 2 4 0    33.0   31.0
 31 2159.118500 3.016E-25 2.395E-04.07870.103  129.12200.780.000000          2 0 0          0 0 0 14  0 14       15  3 13      3465505061 6 2 4 0    29.0   31.0
 31 2159.119100 1.698E-25 2.149E-02.07380.101 1262.82520.790.000000          2 0 1          0 0 1 22  3 20       22  2 21      4455504969 6 2 4 0    45.0   45.0
 31 2159.124100 3.153E-26 9.820E-05.07360.092  569.90990.810.000000          2 0 0          0 0 0 31  6 26       31  7 25      3445505061 8 2 4 0    63.0   63.0
 32 2159.137040 3.918E-26 4.812E-02.07790.093  370.58930.710.000000          2 0 0          0 0 0 16  9  7       17  9  8      3355504560 5 2 3 0    33.0   35.0
 32 2159.137040 3.918E-26 4.812E-02.07790.093  370.58930.710.000000          2 0 0          0 0 0 16  9  8       17  9  9      3355504560 5 2 3 0    33.0   35.0
 31 2159.140800 9.835E-24 4.469E-01.06800.087 1234.08550.760.000000          2 0 0          0 0 0 54  0 54       55  1 55      3442205061 8 2 1 0   109.0  111.0
 31 2159.143300 1.886E-25 4.326E-02.06990.085 1484.71530.820.000000          2 1 0          0 1 0 36  8 28       35  9 27      3465504969 6 2 4 0    73.0   71.0
 32 2159.145910 3.600E-27 1.362E-03.07500.103  162.68620.780.000000          2 0 0          0 0 0 19  1 19       19  2 18      3355504560 6 2 4 0    39.0   39.0
 33 2159.147180 2.349E-26 1.652E-02.07110.098  390.31670.800.000000          2 0 0          0 0 0 30  2 28       29  3 27      4465502332 6 2 4 0    61.0   59.0
 31 2159.151400 5.168E-26 1.263E-03.07680.099  895.10970.720.000000          1 1 1          0 1 0 19  6 13       18  4 14      3455504969 5 2 3 0    39.0   37.0
 32 2159.158560 1.370E-25 5.860E-02.07400.102  208.03210.790.000000          2 0 0          0 0 0 21  2 20       22  1 21      3365504560 6 2 4 0    43.0   45.0
 31 2159.163800 7.335E-26 7.047E-05.08450.102   58.44640.71-.002088          1 0 1          0 0 0  8  5  4        8  3  5      3455505061 5 2 3 1    17.0   17.0
 31 2159.168200 1.965E-25 2.224E-02.07870.104 1118.94950.770.000000          2 0 1          0 0 1 12  3 10       12  2 11      4455504969 6 2 4 0    25.0   25.0
 31 2159.171300 2.816E-26 1.789E-01.06960.078 2208.75790.840.000000          3 0 0          1 0 0 44  9 35       43 10 34      4465504969 6 2 4 0    89.0   87.0
 31 2159.185600 4.008E-24 2.065E-01.06770.098 1153.61600.810.000000          2 1 0          0 1 0 32  0 32       33  1 33      3465505069 6 2 4 0    65.0   67.0
 32 2159.189200 3.277E-27 1.563E-03.07270.101  265.59710.790.000000          2 0 0          0 0 0 25  0 25       25  1 24      3355504560 6 2 4 0    51.0   51.0
 31 2159.190500 7.219E-26 9.296E-02.07180.080 1788.74180.800.000000          0 0 2          0 0 0 28 23  5       27 22  6      3462505061 6 2 4 0    57.0   55.0
 31 2159.209000 3.898E-26 3.369E-02.07340.101 1666.98730.790.000000          2 2 0          0 2 0 23  3 21       24  2 22      4465504969 6 2 4 0    47.0   49.0
 32 2159.225060 2.728E-26 4.443E-02.07790.090  428.64020.710.000000          2 0 0          0 0 0 16 10  6       17 10  7      3355504560 5 2 3 0    33.0   35.0
 32 2159.225060 2.728E-26 4.443E-02.07790.090  428.64020.710.000000          2 0 0          0 0 0 16 10  7       17 10  8      3355504560 5 2 3 0    33.0   35.0
 31 2159.233800 1.406E-23 2.112E-02.08350.101  150.35020.770.000000          2 0 0          0 0 0  8  5  3        9  6  4      3465505061 6 2 4 0    17.0   19.0
 31 2159.240800 1.530E-24 3.268E-03.08020.094  317.99980.770.000000          2 0 0          0 0 0 13  8  6       12  9  3      3465505061 6 2 4 0    27.0   25.0
 31 2159.242300 4.143E-25 4.161E-02.07240.103 1196.09840.780.000000          2 0 1          0 0 1 20  1 20       19  0 19      4465504969 6 2 4 0    41.0   39.0
 31 2159.256700 1.900E-25 2.558E-02.07240.101 1301.26920.790.000000          2 0 1          0 0 1 25  1 24       24  2 23      4465504969 6 2 4 0    51.0   49.0
 31 2159.265600 5.528E-26 6.895E-02.06950.076 1882.87180.760.000000          2 1 0          0 1 0 46  9 37       45 10 36      3445204969 8 2 1 0    93.0   91.0
 31 2159.269900 3.633E-23 3.673E-02.07800.101  192.52350.780.000000          2 0 0          0 0 0 15  4 12       16  5 11      3465505061 6 2 4 0    31.0   33.0
 31 2159.272300 7.036E-26 9.176E-05.07450.095  330.49660.73-.003144          1 0 1          0 0 0 23  7 16       24  5 19      3455505061 5 2 3 1    47.0   49.0
 31 2159.280200 1.775E-25 2.181E-02.08010.104 1099.94930.770.000000          2 0 1          0 0 1 10  3  8       10  2  9      4455504969 6 2 4 0    21.0   21.0
 33 2159.283370 1.308E-26 2.407E-02.06960.093  636.12520.820.000000          2 0 0          0 0 0 38  3 35       37  4 34      4465502332 6 2 4 0    77.0   75.0
 31 2159.285000 4.352E-26 4.587E-05.08550.102   51.71790.71-.002022          1 0 1          0 0 0  7  5  2        7  3  5      3455505061 5 2 3 1    15.0   15.0
 31 2159.288100 4.822E-26 1.325E-02.07300.095 1470.93480.750.000000          2 0 1          1 0 0 28  6 23       27  4 24      4455504969 5 2 3 0    57.0   55.0
 31 2159.293000 1.490E-25 2.088E-02.07300.101 1301.26920.790.000000          2 0 1          0 0 1 24  3 22       24  2 23      4455504969 6 2 4 0    49.0   49.0
 31 2159.309100 7.967E-26 9.636E-02.07020.077 1815.11730.810.000000          0 0 2          0 0 0 34 22 12       33 21 13      3462505061 6 2 4 0    69.0   67.0
 31 2159.309300 4.694E-26 9.358E-02.07290.081 1855.74410.790.000000          0 0 2          0 0 0 25 24  2       24 23  1      3462505061 6 2 4 0    51.0   49.0
 32 2159.315280 1.808E-26 4.020E-02.07790.087  492.64080.710.000000          2 0 0          0 0 0 16 11  5       17 11  6      3355504560 5 2 3 0    33.0   35.0
 32 2159.315280 1.808E-26 4.020E-02.07790.087  492.64080.710.000000          2 0 0          0 0 0 16 11  6       17 11  7      3355504560 5 2 3 0    33.0   35.0
 32 2159.315970 4.500E-26 5.861E-02.07000.095  534.36880.820.000000          2 0 0          0 0 0 34  4 31       35  3 32      3365504560 6 2 4 0    69.0   71.0
 31 2159.339900 9.573E-26 1.232E-02.07300.101 1283.74590.790.000000          2 0 1          0 0 1 24  2 23       24  1 24      4455505069 6 2 4 0    49.0   49.0
 32 2159.351700 4.898E-27 3.555E-03.07400.099  388.71920.800.000000          2 0 0          0 0 0 30  1 29       30  2 28      3345504560 8 2 4 0    61.0   61.0
 31 2159.361200 4.944E-26 1.473E-02.07260.095 1494.69030.760.000000          2 0 1          1 0 0 29  6 23       28  4 24      4455504969 5 2 3 0    59.0   57.0
 32 2159.362320 3.974E-26 3.217E-02.07210.096  389.89510.800.000000          2 0 0          0 0 0 27  5 23       26  6 20      3365504560 6 2 4 0    55.0   53.0
 31 2159.363200 1.334E-25 2.060E-02.08250.105 1077.70520.770.000000          2 0 1          0 0 1  7  3  4        7  2  5      4455504969 6 2 4 0    15.0   15.0
 32 2159.365260 3.974E-26 3.217E-02.07210.096  389.89500.800.000000          2 0 0          0 0 0 27  5 22       26  6 21      3365504560 6 2 4 0    55.0   53.0
 31 2159.372400 1.778E-25 1.964E-01.06800.067 1897.94310.760.000000          2 0 0          0 0 0 56 13 43       55 14 42      3442205061 8 2 1 0   113.0  111.0
 31 2159.374100 9.612E-26 1.232E-01.07020.086 1827.03260.810.000000          3 0 0          1 0 0 34  8 26       33  9 25      4465504969 6 2 4 0    69.0   67.0
 31 2159.374800 1.993E-25 8.102E-03.07600.097  999.71920.780.000000          2 1 0          0 1 0 19  6 14       18  7 11      3465504969 6 2 4 0    39.0   37.0
 33 2159.380130 1.097E-26 3.234E-02.07000.086  710.48510.820.000000          2 0 0          0 0 0 34  9 25       35  8 28      4465502332 6 2 4 0    69.0   71.0
 31 2159.385600 2.028E-26 5.465E-03.07250.094 1444.01790.790.000000          2 0 1          0 0 1 25  7 18       26  6 21      4465504969 6 2 4 0    51.0   53.0
 33 2159.390080 3.046E-26 1.290E-02.07290.101  240.78340.790.000000          2 0 0          0 0 0 24  1 23       23  2 22      4465502332 6 2 4 0    49.0   47.0
 31 2159.392600 3.176E-26 4.447E-03.07940.101 1178.49750.770.000000          2 0 1          0 0 1 13  5  8       14  4 11      4465504969 6 2 4 0    27.0   29.0
 31 2159.395600 1.506E-25 2.118E-02.08160.105 1084.23700.770.000000          2 0 1          0 0 1  8  3  6        8  2  7      4455504969 6 2 4 0    17.0   17.0
 31 2159.397800 3.129E-26 1.101E-03.08180.100  861.44920.770.000000          2 1 0          0 1 0 11  5  7       10  6  4      3465504969 6 2 4 0    23.0   21.0
 32 2159.404670 8.203E-27 7.176E-02.06970.082  983.12550.760.000000          2 0 0          0 0 0 45  7 39       44  8 36      3345204560 8 2 1 0    91.0   89.0
 32 2159.405870 8.203E-27 7.176E-02.06970.082  983.12540.760.000000          2 0 0          0 0 0 45  7 38       44  8 37      3345204560 8 2 1 0    91.0   89.0
 32 2159.406560 1.131E-26 3.532E-02.07790.084  562.54410.710.000000          2 0 0          0 0 0 16 12  4       17 12  5      3355504560 5 2 3 0    33.0   35.0
 32 2159.406560 1.131E-26 3.532E-02.07790.084  562.54410.710.000000          2 0 0          0 0 0 16 12  5       17 12  6      3355504560 5 2 3 0    33.0   35.0
 31 2159.412400 1.313E-23 2.308E-01.06890.088 1010.39310.760.000000          2 0 0          0 0 0 47  3 45       48  2 46      3445205061 8 2 1 0    95.0   97.0
 31 2159.440900 4.606E-24 1.005E-01.06970.076 1006.30060.820.000000          2 0 0          0 0 0 37 11 27       36 12 24      3465505061 6 2 4 0    75.0   73.0
 31 2159.443500 2.037E-26 6.895E-01.06820.099 2481.81570.810.000000          3 0 1          1 0 1 31  0 31       30  1 30      4465504969 6 2 4 0    63.0   61.0
 32 2159.446410 1.736E-25 6.299E-02.07580.104  119.68390.710.000000          2 0 0          0 0 0 16  0 16       17  0 17      3355504560 5 2 3 0    33.0   35.0
 31 2159.452700 2.148E-24 1.387E-03.07850.102  113.08700.71-.002550          1 0 1          0 0 0 16  4 13       15  2 14      3455505061 5 2 3 1    33.0   31.0
 32 2159.455720 1.107E-26 9.263E-03.08670.106   24.27000.760.000000          2 0 0          0 0 0  4  1  3        5  2  4      3365504560 6 2 4 0     9.0   11.0
 31 2159.460000 3.001E-26 1.823E-02.06890.083 1747.65320.760.000000          1 1 1          0 1 0 49  6 43       48  4 44      3445204969 8 2 1 0    99.0   97.0
 33 2159.464850 4.300E-27 5.757E-03.07180.096  559.63130.820.000000          2 0 0          0 0 0 36  2 34       36  1 35      4445502332 8 2 4 0    73.0   73.0
 31 2159.477000 1.320E-24 1.519E-01.06950.070 1392.48430.760.000000          2 0 0          0 0 0 46 12 34       45 13 33      3442205061 8 2 1 0    93.0   91.0
 31 2159.480200 4.313E-24 3.132E-03.07580.101  191.70920.72-.002880          1 0 1          0 0 0 21  4 17       20  2 18      3455505061 5 2 3 1    43.0   41.0
 31 2159.482400 6.760E-26 9.431E-02.07140.080 1812.25740.800.000000          0 0 2          0 0 0 29 23  7       28 22  6      3462505061 6 2 4 0    59.0   57.0
 32 2159.484040 1.465E-25 6.127E-02.07850.103  136.02250.710.000000          2 0 0          0 0 0 15  3 12       16  3 13      3355504560 5 2 3 0    31.0   33.0
 31 2159.485900 7.245E-26 9.784E-02.07000.077 1843.65100.820.000000          0 0 2          0 0 0 35 22 14       34 21 13      3462505061 6 2 4 0    71.0   69.0
 32 2159.493420 6.570E-27 2.966E-02.07790.084  638.29990.710.000000          2 0 0          0 0 0 16 13  3       17 13  4      3352504560 5 2 3 0    33.0   35.0
 32 2159.493420 6.570E-27 2.966E-02.07790.084  638.29990.710.000000          2 0 0          0 0 0 16 13  4       17 13  5      3352504560 5 2 3 0    33.0   35.0
 31 2159.502000 1.136E-25 1.967E-02.08340.105 1071.82190.760.000000          2 0 1          0 0 1  6  3  4        6  2  5      4455504969 6 2 4 0    13.0   13.0
 31 2159.524200 9.176E-26 1.833E-02.08430.105 1066.87790.760.000000          2 0 1          0 0 1  5  3  2        5  2  3      4455504969 6 2 4 0    11.0   11.0
 31 2159.529800 4.547E-23 4.902E-02.07390.100  282.32880.790.000000          2 0 0          0 0 0 22  3 19       23  4 20      3465505061 6 2 4 0    45.0   47.0
 31 2159.534400 7.152E-24 2.190E-02.07490.089  487.74230.790.000000          2 0 0          0 0 0 21  9 13       20 10 10      3465505061 6 2 4 0    43.0   41.0
 32 2159.539720 1.469E-25 6.141E-02.07850.103  135.92790.710.000000          2 0 0          0 0 0 15  3 13       16  3 14      3355504560 5 2 3 0    31.0   33.0
 31 2159.542200 1.394E-25 6.445E-02.07290.093 1555.03900.790.000000          3 0 0          1 0 0 25  7 19       24  8 16      4465504969 6 2 4 0    51.0   49.0
 32 2159.547020 2.712E-26 1.311E-02.07600.100  213.01520.780.000000          2 0 0          0 0 0 19  4 16       18  5 13      3365504560 6 2 4 0    39.0   37.0
 31 2159.547100 1.271E-25 2.016E-02.07230.100 1342.89820.790.000000          2 0 1          0 0 1 26  3 24       26  2 25      4455504969 6 2 4 0    53.0   53.0
 32 2159.552100 2.712E-26 1.311E-02.07600.100  213.01510.780.000000          2 0 0          0 0 0 19  4 15       18  5 14      3365504560 6 2 4 0    39.0   37.0
 32 2159.553110 3.827E-27 1.419E-03.07550.103  147.70370.780.000000          2 0 0          0 0 0 18  1 18       18  2 17      3355504560 6 2 4 0    37.0   37.0
 31 2159.554700 2.904E-26 4.919E-03.07540.098 1293.28910.780.000000          2 0 1          0 0 1 19  6 13       20  5 16      4465505069 6 2 4 0    39.0   41.0
 32 2159.563320 5.495E-27 2.514E-03.08180.103   93.09700.770.000000          2 0 0          0 0 0 11  3  9       10  4  6      3365504560 6 2 4 0    23.0   21.0
 32 2159.569720 5.495E-27 2.514E-03.08180.103   93.09690.770.000000          2 0 0          0 0 0 11  3  8       10  4  7      3365504560 6 2 4 0    23.0   21.0
 32 2159.579810 3.480E-27 2.335E-02.07790.084  719.85510.710.000000          2 0 0          0 0 0 16 14  2       17 14  3      3352504560 5 2 3 0    33.0   35.0
 32 2159.579810 3.480E-27 2.335E-02.07790.084  719.85510.710.000000          2 0 0          0 0 0 16 14  3       17 14  4      3352504560 5 2 3 0    33.0   35.0
 31 2159.580900 3.989E-25 1.322E-03.06840.091  612.83680.80-.003936          1 0 1          0 0 0 36  6 31       36  4 32      3405505061 0 2 3 1    73.0   73.0
 31 2159.589100 6.678E-26 1.598E-02.08530.105 1062.71160.760.000000          2 0 1          0 0 1  4  3  2        4  2  3      4455504969 6 2 4 0     9.0    9.0
 33 2159.589310 1.185E-26 6.723E-03.07200.100  324.73620.800.000000          2 0 0          0 0 0 27  3 25       27  2 26      4455502332 6 2 4 0    55.0   55.0
 32 2159.592160 1.294E-25 6.007E-02.07850.102  157.48870.710.000000          2 0 0          0 0 0 15  4 11       16  4 12      3355504560 5 2 3 0    31.0   33.0
 32 2159.593960 1.294E-25 6.007E-02.07850.102  157.48610.710.000000          2 0 0          0 0 0 15  4 12       16  4 13      3355504560 5 2 3 0    31.0   33.0
 31 2159.597200 2.383E-26 2.365E-02.07040.090 1812.39740.830.000000          2 0 1          0 0 1 41  5 36       41  4 37      4445504969 8 2 4 0    83.0   83.0
 31 2159.611200 2.226E-25 3.382E-01.06950.091 1899.99120.830.000000          3 0 0          1 0 0 41  4 38       42  3 39      4465504969 6 2 4 0    83.0   85.0
 31 2159.614400 3.817E-26 3.370E-02.07040.090 1778.13110.820.000000          2 0 1          1 0 0 39  6 33       38  4 34      4455505069 5 2 3 0    79.0   77.0
 31 2159.618900 3.774E-26 1.143E-02.08640.105 1059.40100.760.000000          2 0 1          0 0 1  3  3  0        3  2  1      4455505069 6 2 4 0     7.0    7.0
 32 2159.627730 2.795E-26 6.080E-02.06990.090  651.43740.820.000000          2 0 0          0 0 0 36  6 31       35  7 28      3365504560 6 2 4 0    73.0   71.0
 31 2159.629300 8.197E-24 5.581E-02.07140.083  717.22540.800.000000          2 0 0          0 0 0 29 10 20       28 11 17      3465505061 6 2 4 0    59.0   57.0
 32 2159.629820 2.795E-26 6.080E-02.06990.090  651.43730.820.000000          2 0 0          0 0 0 36  6 30       35  7 29      3365504560 6 2 4 0    73.0   71.0
 31 2159.641100 2.068E-25 1.463E-02.08230.111  760.25900.760.000000          2 1 0          0 1 0  3  3  1        4  4  0      3455504969 7 2 4 0     7.0    9.0
 32 2159.641430 1.051E-26 7.549E-02.06910.086  946.99310.760.000000          2 0 0          0 0 0 46  5 41       47  4 44      3345204560 8 2 1 0    93.0   95.0
 33 2159.641830 1.388E-26 8.086E-03.07230.099  322.55380.790.000000          2 0 0          0 0 0 26  4 22       26  3 23      4455502332 6 2 4 0    53.0   53.0
 31 2159.643600 6.550E-26 9.925E-02.06990.076 1873.02010.820.000000          0 0 2          0 0 0 36 22 14       35 21 15      3462505061 6 2 4 0    73.0   71.0
 32 2159.657260 1.561E-27 1.601E-02.07790.084  807.15370.710.000000          2 0 0          0 0 0 16 15  1       17 15  2      3352504560 5 2 3 0    33.0   35.0
 32 2159.657260 1.561E-27 1.601E-02.07790.084  807.15370.710.000000          2 0 0          0 0 0 16 15  2       17 15  3      3352504560 5 2 3 0    33.0   35.0
 31 2159.659100 4.444E-26 9.445E-02.07250.081 1876.74700.790.000000          0 0 2          0 0 0 26 24  2       25 23  3      3462505061 6 2 4 0    53.0   51.0
 32 2159.659910 1.099E-25 5.838E-02.07850.101  185.19740.710.000000          2 0 0          0 0 0 15  5 10       16  5 11      3355504560 5 2 3 0    31.0   33.0
 32 2159.659940 1.099E-25 5.838E-02.07850.101  185.19740.710.000000          2 0 0          0 0 0 15  5 11       16  5 12      3355504560 5 2 3 0    31.0   33.0
 31 2159.664800 3.065E-25 1.484E-03.06760.090  707.15040.82-.004134          1 0 1          0 0 0 39  6 33       39  4 36      3405505061 0 2 3 1    79.0   79.0
 32 2159.676370 1.657E-25 6.079E-02.07570.104   95.32920.780.000000          2 0 0          0 0 0 14  0 14       15  1 15      3365504560 6 2 4 0    29.0   31.0
 31 2159.680900 5.766E-26 1.449E-03.07630.098  911.02930.720.000000          1 1 1          0 1 0 20  6 15       19  4 16      3455504969 5 2 3 0    41.0   39.0
 33 2159.683620 1.085E-26 5.439E-03.08180.102  101.17060.770.000000          2 0 0          0 0 0 10  5  5       11  4  8      4465502332 6 2 4 0    21.0   23.0
 32 2159.687140 1.617E-25 6.259E-02.07850.104  120.07590.710.000000          2 0 0          0 0 0 15  2 14       16  2 15      3355504560 5 2 3 0    31.0   33.0
 31 2159.720600 4.996E-26 1.776E-02.07210.094 1544.46110.770.000000          2 0 1          1 0 0 31  6 25       30  4 26      4455504969 5 2 3 0    63.0   61.0
 32 2159.727390 8.959E-26 5.611E-02.07850.099  219.04850.710.000000          2 0 0          0 0 0 15  6  9       16  6 10      3355504560 5 2 3 0    31.0   33.0
 32 2159.727390 8.959E-26 5.611E-02.07850.099  219.04850.710.000000          2 0 0          0 0 0 15  6 10       16  6 11      3355504560 5 2 3 0    31.0   33.0
 31 2159.727400 2.345E-25 3.691E-02.07490.104 1230.93370.780.000000          3 0 0          1 0 0 15  1 15       16  2 14      4465504969 6 2 4 0    31.0   33.0
 31 2159.743400 4.394E-26 3.071E-03.07290.096 1222.43700.810.000000          2 1 0          0 1 0 33  3 31       33  4 30      3445504969 8 2 4 0    67.0   67.0
 31 2159.750000 1.020E-25 1.460E-02.08370.105 1061.99570.770.000000          2 0 1          0 0 1  7  2  5        6  1  6      4465504969 6 2 4 0    15.0   13.0
 31 2159.755300 6.291E-26 9.558E-02.07110.079 1836.61010.800.000000          0 0 2          0 0 0 30 23  7       29 22  8      3462505061 6 2 4 0    61.0   59.0
 31 2159.755600 5.223E-24 4.155E-03.07490.100  228.73420.73-.003012          1 0 1          0 0 0 23  4 19       22  2 20      3455505061 5 2 3 1    47.0   45.0
 31 2159.758400 5.051E-26 1.313E-04.06810.095  568.50630.81-.004002          1 0 1          0 0 0 37  3 34       37  1 37      3405505061 0 2 3 1    75.0   75.0
 33 2159.762460 5.455E-27 3.848E-02.06950.080  917.70710.830.000000          2 0 0          0 0 0 39 10 30       40  9 31      4465502332 6 2 4 0    79.0   81.0
 31 2159.770900 2.615E-26 2.591E-03.07150.095 1317.47360.820.000000          2 1 0          0 1 0 37  2 36       37  3 35      3445504969 8 2 4 0    75.0   75.0
 31 2159.777700 2.486E-26 1.848E-01.06970.077 2245.56440.760.000000          3 0 0          1 0 0 45  9 37       44 10 34      4445204969 8 2 1 0    91.0   89.0
 32 2159.778050 1.744E-25 6.359E-02.07500.104  120.60510.710.000000          2 0 0          0 0 0 16  1 16       17  1 17      3355504560 5 2 3 0    33.0   35.0
 31 2159.782100 5.913E-26 1.010E-01.06970.076 1903.22410.820.000000          0 0 2          0 0 0 37 22 16       36 21 15      3462505061 6 2 4 0    75.0   73.0
 31 2159.786600 1.302E-25 4.314E-02.08630.104 1170.90100.760.000000          3 0 0          1 0 0  5  3  3        6  4  2      4465504969 6 2 4 0    11.0   13.0
 31 2159.796200 1.546E-23 3.327E-01.06860.087 1060.40710.760.000000          2 0 0          0 0 0 49  2 48       50  1 49      3445205061 8 2 1 0    99.0  101.0
 32 2159.798850 7.008E-26 5.330E-02.07850.098  259.00410.710.000000          2 0 0          0 0 0 15  7  8       16  7  9      3355504560 5 2 3 0    31.0   33.0
 32 2159.798850 7.008E-26 5.330E-02.07850.098  259.00410.710.000000          2 0 0          0 0 0 15  7  9       16  7 10      3355504560 5 2 3 0    31.0   33.0
 31 2159.801200 1.760E-25 4.552E-02.06970.085 1514.81680.820.000000          2 1 0          0 1 0 37  8 30       36  9 27      3465504969 6 2 4 0    75.0   73.0
 33 2159.803970 1.887E-26 2.476E-02.07140.091  504.54730.800.000000          2 0 0          0 0 0 28  8 20       29  7 23      4465502332 6 2 4 0    57.0   59.0
 31 2159.804100 2.946E-25 2.396E-02.07180.091 1220.35010.800.000000          2 1 0          0 1 0 28  7 21       27  8 20      3465505069 6 2 4 0    57.0   55.0
 31 2159.820800 4.971E-26 1.612E-02.07230.094 1518.88180.760.000000          2 0 1          1 0 0 30  6 25       29  4 26      4455504969 5 2 3 0    61.0   59.0
 32 2159.823860 1.676E-25 6.315E-02.07870.104  100.77570.710.000000          2 0 0          0 0 0 14  1 13       15  1 14      3355504560 5 2 3 0    29.0   31.0
 31 2159.847000 4.791E-26 7.055E-02.06930.076 1921.29250.760.000000          2 1 0          0 1 0 47  9 39       46 10 36      3445204969 8 2 1 0    95.0   93.0
 32 2159.861790 2.318E-25 8.488E-02.07360.104  133.57840.780.000000          2 0 0          0 0 0 17  1 17       18  0 18      3365504560 6 2 4 0    35.0   37.0
 32 2159.865820 8.800E-28 1.456E-03.06620.094  611.28870.830.000000          2 0 0          0 0 0 39  1 39       38  2 36      3365504560 6 2 4 0    79.0   77.0
 31 2159.869900 2.522E-24 7.550E-02.07240.101  983.62910.790.000000          2 1 0          0 1 0 24  1 23       25  2 24      3465504969 6 2 4 0    49.0   51.0
 32 2159.874870 5.256E-26 5.000E-02.07850.095  305.02930.710.000000          2 0 0          0 0 0 15  8  7       16  8  8      3355504560 5 2 3 0    31.0   33.0
 32 2159.874870 5.256E-26 5.000E-02.07850.095  305.02930.710.000000          2 0 0          0 0 0 15  8  8       16  8  9      3355504560 5 2 3 0    31.0   33.0
 31 2159.879900 8.678E-26 2.385E-02.07730.097 1370.55850.780.000000          3 0 0          1 0 0 17  6 12       16  7  9      4465504969 6 2 4 0    35.0   33.0
 31 2159.882100 1.445E-25 1.971E-01.06790.067 1944.79340.760.000000          2 0 0          0 0 0 57 13 45       56 14 42      3442205061 8 2 1 0   115.0  113.0
 31 2159.884500 1.052E-25 1.930E-02.07160.099 1387.69620.800.000000          2 0 1          0 0 1 28  3 26       28  2 27      4455504969 6 2 4 0    57.0   57.0
 31 2159.901600 5.306E-26 1.027E-01.06960.075 1934.26280.820.000000          0 0 2          0 0 0 38 22 16       37 21 17      3462505061 6 2 4 0    77.0   75.0
 31 2159.905300 6.004E-25 3.737E-01.06990.095 1684.22030.820.000000          3 0 0          1 0 0 35  3 33       36  2 34      4465504969 6 2 4 0    71.0   73.0
 31 2159.907700 4.262E-26 2.909E-02.07070.091 1714.48400.810.000000          2 0 1          1 0 0 37  6 31       36  4 32      4455504969 5 2 3 0    75.0   73.0
 31 2159.912400 1.370E-24 3.329E-01.07140.100 1430.55090.800.000000          3 0 0          1 0 0 26  1 25       27  2 26      4465504969 6 2 4 0    53.0   55.0
 31 2159.922200 1.174E-23 4.399E-01.06810.087 1190.47700.760.000000          2 0 0          0 0 0 53  1 53       54  0 54      3442205061 8 2 1 0   107.0  109.0
 31 2159.928600 2.098E-24 8.592E-01.06750.097 1586.14960.810.000000          3 0 0          1 0 0 33  1 33       34  0 34      4465504969 6 2 4 0    67.0   69.0
 31 2159.930000 6.107E-24 5.452E-03.07410.099  269.21480.74-.003144          1 0 1          0 0 0 25  4 21       24  2 22      3455505061 5 2 3 1    51.0   49.0
 33 2159.934550 2.290E-27 4.463E-02.06950.074 1151.26320.760.000000          2 0 0          0 0 0 44 11 33       45 10 36      3445202332 8 2 1 0    89.0   91.0
 33 2159.940080 2.150E-26 1.108E-02.07730.099  199.81930.780.000000          2 0 0          0 0 0 16  6 10       17  5 13      4465502332 6 2 4 0    33.0   35.0
 32 2159.940190 7.566E-27 7.988E-03.08780.106   20.30890.760.000000          2 0 0          0 0 0  3  1  3        4  2  2      3365504560 6 2 4 0     7.0    9.0
 32 2159.940360 4.022E-27 1.472E-03.07590.104  133.49980.780.000000          2 0 0          0 0 0 17  1 17       17  2 16      3355504560 6 2 4 0    35.0   35.0
 31 2159.943700 4.883E-26 2.115E-02.07150.093 1597.67000.780.000000          2 0 1          1 0 0 33  6 27       32  4 28      4455505069 5 2 3 0    67.0   65.0
 31 2159.946800 4.461E-23 4.583E-02.07440.100  262.99510.790.000000          2 0 0          0 0 0 21  3 19       22  4 18      3465505061 6 2 4 0    43.0   45.0
 31 2159.952700 9.763E-26 1.219E-03.07010.082  912.08820.85-.004332          1 0 1          0 0 0 41  9 32       42  7 35      3455505061 5 2 3 1    83.0   85.0
 32 2159.954570 3.787E-26 4.640E-02.07850.093  357.08740.710.000000          2 0 0          0 0 0 15  9  6       16  9  7      3355504560 5 2 3 0    31.0   33.0
 32 2159.954570 3.787E-26 4.640E-02.07850.093  357.08740.710.000000          2 0 0          0 0 0 15  9  7       16  9  8      3355504560 5 2 3 0    31.0   33.0
 31 2159.955800 5.411E-24 1.534E-01.06860.085 1117.11010.760.000000          2 0 0          0 0 0 49  4 46       50  3 47      3445205061 8 2 1 0    99.0  101.0
 31 2159.965100 2.576E-26 1.481E-02.07090.094 1689.85680.830.000000          2 0 1          0 0 1 39  2 37       39  1 38      4445504969 8 2 4 0    79.0   79.0
 32 2159.971300 3.799E-27 1.713E-03.07300.102  245.64950.790.000000          2 0 0          0 0 0 24  0 24       24  1 23      3355504560 6 2 4 0    49.0   49.0
 33 2159.971530 8.800E-27 4.001E-03.07270.101  263.58440.790.000000          2 0 0          0 0 0 25  2 24       25  1 25      4455502332 6 2 4 0    51.0   51.0
 31 2159.975900 2.590E-23 1.509E-01.06950.092  750.26340.830.000000          2 0 0          0 0 0 40  2 38       41  3 39      3465505061 6 2 4 0    81.0   83.0
 32 2159.980640 5.615E-27 3.746E-03.07120.099  364.38550.800.000000          2 0 0          0 0 0 29  1 28       29  2 27      3355504560 6 2 4 0    59.0   59.0
 33 2159.984650 2.429E-26 1.765E-02.07390.095  334.29840.790.000000          2 0 0          0 0 0 22  7 15       23  6 18      4465502332 6 2 4 0    45.0   47.0
 31 2159.989900 4.208E-26 9.586E-02.07210.081 1898.58780.800.000000          0 0 2          0 0 0 27 24  4       26 23  3      3462505061 6 2 4 0    55.0   53.0
 32 2159.997990 1.597E-25 6.250E-02.07920.104  108.55950.710.000000          2 0 0          0 0 0 14  2 12       15  2 13      3355504560 5 2 3 0    29.0   31.0
 31 2160.002000 4.754E-26 1.047E-01.06960.075 1966.13580.830.000000          0 0 2          0 0 0 39 22 18       38 21 17      3462505061 6 2 4 0    79.0   77.0
 31 2160.009100 5.819E-26 9.678E-02.07080.079 1861.79970.810.000000          0 0 2          0 0 0 31 23  9       30 22  8      3462505061 6 2 4 0    63.0   61.0
 31 2160.012000 4.634E-26 2.495E-02.07110.092 1654.33710.790.000000          2 0 1          1 0 0 35  6 29       34  4 30      4455504969 5 2 3 0    71.0   69.0
 31 2160.017400 1.555E-25 5.038E-04.07150.089  584.26850.78-.003738          1 0 1          0 0 0 32  8 25       33  6 28      3455505061 5 2 3 1    65.0   67.0
 31 2160.032900 9.056E-26 1.296E-01.07000.086 1855.53600.820.000000          3 0 0          1 0 0 35  8 28       34  9 25      4465504969 6 2 4 0    71.0   69.0
 32 2160.036410 2.588E-26 4.205E-02.07850.090  415.13830.710.000000          2 0 0          0 0 0 15 10  5       16 10  6      3355504560 5 2 3 0    31.0   33.0
 32 2160.036410 2.588E-26 4.205E-02.07850.090  415.13830.710.000000          2 0 0          0 0 0 15 10  6       16 10  7      3355504560 5 2 3 0    31.0   33.0
 31 2160.041700 2.252E-24 4.727E-03.07940.093  328.92400.770.000000          2 0 0          0 0 0 14  8  6       13  9  5      3465505061 6 2 4 0    29.0   27.0
 32 2160.047840 2.035E-26 6.993E-02.06950.089  771.84180.830.000000          2 0 0          0 0 0 41  5 37       42  4 38      3365504560 6 2 4 0    83.0   85.0
 31 2160.050000 6.898E-24 7.070E-03.07330.099  313.12010.75-.003276          1 0 1          0 0 0 27  4 23       26  2 24      3455505061 5 2 3 1    55.0   53.0
 31 2160.069100 7.250E-25 1.928E-02.08180.104  784.86860.770.000000          2 1 0          0 1 0 10  2  8       11  3  9      3465504969 6 2 4 0    21.0   23.0
 33 2160.071840 3.046E-27 8.811E-03.07070.091  739.40720.830.000000          2 0 0          0 0 0 40  5 35       40  4 36      4445502332 8 2 4 0    81.0   81.0
 31 2160.082700 1.136E-24 1.544E-01.06930.069 1431.03580.760.000000          2 0 0          0 0 0 47 12 36       46 13 33      3442205061 8 2 1 0    95.0   93.0
 31 2160.083200 4.233E-26 1.066E-01.06950.074 1998.84260.830.000000          0 0 2          0 0 0 40 22 18       39 21 19      3462505061 6 2 4 0    81.0   79.0
 31 2160.083300 4.715E-26 1.391E-03.06930.076 1107.87740.76-.004596          1 0 1          0 0 0 45 10 35       46  8 38      3445205061 8 2 1 1    91.0   93.0
 32 2160.084120 3.974E-26 3.448E-02.07180.095  411.35560.800.000000          2 0 0          0 0 0 28  5 24       27  6 21      3365504560 6 2 4 0    57.0   55.0
 32 2160.088360 3.974E-26 3.448E-02.07180.095  411.35540.800.000000          2 0 0          0 0 0 28  5 23       27  6 22      3365504560 6 2 4 0    57.0   55.0
 31 2160.088500 4.235E-24 1.983E-01.06800.098 1127.30220.810.000000          2 1 0          0 1 0 31  1 31       32  0 32      3465505069 6 2 4 0    63.0   65.0
 31 2160.097700 1.157E-23 1.900E-02.08440.101  142.78700.770.000000          2 0 0          0 0 0  7  5  3        8  6  2      3465505061 6 2 4 0    15.0   17.0
 32 2160.118120 1.668E-26 3.700E-02.07850.087  479.13860.710.000000          2 0 0          0 0 0 15 11  4       16 11  5      3355504560 5 2 3 0    31.0   33.0
 32 2160.118120 1.668E-26 3.700E-02.07850.087  479.13860.710.000000          2 0 0          0 0 0 15 11  5       16 11  6      3355504560 5 2 3 0    31.0   33.0
 31 2160.120600 4.239E-24 1.049E-01.06960.075 1037.34630.820.000000          2 0 0          0 0 0 38 11 27       37 12 26      3465505061 6 2 4 0    77.0   75.0
 31 2160.131400 2.251E-25 9.411E-03.07540.096 1015.61950.780.000000          2 1 0          0 1 0 20  6 14       19  7 13      3465504969 6 2 4 0    41.0   39.0
 31 2160.145400 3.761E-26 1.088E-01.06950.073 2032.38300.830.000000          0 0 2          0 0 0 41 22 20       40 21 19      3462505061 6 2 4 0    83.0   81.0
 31 2160.148500 1.552E-25 1.763E-02.08230.105 1083.61410.770.000000          2 0 1          0 0 1 10  2  9        9  1  8      4465504969 6 2 4 0    21.0   19.0
 31 2160.155100 4.338E-25 7.569E-02.08020.104 1207.77440.770.000000          3 0 0          1 0 0 12  2 10       13  3 11      4465504969 6 2 4 0    25.0   27.0
 32 2160.155890 1.760E-25 6.382E-02.07650.104  106.53420.710.000000          2 0 0          0 0 0 15  0 15       16  0 16      3355504560 5 2 3 0    31.0   33.0
 31 2160.157700 3.376E-23 3.421E-02.07870.101  179.06980.780.000000          2 0 0          0 0 0 14  4 10       15  5 11      3465505061 6 2 4 0    29.0   31.0
 31 2160.161800 6.361E-26 1.655E-03.07580.098  927.82090.720.000000          1 1 1          0 1 0 21  6 15       20  4 16      3455504969 5 2 3 0    43.0   41.0
 31 2160.170200 7.572E-24 9.105E-03.07260.098  360.41370.76-.003408          1 0 1          0 0 0 29  4 25       28  2 26      3455505061 5 2 3 1    59.0   57.0
 32 2160.180260 7.964E-27 8.410E-03.08760.106   20.30120.760.000000          2 0 0          0 0 0  3  1  2        4  2  3      3365504560 6 2 4 0     7.0    9.0
 31 2160.185400 5.737E-26 1.030E-02.07120.100 1390.21800.800.000000          2 0 1          0 0 1 29  1 28       29  0 29      4455504969 6 2 4 0    59.0   59.0
 31 2160.188500 3.321E-26 1.109E-01.06950.073 2066.75660.830.000000          0 0 2          0 0 0 42 22 20       41 21 21      3462505061 6 2 4 0    85.0   83.0
 31 2160.188900 4.704E-26 1.594E-03.08090.100  870.65430.770.000000          2 1 0          0 1 0 12  5  7       11  6  6      3465504969 6 2 4 0    25.0   23.0
 32 2160.196510 1.003E-26 3.125E-02.07850.084  549.04130.710.000000          2 0 0          0 0 0 15 12  3       16 12  4      3355504560 5 2 3 0    31.0   33.0
 32 2160.196510 1.003E-26 3.125E-02.07850.084  549.04130.710.000000          2 0 0          0 0 0 15 12  4       16 12  5      3355504560 5 2 3 0    31.0   33.0
 31 2160.205100 1.273E-25 2.405E-02.07200.099 1386.33940.800.000000          2 0 1          0 0 1 27  4 23       27  3 24      4455504969 6 2 4 0    55.0   55.0
 33 2160.207930 6.570E-27 3.656E-03.07160.100  327.99810.800.000000          2 0 0          0 0 0 28  1 27       28  0 28      4455502332 6 2 4 0    57.0   57.0
 31 2160.214700 3.163E-24 2.388E-03.07140.101  226.45190.73-.003078          1 0 1          0 0 0 24  3 22       23  1 23      3455505061 5 2 3 1    49.0   47.0
 33 2160.230260 5.356E-27 5.275E-03.08430.114   13.99660.760.000000          2 0 0          0 0 0  3  3  1        2  2  0      4455502332 7 2 4 0     7.0    5.0
 31 2160.243900 5.376E-26 9.837E-02.07060.078 1887.82580.810.000000          0 0 2          0 0 0 32 23  9       31 22 10      3462505061 6 2 4 0    65.0   63.0
 32 2160.251200 1.453E-25 5.417E-02.07650.105   83.82870.770.000000          2 0 0          0 0 0 13  0 13       14  1 14      3365504560 6 2 4 0    27.0   29.0
 31 2160.253500 1.465E-25 7.222E-02.07250.092 1576.02450.790.000000          3 0 0          1 0 0 26  7 19       25  8 18      4465504969 6 2 4 0    53.0   51.0
 33 2160.254330 9.935E-27 6.599E-03.07120.099  371.49130.800.000000          2 0 0          0 0 0 29  3 27       29  2 28      4455502332 6 2 4 0    59.0   59.0
 31 2160.255900 3.793E-26 7.359E-03.06990.089 1490.81190.860.000000          1 1 1          0 1 0 44  4 41       43  2 42      3455505069 5 2 3 0    89.0   87.0
 32 2160.256550 9.159E-28 9.371E-03.07850.084  793.64850.710.000000          2 0 0          0 0 0 15 15  0       16 15  1      3352504560 5 2 3 0    31.0   33.0
 32 2160.256550 9.159E-28 9.371E-03.07850.084  793.64850.710.000000          2 0 0          0 0 0 15 15  1       16 15  2      3352504560 5 2 3 0    31.0   33.0
 32 2160.264000 5.495E-27 2.474E-02.07850.084  624.79650.710.000000          2 0 0          0 0 0 15 13  2       16 13  3      3352504560 5 2 3 0    31.0   33.0
 32 2160.264000 5.495E-27 2.474E-02.07850.084  624.79650.710.000000          2 0 0          0 0 0 15 13  3       16 13  4      3352504560 5 2 3 0    31.0   33.0
 31 2160.286500 4.921E-26 1.923E-02.07180.093 1570.19570.770.000000          2 0 1          1 0 0 32  6 27       31  4 28      4455505069 5 2 3 0    65.0   63.0
 31 2160.291000 7.832E-26 1.134E-02.07230.101 1324.03790.790.000000          2 0 1          0 0 1 26  2 25       26  1 26      4455504969 6 2 4 0    53.0   53.0
 32 2160.297970 2.987E-26 1.479E-02.07540.100  228.11830.780.000000          2 0 0          0 0 0 20  4 17       19  5 14      3365504560 6 2 4 0    41.0   39.0
 31 2160.301600 3.935E-26 9.660E-02.07180.080 1921.26620.800.000000          0 0 2          0 0 0 28 24  4       27 23  5      3462505061 6 2 4 0    57.0   55.0
 32 2160.301870 1.274E-25 5.250E-02.07460.102  190.37190.790.000000          2 0 0          0 0 0 20  2 19       21  1 20      3365504560 6 2 4 0    41.0   43.0
 32 2160.304470 2.596E-26 6.320E-02.06970.089  680.03860.820.000000          2 0 0          0 0 0 37  6 32       36  7 29      3365504560 6 2 4 0    75.0   73.0
 32 2160.305620 2.987E-26 1.479E-02.07540.100  228.11810.780.000000          2 0 0          0 0 0 20  4 16       19  5 15      3365504560 6 2 4 0    41.0   39.0
 31 2160.305700 8.530E-26 1.847E-02.07400.098 1435.64860.800.000000          2 0 1          0 0 1 30  3 28       30  2 29      4445504969 8 2 4 0    61.0   61.0
 31 2160.306000 7.854E-24 2.505E-02.07440.089  505.38480.790.000000          2 0 0          0 0 0 22  9 13       21 10 12      3465505061 6 2 4 0    45.0   43.0
 32 2160.307220 4.221E-27 1.536E-03.07640.104  120.07590.780.000000          2 0 0          0 0 0 16  1 16       16  2 15      3355504560 6 2 4 0    33.0   33.0
 32 2160.307370 2.596E-26 6.320E-02.06970.089  680.03840.820.000000          2 0 0          0 0 0 37  6 31       36  7 30      3365504560 6 2 4 0    75.0   73.0
 32 2160.308390 2.604E-27 1.743E-02.07850.084  706.35080.710.000000          2 0 0          0 0 0 15 14  1       16 14  2      3352504560 5 2 3 0    31.0   33.0
 32 2160.308390 2.604E-27 1.743E-02.07850.084  706.35080.710.000000          2 0 0          0 0 0 15 14  2       16 14  3      3352504560 5 2 3 0    31.0   33.0
 31 2160.318400 5.292E-26 3.018E-03.07360.097 1167.85580.810.000000          2 1 0          0 1 0 31  3 29       31  4 28      3445504969 8 2 4 0    63.0   63.0
 31 2160.327300 3.724E-25 4.174E-02.07090.102 1246.56380.790.000000          2 0 1          0 0 1 23  0 23       22  1 22      4465504969 6 2 4 0    47.0   45.0
 32 2160.333760 7.526E-27 3.308E-03.08090.103  101.83830.770.000000          2 0 0          0 0 0 12  3 10       11  4  7      3365504560 6 2 4 0    25.0   23.0
 32 2160.337790 1.473E-25 6.194E-02.07920.103  123.26390.710.000000          2 0 0          0 0 0 14  3 11       15  3 12      3355504560 5 2 3 0    29.0   31.0
 31 2160.341900 2.403E-26 2.319E-02.08370.106 1425.08180.770.000000          2 2 0          0 2 0  6  0  6        7  1  7      4465504969 6 2 4 0    13.0   15.0
 31 2160.344300 2.920E-26 4.177E-03.08020.102 1166.87850.770.000000          2 0 1          0 0 1 12  5  8       13  4  9      4465504969 6 2 4 0    25.0   27.0
 32 2160.344440 7.526E-27 3.308E-03.08090.103  101.83810.770.000000          2 0 0          0 0 0 12  3  9       11  4  8      3365504560 6 2 4 0    25.0   23.0
 31 2160.353300 7.919E-24 1.141E-02.07210.097  411.05510.77-.003540          1 0 1          0 0 0 31  4 27       30  2 28      3455505061 5 2 3 1    63.0   61.0
 31 2160.361300 8.087E-24 5.999E-02.07110.083  741.57700.800.000000          2 0 0          0 0 0 30 10 20       29 11 19      3465505061 6 2 4 0    61.0   59.0
 31 2160.362600 3.897E-25 4.184E-02.07140.102 1228.76410.790.000000          2 0 1          0 0 1 22  1 22       21  0 21      4465505069 6 2 4 0    45.0   43.0
 32 2160.376850 1.477E-25 6.209E-02.07920.103  123.19880.710.000000          2 0 0          0 0 0 14  3 12       15  3 13      3355504560 5 2 3 0    29.0   31.0
 31 2160.377800 2.180E-26 1.905E-01.06950.076 2283.20100.760.000000          3 0 0          1 0 0 46  9 37       45 10 36      4445204969 8 2 1 0    93.0   91.0
 31 2160.382000 1.168E-25 1.975E-01.06790.067 1992.47180.760.000000          2 0 0          0 0 0 58 13 45       57 14 44      3442205061 8 2 1 0   117.0  115.0
 31 2160.401200 5.852E-26 1.639E-02.07040.097 1507.88490.810.000000          2 0 1          0 0 1 33  2 31       32  3 30      4465504969 6 2 4 0    67.0   65.0
 31 2160.403600 4.497E-25 1.665E-01.07150.096 1559.09800.780.000000          3 0 0          0 0 1 32  0 32       33  4 29      4455504969 5 2 3 0    65.0   67.0
 31 2160.406400 1.788E-23 3.228E-01.06870.088 1019.95330.760.000000          2 0 0          0 0 0 48  1 47       49  2 48      3445205061 8 2 1 0    97.0   99.0
 31 2160.407300 2.398E-25 1.105E-01.06780.082 1735.27530.760.000000          2 0 0          0 0 0 61  6 56       62  5 57      3442205061 8 2 1 0   123.0  125.0
 33 2160.409610 1.167E-26 3.076E-02.07020.086  681.18010.810.000000          2 0 0          0 0 0 33  9 25       34  8 26      4465502332 6 2 4 0    67.0   69.0
 31 2160.411500 3.831E-26 2.530E-05.07790.102  141.08200.72-.002748          1 0 1          0 0 0 18  4 15       18  0 18      3455505061 5 2 3 1    37.0   37.0
 31 2160.420900 4.146E-26 7.240E-02.06910.075 1960.54500.760.000000          2 1 0          0 1 0 48  9 39       47 10 38      3445204969 8 2 1 0    97.0   95.0
 32 2160.426790 1.219E-26 7.469E-02.06930.087  909.68750.760.000000          2 0 0          0 0 0 45  5 40       46  4 43      3345204560 8 2 1 0    91.0   93.0
 32 2160.428200 1.294E-25 6.041E-02.07920.102  144.76480.710.000000          2 0 0          0 0 0 14  4 10       15  4 11      3355504560 5 2 3 0    29.0   31.0
 32 2160.429300 1.294E-25 6.041E-02.07920.102  144.76330.710.000000          2 0 0          0 0 0 14  4 11       15  4 12      3355504560 5 2 3 0    29.0   31.0
 32 2160.434800 7.247E-27 8.404E-02.06870.083 1054.06050.760.000000          2 0 0          0 0 0 48  6 43       49  5 44      3345204560 8 2 1 0    97.0   99.0
 31 2160.437300 5.688E-26 5.923E-05.07140.096  330.76860.800.000000          0 0 2          0 0 0 29  5 25       28  0 28      3465505061 6 2 4 0    59.0   57.0
 31 2160.447200 2.080E-26 5.258E-03.07290.095 1422.43660.790.000000          2 0 1          0 0 1 24  7 18       25  6 19      4465504969 6 2 4 0    49.0   51.0
 31 2160.452400 1.627E-25 4.766E-02.06960.084 1545.75300.820.000000          2 1 0          0 1 0 38  8 30       37  9 29      3465504969 6 2 4 0    77.0   75.0
 31 2160.459600 4.938E-26 9.990E-02.07040.078 1914.68810.810.000000          0 0 2          0 0 0 33 23 11       32 22 10      3462505061 6 2 4 0    67.0   65.0
 31 2160.461900 5.673E-26 7.012E-05.07490.095  310.29470.73-.003078          1 0 1          0 0 0 22  7 16       23  5 19      3455505061 5 2 3 1    45.0   47.0
 31 2160.462600 4.993E-26 1.671E-03.06530.081 1155.29430.76-.004860          1 0 1          0 0 0 50  7 44       50  5 45      3405205061 0 2 1 1   101.0  101.0
 32 2160.472450 8.243E-26 4.890E-02.07210.100  318.09780.800.000000          2 0 0          0 0 0 26  3 24       27  2 25      3365504560 6 2 4 0    53.0   55.0
 33 2160.473990 4.022E-26 1.386E-02.07190.103  171.40850.790.000000          2 0 0          0 0 0 21  1 21       20  0 20      4465502332 6 2 4 0    43.0   41.0
 32 2160.490590 1.091E-25 5.828E-02.07920.101  172.48230.710.000000          2 0 0          0 0 0 14  5  9       15  5 10      3355504560 5 2 3 0    29.0   31.0
 32 2160.490610 1.091E-25 5.828E-02.07920.101  172.48230.710.000000          2 0 0          0 0 0 14  5 10       15  5 11      3355504560 5 2 3 0    29.0   31.0
 32 2160.491340 1.629E-25 6.344E-02.07920.104  107.43350.710.000000          2 0 0          0 0 0 14  2 13       15  2 14      3355504560 5 2 3 0    29.0   31.0
 31 2160.492500 2.020E-26 2.927E-03.07070.094 1411.32110.830.000000          2 1 0          0 1 0 40  1 39       40  2 38      3445504969 8 2 4 0    81.0   81.0
 32 2160.498400 1.764E-25 6.431E-02.07560.104  107.58840.710.000000          2 0 0          0 0 0 15  1 15       16  1 16      3355504560 5 2 3 0    31.0   33.0
 31 2160.513600 2.940E-25 2.590E-02.07140.091 1243.77620.800.000000          2 1 0          0 1 0 29  7 23       28  8 20      3465505069 6 2 4 0    59.0   57.0
 31 2160.523000 3.807E-26 4.882E-05.07250.098  351.53650.790.000000          2 0 0          0 0 0 26  2 24       25  5 21      3465505061 6 2 4 0    53.0   51.0
 31 2160.523200 3.540E-26 7.926E-02.06810.082 2031.84160.760.000000          2 1 0          0 1 0 53  6 48       54  5 49      3442204969 8 2 1 0   107.0  109.0
 33 2160.525310 1.579E-26 8.058E-03.07300.100  279.01250.790.000000          2 0 0          0 0 0 24  4 20       24  3 21      4455502332 6 2 4 0    49.0   49.0
 33 2160.527190 3.823E-27 3.595E-02.06910.085 1018.97250.760.000000          2 0 0          0 0 0 48  4 44       47  5 43      3445202332 8 2 1 0    97.0   95.0
 31 2160.539500 3.116E-26 6.933E-03.06990.088 1518.94540.860.000000          1 1 1          0 1 0 44  5 40       43  3 41      3455505069 5 2 3 0    89.0   87.0
 32 2160.554350 8.840E-26 5.568E-02.07920.100  206.33740.710.000000          2 0 0          0 0 0 14  6  8       15  6  9      3355504560 5 2 3 0    29.0   31.0
 32 2160.554350 8.840E-26 5.568E-02.07920.100  206.33740.710.000000          2 0 0          0 0 0 14  6  9       15  6 10      3355504560 5 2 3 0    29.0   31.0
 31 2160.559400 4.824E-25 1.087E-02.07650.104  802.37550.770.000000          2 1 0          0 1 0 13  1 13       14  2 12      3465504969 6 2 4 0    27.0   29.0
 31 2160.561300 2.874E-26 4.738E-03.07600.099 1276.68850.780.000000          2 0 1          0 0 1 18  6 13       19  5 14      4465504969 6 2 4 0    37.0   39.0
 32 2160.565700 6.411E-27 3.950E-03.07160.100  340.84350.800.000000          2 0 0          0 0 0 28  1 27       28  2 26      3355504560 6 2 4 0    57.0   57.0
 33 2160.569220 8.223E-27 4.360E-03.08260.102   91.95610.770.000000          2 0 0          0 0 0  9  5  5       10  4  6      4465502332 6 2 4 0    19.0   21.0
 31 2160.573600 1.763E-24 6.523E-01.06770.098 1558.92790.810.000000          3 0 0          1 0 0 32  0 32       33  1 33      4465504969 6 2 4 0    65.0   67.0
 33 2160.582120 4.619E-26 1.654E-02.07140.102  188.56470.790.000000          2 0 0          0 0 0 22  0 22       21  1 21      4465502332 6 2 4 0    45.0   43.0
 31 2160.594400 3.699E-26 9.838E-02.07140.080 1944.78210.800.000000          0 0 2          0 0 0 29 24  6       28 23  5      3462505061 6 2 4 0    59.0   57.0
 31 2160.595700 4.963E-26 3.113E-04.06970.082  743.92850.820.000000          0 0 2          0 0 0 36 10 26       37  7 31      3465505061 6 2 4 0    73.0   75.0
 32 2160.622320 6.849E-26 5.239E-02.07920.098  246.29490.710.000000          2 0 0          0 0 0 14  7  7       15  7  8      3355504560 5 2 3 0    29.0   31.0
 32 2160.622320 6.849E-26 5.239E-02.07920.098  246.29490.710.000000          2 0 0          0 0 0 14  7  8       15  7  9      3355504560 5 2 3 0    29.0   31.0
 32 2160.631750 4.938E-28 4.582E-03.06870.086 1016.45230.760.000000          2 0 0          0 0 0 50  2 49       49  3 46      3345204560 8 2 1 0   101.0   99.0
 31 2160.636700 1.013E-25 2.825E-02.07660.097 1384.83510.780.000000          3 0 0          1 0 0 18  6 12       17  7 11      4465504969 6 2 4 0    37.0   35.0
 31 2160.639000 4.420E-25 7.090E-02.06950.092 1427.08990.830.000000          2 1 0          0 1 0 39  4 36       40  3 37      3465505069 6 2 4 0    79.0   81.0
 31 2160.645400 1.014E-25 4.011E-02.08730.104 1165.86440.760.000000          3 0 0          1 0 0  4  3  1        5  4  2      4465504969 6 2 4 0     9.0   11.0
 31 2160.652400 2.397E-26 5.334E-03.06960.090 1518.94540.840.000000          2 1 0          0 1 0 44  0 44       43  3 41      3465505069 6 2 4 0    89.0   87.0
 32 2160.653310 4.340E-27 1.581E-03.07700.104  107.43350.780.000000          2 0 0          0 0 0 15  1 15       15  2 14      3355504560 6 2 4 0    31.0   31.0
 31 2160.656300 4.508E-26 1.013E-01.07020.077 1942.38640.810.000000          0 0 2          0 0 0 34 23 11       33 22 12      3462505061 6 2 4 0    69.0   67.0
 31 2160.667500 6.958E-26 1.885E-03.07530.098  945.41190.730.000000          1 1 1          0 1 0 22  6 17       21  4 18      3455504969 5 2 3 0    45.0   43.0
 31 2160.668500 7.965E-24 1.403E-02.07150.096  464.99940.78-.003672          1 0 1          0 0 0 33  4 29       32  2 30      3455505061 5 2 3 1    67.0   65.0
 31 2160.669400 3.708E-26 1.582E-02.06930.085 1666.33660.760.000000          1 1 1          0 1 0 47  6 41       46  4 42      3445204969 8 2 1 0    95.0   93.0
 31 2160.670300 4.417E-24 1.889E-01.06820.099 1101.88210.810.000000          2 1 0          0 1 0 30  0 30       31  1 31      3465505069 6 2 4 0    61.0   63.0
 31 2160.670800 1.396E-24 5.176E-01.06920.098 1552.90450.810.000000          3 0 0          1 0 0 31  2 30       32  1 31      4465504969 6 2 4 0    63.0   65.0
 31 2160.679500 9.740E-25 1.571E-01.06910.069 1470.41990.760.000000          2 0 0          0 0 0 48 12 36       47 13 35      3442205061 8 2 1 0    97.0   95.0
 32 2160.684950 1.676E-25 6.398E-02.07930.105   88.60850.710.000000          2 0 0          0 0 0 13  1 12       14  1 13      3355504560 5 2 3 0    27.0   29.0
 31 2160.686600 8.475E-26 1.362E-01.06990.085 1884.87300.820.000000          3 0 0          1 0 0 36  8 28       35  9 27      4465504969 6 2 4 0    73.0   71.0
 31 2160.688300 3.787E-25 6.815E-02.08090.104 1196.86970.770.000000          3 0 0          1 0 0 11  2 10       12  3  9      4465504969 6 2 4 0    23.0   25.0
 31 2160.691100 4.728E-26 2.271E-02.07130.092 1624.87160.780.000000          2 0 1          1 0 0 34  6 29       33  4 30      4455505069 5 2 3 0    69.0   67.0
 32 2160.694510 5.057E-26 4.838E-02.07920.096  292.32110.710.000000          2 0 0          0 0 0 14  8  6       15  8  7      3355504560 5 2 3 0    29.0   31.0
 32 2160.694510 5.057E-26 4.838E-02.07920.096  292.32110.710.000000          2 0 0          0 0 0 14  8  7       15  8  8      3355504560 5 2 3 0    29.0   31.0
 31 2160.696100 1.387E-23 4.304E-01.06820.087 1147.64780.760.000000          2 0 0          0 0 0 52  0 52       53  1 53      3442205061 8 2 1 0   105.0  107.0
 31 2160.698400 2.663E-26 3.865E-02.07110.097 1820.15090.800.000000          2 2 0          0 2 0 29  4 26       30  3 27      4465504969 6 2 4 0    59.0   61.0
 32 2160.699200 2.110E-25 7.665E-02.07420.104  119.68390.780.000000          2 0 0          0 0 0 16  1 16       17  0 17      3365504560 6 2 4 0    33.0   35.0
 31 2160.732500 6.339E-25 1.782E-02.08260.104  775.66210.770.000000          2 1 0          0 1 0  9  2  8       10  3  7      3465504969 6 2 4 0    19.0   21.0
 32 2160.739580 4.380E-27 1.877E-03.07340.102  226.45960.790.000000          2 0 0          0 0 0 23  0 23       23  1 22      3355504560 6 2 4 0    47.0   47.0
 31 2160.744400 1.174E-24 8.173E-02.07020.096 1221.43600.810.000000          2 1 0          0 1 0 33  3 31       34  2 32      3465504969 6 2 4 0    67.0   69.0
 31 2160.745400 6.191E-26 4.074E-02.07820.105 1463.60730.770.000000          2 2 0          0 2 0 11  1 11       12  0 12      4465504969 6 2 4 0    23.0   25.0
 32 2160.769590 3.576E-26 4.407E-02.07920.093  344.37950.710.000000          2 0 0          0 0 0 14  9  5       15  9  6      3355504560 5 2 3 0    29.0   31.0
 32 2160.769590 3.576E-26 4.407E-02.07920.093  344.37950.710.000000          2 0 0          0 0 0 14  9  6       15  9  7      3355504560 5 2 3 0    29.0   31.0
 31 2160.770600 3.601E-25 1.341E-03.06810.091  642.28740.81-.004002          1 0 1          0 0 0 37  6 31       37  4 34      3405505061 0 2 3 1    75.0   75.0
 32 2160.785500 4.778E-26 5.589E-02.07020.095  505.94230.810.000000          2 0 0          0 0 0 33  4 30       34  3 31      3365504560 6 2 4 0    67.0   69.0
 31 2160.792700 3.853E-24 1.086E-01.06960.075 1069.22790.830.000000          2 0 0          0 0 0 39 11 29       38 12 26      3465505061 6 2 4 0    79.0   77.0
 33 2160.794200 1.923E-26 2.326E-02.07180.091  480.25400.800.000000          2 0 0          0 0 0 27  8 20       28  7 21      4465502332 6 2 4 0    55.0   57.0
 32 2160.795850 1.031E-27 1.510E-03.06650.095  580.80390.820.000000          2 0 0          0 0 0 38  1 38       37  2 35      3365504560 6 2 4 0    77.0   75.0
 32 2160.802010 3.938E-26 3.681E-02.07140.095  433.61220.800.000000          2 0 0          0 0 0 29  5 25       28  6 22      3365504560 6 2 4 0    59.0   57.0
 32 2160.803550 5.415E-27 7.887E-03.08930.106   17.12810.760.000000          2 0 0          0 0 0  2  1  2        3  2  1      3365504560 6 2 4 0     5.0    7.0
 31 2160.806500 6.201E-26 2.946E-03.07120.098 1116.63280.800.000000          2 1 0          0 1 0 29  3 27       29  4 26      3455504969 6 2 4 0    59.0   59.0
 31 2160.807900 6.730E-26 1.754E-02.07320.097 1486.74170.810.000000          2 0 1          0 0 1 32  3 30       32  2 31      4445505069 8 2 4 0    65.0   65.0
 32 2160.808030 3.938E-26 3.681E-02.07140.095  433.61190.800.000000          2 0 0          0 0 0 29  5 24       28  6 23      3365504560 6 2 4 0    59.0   57.0
 33 2160.825050 5.993E-27 3.689E-02.06960.081  884.23840.830.000000          2 0 0          0 0 0 38 10 28       39  9 31      4465502332 6 2 4 0    77.0   79.0
 32 2160.828140 1.258E-25 4.810E-02.07730.105   73.08800.770.000000          2 0 0          0 0 0 12  0 12       13  1 13      3365504560 6 2 4 0    25.0   27.0
 31 2160.833900 4.109E-26 1.031E-01.07000.077 1970.92030.820.000000          0 0 2          0 0 0 35 23 13       34 22 12      3462505061 6 2 4 0    71.0   69.0
 31 2160.839000 3.074E-24 6.396E-03.07870.093  340.68820.780.000000          2 0 0          0 0 0 15  8  8       14  9  5      3465505061 6 2 4 0    31.0   29.0
 32 2160.845430 2.377E-26 3.884E-02.07920.091  402.43030.710.000000          2 0 0          0 0 0 14 10  4       15 10  5      3355504560 5 2 3 0    29.0   31.0
 32 2160.845430 2.377E-26 3.884E-02.07920.091  402.43030.710.000000          2 0 0          0 0 0 14 10  5       15 10  6      3355504560 5 2 3 0    29.0   31.0
 31 2160.846400 2.785E-24 1.836E-03.07740.102  140.64710.72-.002682          1 0 1          0 0 0 18  4 15       17  2 16      3455505061 5 2 3 1    37.0   35.0
 31 2160.848300 2.996E-23 1.324E-01.06960.093  682.79990.830.000000          2 0 0          0 0 0 38  2 36       39  3 37      3465505061 6 2 4 0    77.0   79.0
 33 2160.858680 1.927E-26 9.874E-03.07800.099  185.57450.780.000000          2 0 0          0 0 0 15  6 10       16  5 11      4465502332 6 2 4 0    31.0   33.0
 31 2160.868100 3.435E-26 9.949E-02.07110.079 1969.13500.800.000000          0 0 2          0 0 0 30 24  6       29 23  7      3462505061 6 2 4 0    61.0   59.0
 31 2160.872300 9.402E-26 1.979E-01.06780.067 2040.97780.760.000000          2 0 0          0 0 0 59 13 47       58 14 44      3442205061 8 2 1 0   119.0  117.0
 32 2160.874520 1.768E-25 6.456E-02.07710.105   94.13110.710.000000          2 0 0          0 0 0 14  0 14       15  0 15      3355504560 5 2 3 0    29.0   31.0
 31 2160.881000 2.365E-24 6.339E-02.07340.102  943.16920.790.000000          2 1 0          0 1 0 22  1 21       23  2 22      3465504969 6 2 4 0    45.0   47.0
 31 2160.883300 2.501E-25 1.082E-02.07490.096 1032.35700.790.000000          2 1 0          0 1 0 21  6 16       20  7 13      3465504969 6 2 4 0    43.0   41.0
 32 2160.900120 1.597E-25 6.335E-02.07980.104   96.45000.710.000000          2 0 0          0 0 0 13  2 11       14  2 12      3355504560 5 2 3 0    27.0   29.0
 32 2160.918790 1.477E-26 3.295E-02.07920.088  466.43020.710.000000          2 0 0          0 0 0 14 11  3       15 11  4      3355504560 5 2 3 0    29.0   31.0
 32 2160.918790 1.477E-26 3.295E-02.07920.088  466.43020.710.000000          2 0 0          0 0 0 14 11  4       15 11  5      3355504560 5 2 3 0    29.0   31.0
 32 2160.922300 5.575E-27 8.121E-03.08850.106   17.12550.760.000000          2 0 0          0 0 0  2  1  1        3  2  2      3365504560 6 2 4 0     5.0    7.0
 33 2160.938060 2.349E-26 1.628E-02.07440.096  315.02620.790.000000          2 0 0          0 0 0 21  7 15       22  6 16      4465502332 6 2 4 0    43.0   45.0
 31 2160.958600 9.265E-24 1.700E-02.08530.101  136.06440.770.000000          2 0 0          0 0 0  6  5  1        7  6  2      3465505061 6 2 4 0    13.0   15.0
 31 2160.959000 1.481E-25 7.828E-02.07210.092 1597.84680.800.000000          3 0 0          1 0 0 27  7 21       26  8 18      4465504969 6 2 4 0    55.0   53.0
 31 2160.960800 5.808E-24 1.176E-02.07050.096  505.50650.79-.003804          1 0 1          0 0 0 35  3 32       34  1 33      3455505061 5 2 3 1    71.0   69.0
 32 2160.975920 2.397E-26 6.561E-02.06960.088  709.43460.820.000000          2 0 0          0 0 0 38  6 33       37  7 30      3365504560 6 2 4 0    77.0   75.0
 31 2160.976000 6.580E-26 2.170E-03.08020.100  880.69650.770.000000          2 1 0          0 1 0 13  5  9       12  6  6      3465504969 6 2 4 0    27.0   25.0
 32 2160.978300 4.460E-27 1.640E-03.07750.104   95.57410.770.000000          2 0 0          0 0 0 14  1 14       14  2 13      3355504560 6 2 4 0    29.0   29.0
 31 2160.978500 1.317E-24 2.799E-01.07240.101 1386.67050.790.000000          3 0 0          1 0 0 24  1 23       25  2 24      4465504969 6 2 4 0    49.0   51.0
 32 2160.979920 2.401E-26 6.572E-02.06960.088  709.43440.820.000000          2 0 0          0 0 0 38  6 32       37  7 31      3365504560 6 2 4 0    77.0   75.0
 32 2160.984440 8.322E-27 2.608E-02.07920.084  536.33230.710.000000          2 0 0          0 0 0 14 12  2       15 12  3      3355504560 5 2 3 0    29.0   31.0
 32 2160.984440 8.322E-27 2.608E-02.07920.084  536.33230.710.000000          2 0 0          0 0 0 14 12  3       15 12  4      3355504560 5 2 3 0    29.0   31.0
 31 2160.986100 3.552E-26 7.389E-02.06890.074 2000.62900.760.000000          2 1 0          0 1 0 49  9 41       48 10 38      3445204969 8 2 1 0    99.0   97.0
 31 2160.992400 3.723E-26 1.049E-01.06990.076 2000.28950.820.000000          0 0 2          0 0 0 36 23 13       35 22 14      3462505061 6 2 4 0    73.0   71.0
 31 2161.013100 5.138E-26 3.574E-05.07670.101  172.75680.72-.002880          1 0 1          0 0 0 20  4 17       20  0 20      3455505061 5 2 3 1    41.0   41.0
 33 2161.023640 8.163E-27 6.477E-03.07360.098  421.41200.810.000000          2 0 0          0 0 0 31  3 29       31  2 30      4445502332 8 2 4 0    63.0   63.0
 32 2161.030690 1.461E-27 9.834E-03.07920.084  693.64020.710.000000          2 0 0          0 0 0 14 14  0       15 14  1      3352504560 5 2 3 0    29.0   31.0
 32 2161.030690 1.461E-27 9.834E-03.07920.084  693.64020.710.000000          2 0 0          0 0 0 14 14  1       15 14  2      3352504560 5 2 3 0    29.0   31.0
 32 2161.031480 4.062E-27 1.839E-02.07920.084  612.08670.710.000000          2 0 0          0 0 0 14 13  1       15 13  2      3352504560 5 2 3 0    29.0   31.0
 32 2161.031480 4.062E-27 1.839E-02.07920.084  612.08670.710.000000          2 0 0          0 0 0 14 13  2       15 13  3      3352504560 5 2 3 0    29.0   31.0
 33 2161.032480 2.588E-27 4.301E-02.06960.075 1113.64130.840.000000          2 0 0          0 0 0 43 11 33       44 10 34      4465502332 6 2 4 0    87.0   89.0
 31 2161.038500 1.738E-25 2.661E-02.07140.100 1342.89820.800.000000          2 0 1          0 0 1 27  1 26       26  2 25      4465504969 6 2 4 0    55.0   53.0
 31 2161.040700 3.102E-23 3.178E-02.07940.101  166.45820.770.000000          2 0 0          0 0 0 13  4 10       14  5  9      3465505061 6 2 4 0    27.0   29.0
 31 2161.043500 4.396E-26 2.647E-02.07090.091 1682.90250.800.000000          2 0 1          1 0 0 36  6 31       35  4 32      4455504969 5 2 3 0    73.0   71.0
 32 2161.046070 3.237E-26 1.652E-02.07490.100  244.01780.790.000000          2 0 0          0 0 0 21  4 18       20  5 15      3365504560 6 2 4 0    43.0   41.0
 33 2161.052120 4.281E-27 3.322E-03.08830.105   16.50600.760.000000          2 0 0          0 0 0  4  3  1        3  2  2      4465502332 6 2 4 0     9.0    7.0
 31 2161.054300 3.528E-26 2.752E-03.07220.096 1256.73060.820.000000          2 1 0          0 1 0 35  2 34       35  3 33      3445504969 8 2 4 0    71.0   71.0
 32 2161.057350 3.241E-26 1.654E-02.07490.100  244.01750.790.000000          2 0 0          0 0 0 21  4 17       20  5 16      3365504560 6 2 4 0    43.0   41.0
 31 2161.058200 1.727E-25 1.799E-02.08070.105 1101.50660.770.000000          2 0 1          0 0 1 12  2 11       11  1 10      4465504969 6 2 4 0    25.0   23.0
 31 2161.072900 8.462E-24 2.830E-02.07390.088  523.86670.790.000000          2 0 0          0 0 0 23  9 15       22 10 12      3465505061 6 2 4 0    47.0   45.0
 31 2161.087200 7.867E-24 6.391E-02.07080.082  766.76670.810.000000          2 0 0          0 0 0 31 10 22       30 11 19      3465505061 6 2 4 0    63.0   61.0
 31 2161.089000 7.476E-26 2.122E-03.07490.097  963.91090.730.000000          1 1 1          0 1 0 23  6 17       22  4 18      3455504969 5 2 3 0    47.0   45.0
 31 2161.096900 1.491E-25 4.971E-02.06960.083 1577.52370.830.000000          2 1 0          0 1 0 39  8 32       38  9 29      3465504969 6 2 4 0    79.0   77.0
 32 2161.101780 9.835E-27 4.195E-03.08020.103  111.37530.770.000000          2 0 0          0 0 0 13  3 11       12  4  8      3365504560 6 2 4 0    27.0   25.0
 32 2161.105650 7.207E-27 4.122E-03.07200.100  318.09780.800.000000          2 0 0          0 0 0 27  1 26       27  2 25      3355504560 6 2 4 0    55.0   55.0
 32 2161.118900 9.835E-27 4.196E-03.08020.103  111.37510.770.000000          2 0 0          0 0 0 13  3 10       12  4  9      3365504560 6 2 4 0    27.0   25.0
 31 2161.122800 3.189E-26 1.011E-01.07080.079 1994.32470.810.000000          0 0 2          0 0 0 31 24  8       30 23  7      3462505061 6 2 4 0    63.0   61.0
 31 2161.131800 3.368E-26 1.069E-01.06970.076 2030.49350.820.000000          0 0 2          0 0 0 37 23 15       36 22 14      3462505061 6 2 4 0    75.0   73.0
 31 2161.132500 2.682E-24 1.160E-01.07000.099 1097.22080.800.000000          2 1 0          0 1 0 29  2 28       30  1 29      3465505069 6 2 4 0    59.0   61.0
 32 2161.183860 1.465E-25 6.248E-02.07980.104  111.31010.710.000000          2 0 0          0 0 0 13  3 10       14  3 11      3355504560 5 2 3 0    27.0   29.0
 31 2161.188100 7.579E-24 1.664E-02.07110.095  522.19920.79-.003804          1 0 1          0 0 0 35  4 31       34  2 32      3455505061 5 2 3 1    71.0   69.0
 31 2161.200200 4.533E-23 4.468E-02.07490.101  244.42020.790.000000          2 0 0          0 0 0 20  3 17       21  4 18      3465505061 6 2 4 0    41.0   43.0
 31 2161.204900 4.490E-26 8.823E-04.06890.082 1032.97210.76-.004728          1 0 1          0 0 0 47  7 40       48  3 45      3445205061 8 2 1 1    95.0   97.0
 32 2161.210570 1.465E-25 6.247E-02.07980.104  111.26660.710.000000          2 0 0          0 0 0 13  3 11       14  3 12      3355504560 5 2 3 0    27.0   29.0
 31 2161.216400 7.085E-26 2.862E-03.07200.099 1068.77420.800.000000          2 1 0          0 1 0 27  3 25       27  4 24      3455504969 6 2 4 0    55.0   55.0
 31 2161.216600 2.901E-25 2.783E-02.07110.090 1268.03870.800.000000          2 1 0          0 1 0 30  7 23       29  8 22      3465504969 6 2 4 0    61.0   59.0
 32 2161.223160 1.772E-25 6.510E-02.07630.104   95.32920.710.000000          2 0 0          0 0 0 14  1 14       15  1 15      3355504560 5 2 3 0    29.0   31.0
 33 2161.228180 7.446E-27 3.859E-03.07200.100  305.79290.800.000000          2 0 0          0 0 0 27  2 26       27  1 27      4455502332 6 2 4 0    55.0   55.0
 31 2161.232600 6.979E-26 3.114E-01.06890.085 2149.12690.760.000000          3 0 0          1 0 0 47  5 43       48  4 44      4445204969 8 2 1 0    95.0   97.0
 31 2161.239400 4.442E-25 1.163E-03.07200.092  552.41750.78-.003804          1 0 1          0 0 0 34  6 29       34  4 30      3405505061 0 2 3 1    69.0   69.0
 32 2161.241400 1.402E-26 7.360E-02.06950.087  873.15650.760.000000          2 0 0          0 0 0 44  5 39       45  4 42      3345204560 8 2 1 0    89.0   91.0
 33 2161.253520 1.756E-26 8.039E-03.07380.100  239.00840.790.000000          2 0 0          0 0 0 22  4 18       22  3 19      4455502332 6 2 4 0    45.0   45.0
 31 2161.255000 3.109E-26 2.326E-02.07090.091 1743.77750.830.000000          2 0 1          0 0 1 39  5 34       39  4 35      4445504969 8 2 4 0    79.0   79.0
 32 2161.260070 1.278E-25 6.052E-02.07980.103  132.83830.710.000000          2 0 0          0 0 0 13  4  9       14  4 10      3355504560 5 2 3 0    27.0   29.0
 32 2161.260720 1.278E-25 6.052E-02.07980.103  132.83740.710.000000          2 0 0          0 0 0 13  4 10       14  4 11      3355504560 5 2 3 0    27.0   29.0
 31 2161.267500 8.308E-25 1.597E-01.06890.068 1510.63630.760.000000          2 0 0          0 0 0 49 12 38       48 13 35      3442205061 8 2 1 0    99.0   97.0
 31 2161.279500 1.491E-25 1.222E-04.08020.104  104.71310.770.000000          2 0 0          0 0 0 12  0 12       13  3 11      3465505061 6 2 4 0    25.0   27.0
 33 2161.281600 3.305E-27 5.653E-03.07120.095  620.64910.820.000000          2 0 0          0 0 0 38  2 36       38  1 37      4445502332 8 2 4 0    77.0   77.0
 32 2161.281960 4.500E-27 1.685E-03.07810.104   84.49900.770.000000          2 0 0          0 0 0 13  1 13       13  2 12      3355504560 6 2 4 0    27.0   27.0
 31 2161.284600 6.312E-26 1.051E-02.07160.100 1367.43520.800.000000          2 0 1          0 0 1 28  2 27       28  1 28      4455505069 6 2 4 0    57.0   57.0
 31 2161.287400 2.621E-26 3.871E-03.08090.102 1156.08980.770.000000          2 0 1          0 0 1 11  5  6       12  4  9      4465504969 6 2 4 0    23.0   25.0
 31 2161.290500 1.436E-25 2.355E-02.07270.099 1341.51730.790.000000          2 0 1          0 0 1 25  4 21       25  3 22      4455504969 6 2 4 0    51.0   51.0
 32 2161.296660 1.621E-25 6.405E-02.07980.104   95.57410.710.000000          2 0 0          0 0 0 13  2 12       14  2 13      3355504560 5 2 3 0    27.0   29.0
 32 2161.317860 1.071E-25 5.804E-02.07980.101  160.56280.710.000000          2 0 0          0 0 0 13  5  8       14  5  9      3355504560 5 2 3 0    27.0   29.0
 32 2161.317870 1.071E-25 5.804E-02.07980.101  160.56280.710.000000          2 0 0          0 0 0 13  5  9       14  5 10      3355504560 5 2 3 0    27.0   29.0
 31 2161.335000 7.881E-26 1.428E-01.06970.085 1915.04340.820.000000          3 0 0          1 0 0 37  8 30       36  9 27      4465504969 6 2 4 0    75.0   73.0
 31 2161.338800 1.494E-25 4.369E-04.07180.090  556.50290.77-.003672          1 0 1          0 0 0 31  8 23       32  6 26      3455505061 5 2 3 1    63.0   65.0
 31 2161.352800 7.534E-26 1.984E-01.06780.067 2090.31090.760.000000          2 0 0          0 0 0 60 13 47       59 14 46      3442205061 8 2 1 0   121.0  119.0
 31 2161.353500 3.957E-26 3.045E-02.07060.090 1744.27940.810.000000          2 0 1          1 0 0 38  6 33       37  4 34      4455505069 5 2 3 0    77.0   75.0
 33 2161.375250 3.444E-27 1.127E-03.07850.104   93.16550.780.000000          2 0 0          0 0 0 15  2 14       14  1 13      4465502332 6 2 4 0    31.0   29.0
 32 2161.378270 8.561E-26 5.470E-02.07980.100  194.42110.710.000000          2 0 0          0 0 0 13  6  7       14  6  8      3355504560 5 2 3 0    27.0   29.0
 32 2161.378270 8.561E-26 5.470E-02.07980.100  194.42110.710.000000          2 0 0          0 0 0 13  6  8       14  6  9      3355504560 5 2 3 0    27.0   29.0
 31 2161.387700 5.201E-26 1.663E-02.07250.096 1540.96370.810.000000          2 0 1          0 0 1 34  3 32       34  2 33      4445505069 8 2 4 0    69.0   69.0
 31 2161.388800 1.152E-25 3.283E-02.07600.097 1399.95070.780.000000          3 0 0          1 0 0 19  6 14       18  7 11      4465504969 6 2 4 0    39.0   37.0
 32 2161.409370 1.075E-25 4.259E-02.07820.105   63.10820.770.000000          2 0 0          0 0 0 11  0 11       12  1 12      3365504560 6 2 4 0    23.0   25.0
 31 2161.412900 2.066E-23 3.141E-01.06890.088  980.15580.760.000000          2 0 0          0 0 0 47  2 46       48  1 47      3445205061 8 2 1 0    95.0   97.0
 31 2161.420900 2.208E-26 5.456E-03.08180.100 1261.96970.770.000000          3 0 0          1 0 0 11  5  7       10  6  4      4465504969 6 2 4 0    23.0   21.0
 33 2161.430670 1.232E-26 2.917E-02.07040.087  652.71280.810.000000          2 0 0          0 0 0 32  9 23       33  8 26      4465502332 6 2 4 0    65.0   67.0
 32 2161.443020 6.570E-26 5.098E-02.07980.098  234.38020.710.000000          2 0 0          0 0 0 13  7  6       14  7  7      3355504560 5 2 3 0    27.0   29.0
 32 2161.443020 6.570E-26 5.098E-02.07980.098  234.38020.710.000000          2 0 0          0 0 0 13  7  7       14  7  8      3355504560 5 2 3 0    27.0   29.0
 31 2161.445500 1.020E-25 1.100E-03.07020.082  876.77070.84-.004266          1 0 1          0 0 0 40  9 32       41  7 35      3455505061 5 2 3 1    81.0   83.0
 33 2161.449250 5.834E-27 3.322E-03.08350.102   83.58030.770.000000          2 0 0          0 0 0  8  5  3        9  4  6      4465502332 6 2 4 0    17.0   19.0
 32 2161.449700 1.175E-25 4.695E-02.07520.103  173.48350.780.000000          2 0 0          0 0 0 19  2 18       20  1 19      3365504560 6 2 4 0    39.0   41.0
 31 2161.456200 4.258E-26 2.720E-02.07780.104 1518.78010.780.000000          2 2 0          0 2 0 15  2 14       16  1 15      4465504969 6 2 4 0    31.0   33.0
 31 2161.457200 3.491E-24 1.125E-01.06950.074 1101.94510.830.000000          2 0 0          0 0 0 40 11 29       39 12 28      3465505061 6 2 4 0    81.0   79.0
 31 2161.469300 1.628E-23 4.201E-01.06830.087 1105.59560.760.000000          2 0 0          0 0 0 51  1 51       52  0 52      3442205061 8 2 1 0   103.0  105.0
 33 2161.471400 3.624E-26 1.729E-02.07190.101  281.16150.790.000000          2 0 0          0 0 0 26  1 25       25  2 24      4465502332 6 2 4 0    53.0   51.0
 31 2161.485200 2.335E-24 7.844E-01.06800.098 1532.44540.810.000000          3 0 0          1 0 0 31  1 31       32  0 32      4465504969 6 2 4 0    63.0   65.0
 32 2161.489740 5.017E-27 2.055E-03.07380.102  208.03210.790.000000          2 0 0          0 0 0 22  0 22       22  1 21      3355504560 6 2 4 0    45.0   45.0
 32 2161.494180 2.266E-26 6.775E-02.06950.090  737.91810.830.000000          2 0 0          0 0 0 40  5 36       41  4 37      3365504560 6 2 4 0    81.0   83.0
 31 2161.498500 2.121E-26 5.058E-03.07340.095 1401.68770.790.000000          2 0 1          0 0 1 23  7 16       24  6 19      4465504969 6 2 4 0    47.0   49.0
 31 2161.500300 7.664E-26 3.822E-02.08230.111 1161.66740.760.000000          3 0 0          1 0 0  3  3  1        4  4  0      4455504969 7 2 4 0     7.0    9.0
 31 2161.503300 3.531E-25 4.147E-02.07050.102 1264.50590.790.000000          2 0 1          0 0 1 24  1 24       23  0 23      4465504969 6 2 4 0    49.0   47.0
 32 2161.511600 4.778E-26 4.637E-02.07980.096  280.40710.710.000000          2 0 0          0 0 0 13  8  5       14  8  6      3355504560 5 2 3 0    27.0   29.0
 32 2161.511600 4.778E-26 4.637E-02.07980.096  280.40710.710.000000          2 0 0          0 0 0 13  8  6       14  8  7      3355504560 5 2 3 0    27.0   29.0
 32 2161.515840 3.867E-26 3.913E-02.07110.094  456.66500.800.000000          2 0 0          0 0 0 30  5 26       29  6 23      3365504560 6 2 4 0    61.0   59.0
 32 2161.524290 3.867E-26 3.913E-02.07110.094  456.66460.800.000000          2 0 0          0 0 0 30  5 25       29  6 24      3365504560 6 2 4 0    61.0   59.0
 31 2161.532100 1.674E-23 2.097E-01.06930.089  931.41540.760.000000          2 0 0          0 0 0 45  3 43       46  2 44      3445205061 8 2 1 0    91.0   93.0
 33 2161.532620 4.042E-27 8.866E-03.07120.092  671.80230.820.000000          2 0 0          0 0 0 38  5 33       38  4 34      4445502332 8 2 4 0    77.0   77.0
 31 2161.544300 3.038E-26 7.561E-02.06870.073 2041.54430.760.000000          2 1 0          0 1 0 50  9 41       49 10 40      3445204969 8 2 1 0   101.0   99.0
 32 2161.547060 1.661E-25 6.485E-02.08000.105   77.24050.710.000000          2 0 0          0 0 0 12  1 11       13  1 12      3355504560 5 2 3 0    25.0   27.0
 31 2161.549300 2.422E-26 3.913E-03.07660.099 1260.92820.780.000000          2 0 1          0 0 1 17  6 11       18  5 14      4465504969 6 2 4 0    35.0   37.0
 32 2161.552630 1.899E-25 6.894E-02.07490.104  106.53420.780.000000          2 0 0          0 0 0 15  1 15       16  0 16      3365504560 6 2 4 0    31.0   33.0
 31 2161.557300 7.877E-26 2.765E-03.07270.099 1024.28370.790.000000          2 1 0          0 1 0 25  3 23       25  4 22      3455505069 6 2 4 0    51.0   51.0
 32 2161.564070 4.539E-27 1.746E-03.07870.105   74.20960.770.000000          2 0 0          0 0 0 12  1 12       12  2 11      3355504560 6 2 4 0    25.0   25.0
 33 2161.569100 2.429E-26 2.058E-02.07060.097  441.24720.810.000000          2 0 0          0 0 0 32  2 30       31  3 29      4465502332 6 2 4 0    65.0   63.0
 31 2161.581600 7.999E-26 2.393E-03.07450.097  983.16290.730.000000          1 1 1          0 1 0 24  6 19       23  4 20      3455504969 5 2 3 0    49.0   47.0
 32 2161.582270 3.273E-26 4.091E-02.07980.093  332.46560.710.000000          2 0 0          0 0 0 13  9  4       14  9  5      3355504560 5 2 3 0    27.0   29.0
 32 2161.582270 3.273E-26 4.091E-02.07980.093  332.46560.710.000000          2 0 0          0 0 0 13  9  5       14  9  6      3355504560 5 2 3 0    27.0   29.0
 31 2161.588900 4.197E-26 1.968E-03.06840.082 1228.49900.760.000000          2 0 0          0 0 0 51  5 47       51  6 46      3442205061 8 2 1 0   103.0  103.0
 32 2161.599770 8.004E-27 4.272E-03.07230.101  296.15270.790.000000          2 0 0          0 0 0 26  1 25       26  2 24      3355504560 6 2 4 0    53.0   53.0
 32 2161.602850 1.764E-25 6.542E-02.07780.105   82.47700.710.000000          2 0 0          0 0 0 13  0 13       14  0 14      3355504560 5 2 3 0    27.0   29.0
 31 2161.615500 4.449E-26 9.458E-03.07360.099 1438.29360.810.000000          2 0 1          0 0 1 31  1 30       31  0 31      4445504969 8 2 4 0    63.0   63.0
 31 2161.629500 4.431E-26 5.223E-05.07530.096  290.94150.73-.003012          1 0 1          0 0 0 21  7 14       22  5 17      3455505061 5 2 3 1    43.0   45.0
 31 2161.631700 2.703E-25 1.218E-02.07440.096 1049.93160.790.000000          2 1 0          0 1 0 22  6 16       21  7 15      3465505069 6 2 4 0    45.0   43.0
 31 2161.632800 3.971E-24 8.258E-03.07800.093  353.29250.780.000000          2 0 0          0 0 0 16  8  8       15  9  7      3465505061 6 2 4 0    33.0   31.0
 31 2161.638300 3.459E-26 3.467E-02.07030.089 1808.99080.830.000000          2 0 1          1 0 0 40  6 35       39  4 36      4455505069 5 2 3 0    81.0   79.0
 31 2161.639200 4.615E-24 1.810E-01.06850.099 1077.10440.800.000000          2 1 0          0 1 0 29  1 29       30  0 30      3465505069 6 2 4 0    59.0   61.0
 32 2161.641970 2.202E-26 6.808E-02.06960.088  739.62560.830.000000          2 0 0          0 0 0 39  6 34       38  7 31      3365504560 6 2 4 0    79.0   77.0
 32 2161.642540 3.727E-27 8.950E-03.09090.117   14.74400.760.000000          2 0 0          0 0 0  1  1  1        2  2  0      3365504560 6 2 4 0     3.0    5.0
 32 2161.647440 2.202E-26 6.808E-02.06960.088  739.62520.830.000000          2 0 0          0 0 0 39  6 33       38  7 32      3365504560 6 2 4 0    79.0   77.0
 32 2161.652330 2.095E-26 3.473E-02.07980.091  390.51620.710.000000          2 0 0          0 0 0 13 10  3       14 10  4      3355504560 5 2 3 0    27.0   29.0
 32 2161.652330 2.095E-26 3.473E-02.07980.091  390.51620.710.000000          2 0 0          0 0 0 13 10  4       14 10  5      3355504560 5 2 3 0    27.0   29.0
 31 2161.659500 1.483E-25 8.449E-02.07180.091 1620.50570.800.000000          3 0 0          1 0 0 28  7 21       27  8 20      4465504969 6 2 4 0    57.0   55.0
 31 2161.662800 3.316E-25 4.109E-02.07010.101 1283.74590.790.000000          2 0 1          0 0 1 25  0 25       24  1 24      4465504969 6 2 4 0    51.0   49.0
 31 2161.671000 3.407E-23 1.163E-01.06970.095  618.55450.820.000000          2 0 0          0 0 0 36  2 34       37  3 35      3465505061 6 2 4 0    73.0   75.0
 32 2161.681780 3.763E-27 9.037E-03.08950.117   14.74350.760.000000          2 0 0          0 0 0  1  1  0        2  2  1      3365504560 6 2 4 0     3.0    5.0
 31 2161.692800 2.623E-26 1.476E-03.07290.098 1177.47090.810.000000          2 1 0          0 1 0 33  1 33       33  2 32      3445505069 8 2 4 0    67.0   67.0
 31 2161.714600 3.578E-26 2.050E-02.07120.093 1683.52470.820.000000          2 0 1          0 0 1 38  4 35       38  3 36      4445504969 8 2 4 0    77.0   77.0
 32 2161.717330 1.203E-27 1.567E-03.06670.095  551.06970.820.000000          2 0 0          0 0 0 37  1 37       36  2 34      3365504560 6 2 4 0    75.0   73.0
 32 2161.717560 1.223E-26 2.767E-02.07980.088  454.51560.710.000000          2 0 0          0 0 0 13 11  2       14 11  3      3355504560 5 2 3 0    27.0   29.0
 32 2161.717560 1.223E-26 2.767E-02.07980.088  454.51560.710.000000          2 0 0          0 0 0 13 11  3       14 11  4      3355504560 5 2 3 0    27.0   29.0
 31 2161.719800 4.715E-26 2.111E-02.07180.094 1621.78190.820.000000          2 0 1          0 0 1 36  4 33       36  3 34      4445505069 8 2 4 0    73.0   73.0
 32 2161.721440 6.092E-28 4.764E-03.06890.087  976.97050.760.000000          2 0 0          0 0 0 49  2 48       48  3 45      3345204560 8 2 1 0    99.0   97.0
 31 2161.730700 5.564E-25 1.680E-02.08350.104  767.27870.770.000000          2 1 0          0 1 0  8  2  6        9  3  7      3465504969 6 2 4 0    17.0   19.0
 31 2161.733000 1.355E-25 5.166E-02.06950.083 1610.12890.830.000000          2 1 0          0 1 0 40  8 32       39  9 31      3465505069 6 2 4 0    81.0   79.0
 31 2161.758200 4.504E-26 1.376E-02.06970.086 1588.49150.760.000000          1 1 1          0 1 0 45  6 39       44  4 40      3445205069 8 2 1 0    91.0   89.0
 31 2161.759100 8.774E-26 2.842E-03.07940.100  891.57600.770.000000          2 1 0          0 1 0 14  5  9       13  6  8      3465504969 6 2 4 0    29.0   27.0
 31 2161.767300 2.419E-26 1.507E-03.07250.097 1204.39640.810.000000          2 1 0          0 1 0 34  0 34       34  1 33      3445505069 8 2 4 0    69.0   69.0
 31 2161.767600 5.307E-26 1.328E-03.06950.077 1069.24130.76-.004530          1 0 1          0 0 0 44 10 35       45  8 38      3445205061 8 2 1 1    89.0   91.0
 32 2161.770720 6.132E-27 1.949E-02.07980.085  524.41720.710.000000          2 0 0          0 0 0 13 12  1       14 12  2      3355504560 5 2 3 0    27.0   29.0
 32 2161.770720 6.132E-27 1.949E-02.07980.085  524.41720.710.000000          2 0 0          0 0 0 13 12  2       14 12  3      3355504560 5 2 3 0    27.0   29.0
 33 2161.770840 1.684E-26 8.649E-03.07870.100  172.16930.780.000000          2 0 0          0 0 0 14  6  8       15  5 11      4465502332 6 2 4 0    29.0   31.0
 33 2161.776580 1.943E-26 2.178E-02.07210.092  456.79970.800.000000          2 0 0          0 0 0 26  8 18       27  7 21      4465502332 6 2 4 0    53.0   55.0
 32 2161.790700 1.577E-25 6.400E-02.08050.104   85.16560.710.000000          2 0 0          0 0 0 12  2 10       13  2 11      3355504560 5 2 3 0    25.0   27.0
 31 2161.791000 1.027E-25 1.232E-02.08130.105 1073.99880.770.000000          2 0 1          0 0 1  9  2  7        8  1  8      4465504969 6 2 4 0    19.0   17.0
 32 2161.791140 3.464E-26 1.833E-02.07440.099  260.71410.790.000000          2 0 0          0 0 0 22  4 19       21  5 16      3365504560 6 2 4 0    45.0   43.0
 31 2161.793700 2.658E-26 1.985E-02.07070.092 1748.43910.830.000000          2 0 1          0 0 1 40  4 37       40  3 38      4445504969 8 2 4 0    81.0   81.0
 31 2161.794000 2.929E-23 3.022E-02.07340.101  281.83290.790.000000          2 0 0          0 0 0 23  2 22       24  3 21      3465505061 6 2 4 0    47.0   49.0
 32 2161.796450 2.262E-27 1.039E-02.07980.085  600.17080.710.000000          2 0 0          0 0 0 13 13  0       14 13  1      3352504560 5 2 3 0    27.0   29.0
 32 2161.796450 2.262E-27 1.039E-02.07980.085  600.17080.710.000000          2 0 0          0 0 0 13 13  1       14 13  2      3352504560 5 2 3 0    27.0   29.0
 32 2161.797220 8.402E-27 8.228E-02.06890.084 1014.73930.760.000000          2 0 0          0 0 0 47  6 42       48  5 43      3345204560 8 2 1 0    95.0   97.0
 31 2161.800700 3.425E-25 6.434E-02.08180.104 1186.77060.770.000000          3 0 0          1 0 0 10  2  8       11  3  9      4465504969 6 2 4 0    21.0   23.0
 31 2161.806900 7.616E-24 6.810E-02.07060.082  792.79420.810.000000          2 0 0          0 0 0 32 10 22       31 11 21      3465505061 6 2 4 0    65.0   63.0
 32 2161.807470 3.464E-26 1.833E-02.07440.099  260.71350.790.000000          2 0 0          0 0 0 22  4 18       21  5 17      3365504560 6 2 4 0    45.0   43.0
 31 2161.807500 6.062E-26 2.160E-02.07250.095 1563.22900.810.000000          2 0 1          0 0 1 34  4 31       34  3 32      4445504969 8 2 4 0    69.0   69.0
 31 2161.809100 6.118E-26 4.595E-05.07270.100  207.56230.73-.003012          1 0 1          0 0 0 22  4 19       22  0 22      3405505061 0 2 3 1    45.0   45.0
 31 2161.816400 7.218E-24 1.523E-02.07900.103  130.18220.760.000000          2 0 0          0 0 0  5  5  1        6  6  0      3455505061 7 2 4 0    11.0   13.0
 32 2161.820040 8.123E-26 4.507E-02.07250.100  296.15270.790.000000          2 0 0          0 0 0 25  3 23       26  2 24      3365504560 6 2 4 0    51.0   53.0
 31 2161.822900 4.407E-23 4.193E-02.07540.101  226.75500.780.000000          2 0 0          0 0 0 19  3 17       20  4 16      3465505061 6 2 4 0    39.0   41.0
 31 2161.823500 5.995E-26 1.982E-01.06780.067 2140.47060.760.000000          2 0 0          0 0 0 61 13 49       60 14 46      3442205061 8 2 1 0   123.0  121.0
 32 2161.824520 4.460E-27 1.781E-03.07940.105   64.70690.770.000000          2 0 0          0 0 0 11  1 11       11  2 10      3355504560 6 2 4 0    23.0   23.0
 33 2161.831600 1.903E-26 8.013E-03.07460.101  202.52390.780.000000          2 0 0          0 0 0 20  4 16       20  3 17      4455502332 6 2 4 0    41.0   41.0
 31 2161.835100 8.968E-24 3.162E-02.07340.088  543.18790.790.000000          2 0 0          0 0 0 24  9 15       23 10 14      3465505061 6 2 4 0    49.0   47.0
 31 2161.839800 8.541E-26 2.665E-03.07340.100  983.16290.790.000000          2 1 0          0 1 0 23  3 21       23  4 20      3455504969 6 2 4 0    47.0   47.0
 32 2161.840180 5.057E-27 3.199E-02.06910.087  920.45220.760.000000          2 0 0          0 0 0 46  4 42       47  3 45      3345204560 8 2 1 0    93.0   95.0
 31 2161.846500 7.035E-25 1.619E-01.06870.067 1551.68470.760.000000          2 0 0          0 0 0 50 12 38       49 13 37      3442205061 8 2 1 0   101.0   99.0
 31 2161.848100 1.888E-25 1.882E-02.07920.104 1122.76410.770.000000          2 0 1          0 0 1 14  2 13       13  1 12      4465504969 6 2 4 0    29.0   27.0
 33 2161.856610 1.133E-26 8.259E-03.07120.098  390.31670.800.000000          2 0 0          0 0 0 29  4 26       29  3 27      4455502332 6 2 4 0    59.0   59.0
 33 2161.858870 3.345E-27 2.160E-03.08730.105   19.86370.760.000000          2 0 0          0 0 0  5  3  3        4  2  2      4465502332 6 2 4 0    11.0    9.0
 31 2161.865100 4.095E-25 1.196E-03.06810.092  580.76420.79-.003870          1 0 1          0 0 0 35  6 29       35  4 32      3405505061 0 2 3 1    71.0   71.0
 32 2161.867120 1.238E-26 5.174E-03.07940.103  121.70860.770.000000          2 0 0          0 0 0 14  3 12       13  4  9      3365504560 6 2 4 0    29.0   27.0
 33 2161.867780 9.417E-27 8.235E-03.07360.097  441.24720.810.000000          2 0 0          0 0 0 31  4 28       31  3 29      4445502332 8 2 4 0    63.0   63.0
 33 2161.878060 1.165E-26 2.797E-02.06950.092  700.72490.830.000000          2 0 0          0 0 0 40  3 37       39  4 36      4465502332 6 2 4 0    81.0   79.0
 33 2161.878860 6.530E-27 3.525E-02.06960.081  851.60580.820.000000          2 0 0          0 0 0 37 10 28       38  9 29      4465502332 6 2 4 0    75.0   77.0
 33 2161.884280 2.230E-26 1.483E-02.07490.096  296.59360.790.000000          2 0 0          0 0 0 20  7 13       21  6 16      4465502332 6 2 4 0    41.0   43.0
 31 2161.890900 2.152E-24 5.288E-02.07460.102  905.94080.790.000000          2 1 0          0 1 0 20  1 19       21  2 20      3465504969 6 2 4 0    41.0   43.0
 33 2161.892670 6.550E-27 6.330E-03.07290.097  474.48490.810.000000          2 0 0          0 0 0 33  3 31       33  2 32      4445502332 8 2 4 0    67.0   67.0
 32 2161.893620 1.238E-26 5.174E-03.07940.103  121.70810.770.000000          2 0 0          0 0 0 14  3 11       13  4 10      3365504560 6 2 4 0    29.0   27.0
 32 2161.896520 7.844E-27 4.240E-02.06930.088  883.60500.760.000000          2 0 0          0 0 0 45  4 41       46  3 44      3345204560 8 2 1 0    91.0   93.0
 31 2161.907500 2.946E-26 3.917E-02.07010.088 1877.02370.850.000000          2 0 1          1 0 0 42  6 37       41  4 38      4455505069 5 2 3 0    85.0   83.0
 33 2161.913100 1.330E-26 8.250E-03.07200.099  342.65990.800.000000          2 0 0          0 0 0 27  4 24       27  3 25      4455502332 6 2 4 0    55.0   55.0
 31 2161.915800 2.837E-25 2.979E-02.07080.090 1293.13750.810.000000          2 1 0          0 1 0 31  7 25       30  8 22      3465505069 6 2 4 0    63.0   61.0
 31 2161.921300 2.819E-23 2.948E-02.08020.102  154.68840.770.000000          2 0 0          0 0 0 12  4  8       13  5  9      3465505061 6 2 4 0    25.0   27.0
 31 2161.924000 8.427E-26 2.673E-03.07410.097 1003.38970.740.000000          1 1 1          0 1 0 25  6 19       24  4 20      3455504969 5 2 3 0    51.0   49.0
 33 2161.931020 5.077E-26 1.896E-02.07090.102  205.89580.790.000000          2 0 0          0 0 0 23  1 23       22  0 22      4465502332 6 2 4 0    47.0   45.0
 31 2161.940200 2.356E-23 3.031E-01.06910.089  941.28630.760.000000          2 0 0          0 0 0 46  1 45       47  2 46      3445205061 8 2 1 0    93.0   95.0
 33 2161.950150 5.435E-27 3.556E-03.07400.099  374.91910.800.000000          2 0 0          0 0 0 30  1 29       30  0 30      4445502332 8 2 4 0    61.0   61.0
 32 2161.952280 1.764E-25 6.587E-02.07700.105   83.82870.710.000000          2 0 0          0 0 0 13  1 13       14  1 14      3355504560 5 2 3 0    27.0   29.0
 32 2161.958160 9.796E-27 4.543E-02.06950.089  847.50920.760.000000          2 0 0          0 0 0 44  4 40       45  3 43      3345204560 8 2 1 0    89.0   91.0
 33 2161.959850 7.665E-27 8.202E-03.07290.096  495.43100.810.000000          2 0 0          0 0 0 33  4 30       33  3 31      4445502332 8 2 4 0    67.0   67.0
 31 2161.968900 7.612E-26 2.201E-02.07320.096 1507.88490.810.000000          2 0 1          0 0 1 32  4 29       32  3 30      4445505069 8 2 4 0    65.0   65.0
 31 2161.978000 7.262E-26 1.491E-01.06960.084 1946.04690.820.000000          3 0 0          1 0 0 38  8 30       37  9 29      4465504969 6 2 4 0    77.0   75.0
 31 2161.982200 6.821E-24 1.903E-02.07070.094  582.60590.81-.003936          1 0 1          0 0 0 37  4 33       36  2 34      3455505061 5 2 3 1    75.0   73.0
 31 2161.993700 2.063E-26 2.594E-03.06560.092 1391.77040.850.000000          1 1 1          0 1 0 42  3 40       41  1 41      3455505069 5 2 3 0    85.0   83.0
 32 2161.997160 9.039E-26 3.752E-02.07920.105   53.89060.770.000000          2 0 0          0 0 0 10  0 10       11  1 11      3365504560 6 2 4 0    21.0   23.0
 31 2162.022200 2.426E-24 7.436E-01.06820.099 1506.85790.810.000000          3 0 0          1 0 0 30  0 30       31  1 31      4465504969 6 2 4 0    61.0   63.0
 33 2162.022670 1.525E-26 8.224E-03.07270.099  298.29590.790.000000          2 0 0          0 0 0 25  4 22       25  3 23      4455502332 6 2 4 0    51.0   51.0
 32 2162.023110 1.438E-25 6.279E-02.08050.104  100.15950.710.000000          2 0 0          0 0 0 12  3  9       13  3 10      3355504560 5 2 3 0    25.0   27.0
 31 2162.036500 1.226E-24 2.331E-01.07340.102 1346.02820.790.000000          3 0 0          1 0 0 22  1 21       23  2 22      4465504969 6 2 4 0    45.0   47.0
 31 2162.036600 3.937E-26 1.573E-02.07180.095 1598.30420.820.000000          2 0 1          0 0 1 36  3 34       36  2 35      4445505069 8 2 4 0    73.0   73.0
 32 2162.040850 1.442E-25 6.296E-02.08050.104  100.13120.710.000000          2 0 0          0 0 0 12  3 10       13  3 11      3355504560 5 2 3 0    25.0   27.0
 32 2162.047810 8.760E-27 4.387E-03.07270.101  275.01230.790.000000          2 0 0          0 0 0 25  1 24       25  2 23      3355504560 6 2 4 0    51.0   51.0
 32 2162.063190 4.340E-27 1.820E-03.08010.105   55.99210.770.000000          2 0 0          0 0 0 10  1 10       10  2  9      3355504560 6 2 4 0    21.0   21.0
 32 2162.066030 4.022E-28 1.648E-04.00000.102  208.03210.730.000000          2 0 0          0 0 0 22  1 22       22  1 21      3305504560 0 2 3 0    45.0   45.0
 31 2162.072200 9.041E-26 2.567E-03.07420.101  945.41190.790.000000          2 1 0          0 1 0 21  3 19       21  4 18      3455505069 6 2 4 0    43.0   43.0
 31 2162.073600 3.680E-26 2.867E-02.07440.101 1626.80140.790.000000          2 2 0          0 2 0 21  3 19       22  2 20      4465504969 6 2 4 0    43.0   45.0
 31 2162.078100 1.350E-25 2.678E-04.08350.091  229.94450.770.000000          2 0 0          0 0 0  9  7  3        8  8  0      3465505061 6 2 4 0    19.0   17.0
 32 2162.079840 1.187E-26 4.743E-02.06960.089  812.16660.840.000000          2 0 0          0 0 0 43  4 39       44  3 42      3365504560 6 2 4 0    87.0   89.0
 32 2162.081820 1.601E-26 7.232E-02.06960.088  837.40240.840.000000          2 0 0          0 0 0 43  5 38       44  4 41      3365504560 6 2 4 0    87.0   89.0
 31 2162.087100 2.501E-26 7.481E-02.06860.073 2083.29060.760.000000          2 1 0          0 1 0 51  9 43       50 10 40      3442204969 8 2 1 0   103.0  101.0
 32 2162.088040 1.246E-25 6.042E-02.08050.103  121.70860.710.000000          2 0 0          0 0 0 12  4  8       13  4  9      3355504560 5 2 3 0    25.0   27.0
 32 2162.088410 1.246E-25 6.042E-02.08050.103  121.70810.710.000000          2 0 0          0 0 0 12  4  9       13  4 10      3355504560 5 2 3 0    25.0   27.0
 32 2162.102800 1.597E-25 6.463E-02.08050.104   84.49900.710.000000          2 0 0          0 0 0 12  2 11       13  2 12      3355504560 5 2 3 0    25.0   27.0
 31 2162.108400 1.123E-25 3.367E-02.08430.114 1056.91150.760.000000          2 0 1          0 0 1  3  3  0        2  2  1      4455505069 7 2 4 0     7.0    5.0
 31 2162.113800 3.127E-24 1.159E-01.06950.073 1135.49770.830.000000          2 0 0          0 0 0 41 11 31       40 12 28      3465505061 6 2 4 0    83.0   81.0
 33 2162.121310 2.907E-27 4.140E-02.06960.075 1076.85330.840.000000          2 0 0          0 0 0 42 11 31       43 10 34      4465502332 6 2 4 0    85.0   87.0
 31 2162.127600 4.902E-26 1.582E-03.06870.083 1143.40520.760.000000          2 0 0          0 0 0 49  5 45       49  6 44      3445205061 8 2 1 0    99.0   99.0
 31 2162.136200 1.286E-25 3.770E-02.07540.096 1415.90500.780.000000          3 0 0          1 0 0 20  6 14       19  7 13      4465504969 6 2 4 0    41.0   39.0
 31 2162.140500 4.737E-24 1.714E-01.06880.100 1053.27650.800.000000          2 1 0          0 1 0 28  0 28       29  1 29      3465505069 6 2 4 0    57.0   59.0
 32 2162.141900 1.035E-25 5.743E-02.08050.102  149.43870.710.000000          2 0 0          0 0 0 12  5  7       13  5  8      3355504560 5 2 3 0    25.0   27.0
 32 2162.141910 1.035E-25 5.743E-02.08050.102  149.43870.710.000000          2 0 0          0 0 0 12  5  8       13  5  9      3355504560 5 2 3 0    25.0   27.0
 31 2162.143800 4.095E-26 1.248E-02.06950.087 1592.45910.760.000000          1 1 1          0 1 0 46  5 42       45  3 43      3445204969 8 2 1 0    93.0   91.0
 33 2162.143960 6.112E-27 8.160E-03.07220.095  552.84750.820.000000          2 0 0          0 0 0 35  4 32       35  3 33      4445502332 8 2 4 0    71.0   71.0
 33 2162.170230 1.706E-26 8.178E-03.07340.100  257.24240.790.000000          2 0 0          0 0 0 23  4 20       23  3 21      4455502332 6 2 4 0    47.0   47.0
 31 2162.176600 2.421E-26 4.350E-02.06990.087 1948.36280.860.000000          2 0 1          1 0 0 44  6 39       43  4 40      4455505069 5 2 3 0    89.0   87.0
 32 2162.182450 5.017E-27 3.731E-02.06890.087  958.04940.760.000000          2 0 0          0 0 0 47  4 43       48  3 46      3345204560 8 2 1 0    95.0   97.0
 31 2162.186100 5.132E-26 2.849E-04.06990.083  712.82220.820.000000          0 0 2          0 0 0 35 10 26       36  7 29      3465505061 6 2 4 0    71.0   73.0
 31 2162.193400 9.329E-26 2.231E-02.07400.097 1455.76860.800.000000          2 0 1          0 0 1 30  4 27       30  3 28      4445504969 8 2 4 0    61.0   61.0
 32 2162.199310 8.163E-26 5.340E-02.08050.100  183.29950.710.000000          2 0 0          0 0 0 12  6  6       13  6  7      3355504560 5 2 3 0    25.0   27.0
 32 2162.199310 8.163E-26 5.340E-02.08050.100  183.29950.710.000000          2 0 0          0 0 0 12  6  7       13  6  8      3355504560 5 2 3 0    25.0   27.0
 33 2162.204740 7.028E-27 2.318E-03.07710.104  119.64460.780.000000          2 0 0          0 0 0 17  2 16       16  1 15      4465502332 6 2 4 0    35.0   33.0
 31 2162.209600 3.227E-26 7.679E-03.08090.100 1271.20690.770.000000          3 0 0          1 0 0 12  5  7       11  6  6      4465504969 6 2 4 0    25.0   23.0
 32 2162.217480 5.734E-27 2.257E-03.07420.103  190.37190.790.000000          2 0 0          0 0 0 21  0 21       21  1 20      3355504560 6 2 4 0    43.0   43.0
 31 2162.218900 2.273E-26 3.506E-03.08180.102 1146.13400.770.000000          2 0 1          0 0 1 10  5  6       11  4  7      4465504969 6 2 4 0    21.0   23.0
 31 2162.220600 1.590E-25 2.317E-02.07340.100 1300.19940.790.000000          2 0 1          0 0 1 23  4 19       23  3 20      4455504969 6 2 4 0    47.0   47.0
 32 2162.221380 5.017E-26 5.297E-02.07040.096  478.34060.810.000000          2 0 0          0 0 0 32  4 29       33  3 30      3365504560 6 2 4 0    65.0   67.0
 32 2162.225480 3.763E-26 4.143E-02.07080.094  480.51430.810.000000          2 0 0          0 0 0 31  5 27       30  6 24      3365504560 6 2 4 0    63.0   61.0
 31 2162.234600 1.914E-23 4.124E-01.06840.087 1064.32400.760.000000          2 0 0          0 0 0 50  0 50       51  1 51      3442205061 8 2 1 0   101.0  103.0
 32 2162.237190 3.767E-26 4.147E-02.07080.094  480.51370.810.000000          2 0 0          0 0 0 31  5 26       30  6 25      3365504560 6 2 4 0    63.0   61.0
 31 2162.240200 1.555E-25 6.938E-02.06930.087 1666.33660.760.000000          2 1 0          0 1 0 45  5 41       46  4 42      3445204969 8 2 1 0    91.0   93.0
 31 2162.249000 4.638E-26 2.902E-03.07290.097 1199.22560.810.000000          2 1 0          0 1 0 33  2 32       33  3 31      3445505069 8 2 4 0    67.0   67.0
 33 2162.252350 5.595E-26 2.194E-02.07050.102  224.50640.790.000000          2 0 0          0 0 0 24  0 24       23  1 23      4465502332 6 2 4 0    49.0   47.0
 32 2162.261110 6.132E-26 4.872E-02.08050.098  223.25980.710.000000          2 0 0          0 0 0 12  7  5       13  7  6      3355504560 5 2 3 0    25.0   27.0
 32 2162.261110 6.132E-26 4.872E-02.08050.098  223.25980.710.000000          2 0 0          0 0 0 12  7  6       13  7  7      3355504560 5 2 3 0    25.0   27.0
 31 2162.264600 9.305E-26 2.465E-03.07500.101  911.02930.780.000000          2 1 0          0 1 0 19  3 17       19  4 16      3455505069 6 2 4 0    39.0   39.0
 32 2162.267310 1.414E-26 4.889E-02.06960.090  777.57890.840.000000          2 0 0          0 0 0 42  4 38       43  3 41      3365504560 6 2 4 0    85.0   87.0
 31 2162.268400 3.401E-24 2.354E-03.07630.101  171.50150.72-.002814          1 0 1          0 0 0 20  4 17       19  2 18      3455505061 5 2 3 1    41.0   39.0
 33 2162.277110 2.011E-26 7.996E-03.07550.102  169.53180.780.000000          2 0 0          0 0 0 18  4 14       18  3 15      4455502332 6 2 4 0    37.0   37.0
 32 2162.280050 4.181E-27 1.865E-03.08080.105   48.06630.770.000000          2 0 0          0 0 0  9  1  9        9  2  8      3355504560 6 2 4 0    19.0   19.0
 31 2162.284300 4.756E-26 1.983E-01.06780.067 2191.45660.760.000000          2 0 0          0 0 0 62 13 49       61 14 48      3442205061 8 2 1 0   125.0  123.0
 32 2162.302520 2.003E-26 7.026E-02.06950.087  770.61150.830.000000          2 0 0          0 0 0 40  6 35       39  7 32      3365504560 6 2 4 0    81.0   79.0
 32 2162.302960 7.406E-27 8.528E-02.06870.083 1052.25120.760.000000          2 0 0          0 0 0 48  6 42       49  5 45      3345204560 8 2 1 0    97.0   99.0
 32 2162.309940 2.003E-26 7.026E-02.06950.087  770.61100.830.000000          2 0 0          0 0 0 40  6 34       39  7 33      3365504560 6 2 4 0    81.0   79.0
 31 2162.312000 5.010E-26 9.778E-03.07400.099 1413.93420.800.000000          2 0 1          0 0 1 30  2 29       30  1 30      4445504969 8 2 4 0    61.0   61.0
 31 2162.313200 2.236E-26 6.988E-03.06970.089 1588.49150.840.000000          2 1 0          0 1 0 44  3 41       44  4 40      3445505069 8 2 4 0    89.0   89.0
 33 2162.323520 3.743E-27 2.331E-03.08440.102   76.04340.770.000000          2 0 0          0 0 0  7  5  3        8  4  4      4465502332 6 2 4 0    15.0   17.0
 32 2162.326310 4.340E-26 4.313E-02.08050.096  269.28720.710.000000          2 0 0          0 0 0 12  8  4       13  8  5      3355504560 5 2 3 0    25.0   27.0
 32 2162.326310 4.340E-26 4.313E-02.08050.096  269.28720.710.000000          2 0 0          0 0 0 12  8  5       13  8  6      3355504560 5 2 3 0    25.0   27.0
 33 2162.341020 1.862E-26 8.123E-03.07420.101  219.51500.790.000000          2 0 0          0 0 0 21  4 18       21  3 19      4455502332 6 2 4 0    43.0   43.0
 32 2162.341110 1.740E-25 6.614E-02.07840.105   71.57500.710.000000          2 0 0          0 0 0 12  0 12       13  0 13      3355504560 5 2 3 0    25.0   27.0
 31 2162.355100 1.471E-25 9.082E-02.07140.091 1644.00100.800.000000          3 0 0          1 0 0 29  7 23       28  8 20      4465504969 6 2 4 0    59.0   57.0
 31 2162.365100 1.230E-25 5.387E-02.06950.082 1643.56840.830.000000          2 1 0          0 1 0 41  8 34       40  9 31      3465504969 6 2 4 0    83.0   81.0
 31 2162.373000 2.902E-25 1.370E-02.07390.095 1068.34340.790.000000          2 1 0          0 1 0 23  6 18       22  7 15      3465504969 6 2 4 0    47.0   45.0
 32 2162.392810 2.875E-26 3.680E-02.08050.094  321.34570.710.000000          2 0 0          0 0 0 12  9  3       13  9  4      3355504560 5 2 3 0    25.0   27.0
 32 2162.392810 2.875E-26 3.680E-02.08050.094  321.34570.710.000000          2 0 0          0 0 0 12  9  4       13  9  5      3355504560 5 2 3 0    25.0   27.0
 32 2162.409220 1.629E-25 6.572E-02.08060.105   66.67460.710.000000          2 0 0          0 0 0 11  1 10       12  1 11      3355504560 5 2 3 0    23.0   25.0
 31 2162.416500 5.926E-25 1.640E-01.06860.067 1593.56470.760.000000          2 0 0          0 0 0 51 12 40       50 13 37      3442205061 8 2 1 0   103.0  101.0
 32 2162.421310 1.684E-25 6.158E-02.07570.104   94.13110.780.000000          2 0 0          0 0 0 14  1 14       15  0 15      3365504560 6 2 4 0    29.0   31.0
 31 2162.422900 4.915E-24 1.030E-02.07730.093  366.73680.780.000000          2 0 0          0 0 0 17  8 10       16  9  7      3465505061 6 2 4 0    35.0   33.0
 31 2162.423300 8.890E-26 3.005E-03.07370.096 1024.28370.740.000000          1 1 1          0 1 0 26  6 21       25  4 22      3455504969 5 2 3 0    53.0   51.0
 31 2162.425400 9.284E-26 2.357E-03.07590.102  880.01280.780.000000          2 1 0          0 1 0 17  3 15       17  4 14      3455505069 6 2 4 0    35.0   35.0
 33 2162.428580 4.758E-27 8.077E-03.07150.094  613.47610.820.000000          2 0 0          0 0 0 37  4 34       37  3 35      4445502332 8 2 4 0    75.0   75.0
 31 2162.433500 9.286E-26 2.757E-03.07380.100  963.91090.790.000000          2 1 0          0 1 0 22  3 19       22  4 18      3455504969 6 2 4 0    45.0   45.0
 33 2162.443480 1.292E-26 2.763E-02.07060.087  625.08330.810.000000          2 0 0          0 0 0 31  9 23       32  8 24      4465502332 6 2 4 0    63.0   65.0
 32 2162.449850 9.517E-27 4.495E-03.07300.101  254.68050.790.000000          2 0 0          0 0 0 24  1 23       24  2 22      3355504560 6 2 4 0    49.0   49.0
 31 2162.452700 9.482E-26 2.593E-03.07460.101  927.82090.780.000000          2 1 0          0 1 0 20  3 17       20  4 16      3455504969 6 2 4 0    41.0   41.0
 31 2162.457100 8.939E-26 2.953E-03.07300.100 1003.38970.790.000000          2 1 0          0 1 0 24  3 21       24  4 20      3455505069 6 2 4 0    49.0   49.0
 32 2162.457320 1.728E-26 2.933E-02.08050.091  379.39600.710.000000          2 0 0          0 0 0 12 10  2       13 10  3      3355504560 5 2 3 0    25.0   27.0
 32 2162.457320 1.728E-26 2.933E-02.08050.091  379.39600.710.000000          2 0 0          0 0 0 12 10  3       13 10  4      3355504560 5 2 3 0    25.0   27.0
 31 2162.466900 3.781E-23 1.016E-01.07000.096  557.54520.820.000000          2 0 0          0 0 0 34  2 32       35  3 33      3465505061 6 2 4 0    69.0   71.0
 31 2162.471400 1.114E-25 2.249E-02.07160.098 1406.89880.800.000000          2 0 1          0 0 1 28  4 25       28  3 26      4455504969 6 2 4 0    57.0   57.0
 32 2162.475070 3.926E-27 1.891E-03.08160.105   40.93040.770.000000          2 0 0          0 0 0  8  1  8        8  2  7      3355504560 6 2 4 0    17.0   17.0
 31 2162.476800 4.825E-26 1.672E-02.07000.096 1563.22900.820.000000          2 0 1          0 0 1 35  2 33       34  3 32      4465504969 6 2 4 0    71.0   69.0
 31 2162.504100 9.490E-26 2.453E-03.07550.102  895.10970.780.000000          2 1 0          0 1 0 18  3 15       18  4 14      3455505069 6 2 4 0    37.0   37.0
 31 2162.508600 2.936E-25 5.832E-02.08260.104 1177.53690.770.000000          3 0 0          1 0 0  9  2  8       10  3  7      4465504969 6 2 4 0    19.0   21.0
 31 2162.511800 4.722E-25 1.559E-02.08440.105  759.74440.770.000000          2 1 0          0 1 0  7  2  6        8  3  5      3465504969 6 2 4 0    15.0   17.0
 32 2162.514710 8.959E-27 2.076E-02.08050.088  443.39500.710.000000          2 0 0          0 0 0 12 11  1       13 11  2      3355504560 5 2 3 0    25.0   27.0
 32 2162.514710 8.959E-27 2.076E-02.08050.088  443.39500.710.000000          2 0 0          0 0 0 12 11  2       13 11  3      3355504560 5 2 3 0    25.0   27.0
 31 2162.515400 2.012E-26 3.840E-02.07040.096 1896.04970.810.000000          2 2 0          0 2 0 32  4 28       33  3 31      4465504969 6 2 4 0    65.0   67.0
 32 2162.520180 1.668E-26 5.012E-02.06950.091  743.74790.830.000000          2 0 0          0 0 0 41  4 37       42  3 40      3365504560 6 2 4 0    83.0   85.0
 31 2162.520200 7.285E-24 7.206E-02.07040.081  819.65940.810.000000          2 0 0          0 0 0 33 10 24       32 11 21      3465505061 6 2 4 0    67.0   65.0
 33 2162.521480 1.977E-26 8.047E-03.07500.101  185.12650.780.000000          2 0 0          0 0 0 19  4 16       19  3 17      4455502332 6 2 4 0    39.0   39.0
 31 2162.530500 8.483E-26 3.191E-03.07230.099 1046.26990.790.000000          2 1 0          0 1 0 26  3 23       26  4 22      3455505069 6 2 4 0    53.0   53.0
 31 2162.532900 1.997E-25 1.972E-02.07780.104 1147.36050.780.000000          2 0 1          0 0 1 16  2 15       15  1 14      4465504969 6 2 4 0    33.0   31.0
 32 2162.532960 3.655E-26 2.018E-02.07390.099  278.20720.790.000000          2 0 0          0 0 0 23  4 20       22  5 17      3365504560 6 2 4 0    47.0   45.0
 31 2162.538500 2.148E-26 4.862E-03.07390.095 1381.77150.790.000000          2 0 1          0 0 1 22  7 16       23  6 17      4465505069 6 2 4 0    45.0   47.0
 31 2162.539700 1.122E-25 3.602E-03.07870.100  903.29280.780.000000          2 1 0          0 1 0 15  5 11       14  6  8      3465505069 6 2 4 0    31.0   29.0
 33 2162.542340 6.192E-27 3.733E-03.07120.099  351.12730.800.000000          2 0 0          0 0 0 29  2 28       29  1 29      4455502332 6 2 4 0    59.0   59.0
 31 2162.546900 2.708E-26 4.320E-03.07730.099 1245.98060.780.000000          2 0 1          0 0 1 16  6 11       17  5 12      4465504969 6 2 4 0    33.0   35.0
 31 2162.552300 2.907E-26 3.214E-03.07120.095 1344.91070.820.000000          2 1 0          0 1 0 38  1 37       38  2 36      3445505069 8 2 4 0    77.0   77.0
 32 2162.555760 3.397E-27 1.106E-02.08050.085  513.29600.710.000000          2 0 0          0 0 0 12 12  0       13 12  1      3355504560 5 2 3 0    25.0   27.0
 32 2162.555760 3.397E-27 1.106E-02.08050.085  513.29600.710.000000          2 0 0          0 0 0 12 12  1       13 12  2      3355504560 5 2 3 0    25.0   27.0
 32 2162.556200 3.655E-26 2.018E-02.07390.099  278.20640.790.000000          2 0 0          0 0 0 23  4 19       22  5 18      3365504560 6 2 4 0    47.0   45.0
 31 2162.559300 9.027E-26 2.262E-03.07700.102  852.35970.780.000000          2 1 0          0 1 0 15  3 13       15  4 12      3455505069 6 2 4 0    31.0   31.0
 31 2162.573600 9.261E-26 2.327E-03.07640.102  865.76970.780.000000          2 1 0          0 1 0 16  3 13       16  4 12      3455504969 6 2 4 0    33.0   33.0
 32 2162.581430 6.650E-28 3.694E-04.08530.105   44.48450.770.000000          2 0 0          0 0 0  7  2  6        6  3  3      3365504560 6 2 4 0    15.0   13.0
 31 2162.592300 9.365E-24 3.501E-02.07290.088  563.34820.790.000000          2 0 0          0 0 0 25  9 17       24 10 14      3465505061 6 2 4 0    51.0   49.0
 32 2162.593750 7.446E-26 3.281E-02.08020.105   45.43640.770.000000          2 0 0          0 0 0  9  0  9       10  1 10      3365504560 6 2 4 0    19.0   21.0
 32 2162.598830 1.075E-25 4.191E-02.07580.103  157.37170.780.000000          2 0 0          0 0 0 18  2 17       19  1 18      3365504560 6 2 4 0    37.0   39.0
 31 2162.607200 2.747E-25 3.174E-02.07060.090 1319.07260.810.000000          2 1 0          0 1 0 32  7 25       31  8 24      3465505069 6 2 4 0    65.0   63.0
 33 2162.613440 2.031E-26 7.846E-03.07640.102  140.00150.780.000000          2 0 0          0 0 0 16  4 12       16  3 13      4455502332 6 2 4 0    33.0   33.0
 31 2162.615600 6.652E-26 1.555E-01.06960.083 1977.88350.830.000000          3 0 0          1 0 0 39  8 32       38  9 29      4465504969 6 2 4 0    79.0   77.0
 32 2162.625820 1.398E-27 1.626E-03.06700.096  522.09120.820.000000          2 0 0          0 0 0 36  1 36       35  2 33      3365504560 6 2 4 0    73.0   71.0
 31 2162.627100 2.523E-25 4.021E-02.07650.104 1204.49410.770.000000          3 0 0          1 0 0 13  1 13       14  2 12      4465504969 6 2 4 0    27.0   29.0
 32 2162.627280 6.610E-28 3.672E-04.08530.105   44.48420.770.000000          2 0 0          0 0 0  7  2  5        6  3  4      3365504560 6 2 4 0    15.0   13.0
 32 2162.629390 1.517E-26 6.265E-03.07870.102  132.83830.780.000000          2 0 0          0 0 0 15  3 13       14  4 10      3365504560 6 2 4 0    31.0   29.0
 31 2162.635200 2.176E-26 7.857E-02.06840.073 2125.86760.760.000000          2 1 0          0 1 0 52  9 43       51 10 42      3442204969 8 2 1 0   105.0  103.0
 31 2162.636100 6.616E-26 1.497E-03.06910.085 1061.68640.760.000000          2 0 0          0 0 0 47  5 43       47  6 42      3445205061 8 2 1 0    95.0   95.0
 31 2162.645700 1.419E-25 3.764E-04.07210.090  529.57660.77-.003606          1 0 1          0 0 0 30  8 23       31  6 26      3455505061 5 2 3 1    61.0   63.0
 32 2162.648260 3.608E-27 1.910E-03.08250.105   34.58520.770.000000          2 0 0          0 0 0  7  1  7        7  2  6      3355504560 6 2 4 0    15.0   15.0
 31 2162.654300 8.771E-26 2.211E-03.07750.103  839.79480.770.000000          2 1 0          0 1 0 14  3 11       14  4 10      3455505069 6 2 4 0    29.0   29.0
 31 2162.655100 3.080E-25 4.043E-02.06980.101 1303.32670.790.000000          2 0 1          0 0 1 26  1 26       25  0 25      4465504969 6 2 4 0    53.0   51.0
 31 2162.655900 9.120E-26 3.307E-03.07330.096 1046.26990.750.000000          1 1 1          0 1 0 27  6 21       26  4 22      3455504969 5 2 3 0    55.0   53.0
 31 2162.656800 7.943E-26 3.480E-03.07160.098 1092.56760.800.000000          2 1 0          0 1 0 28  3 25       28  4 24      3455504969 6 2 4 0    57.0   57.0
 32 2162.669220 1.517E-26 6.265E-03.07870.102  132.83740.780.000000          2 0 0          0 0 0 15  3 12       14  4 11      3365504560 6 2 4 0    31.0   29.0
 32 2162.669540 1.541E-25 6.466E-02.08120.105   74.70440.710.000000          2 0 0          0 0 0 11  2  9       12  2 10      3355504560 5 2 3 0    23.0   25.0
 31 2162.670200 8.412E-26 2.151E-03.07810.103  828.06690.770.000000          2 1 0          0 1 0 13  3 11       13  4 10      3455504969 6 2 4 0    27.0   27.0
 33 2162.676490 1.437E-26 7.464E-03.07940.100  159.60370.770.000000          2 0 0          0 0 0 13  6  8       14  5  9      4465502332 6 2 4 0    27.0   29.0
 31 2162.677300 5.386E-26 1.200E-02.07000.087 1514.15350.850.000000          1 1 1          0 1 0 43  6 37       42  4 38      3455504969 5 2 3 0    87.0   85.0
 32 2162.685670 1.736E-25 6.650E-02.07770.105   73.08800.710.000000          2 0 0          0 0 0 12  1 12       13  1 13      3355504560 5 2 3 0    25.0   27.0
 33 2162.686880 2.489E-27 1.389E-03.08630.105   24.03400.760.000000          2 0 0          0 0 0  6  3  3        5  2  4      4465502332 6 2 4 0    13.0   11.0
 31 2162.699800 4.800E-25 1.013E-03.07230.093  495.51740.77-.003672          1 0 1          0 0 0 32  6 27       32  4 28      3405505061 0 2 3 1    65.0   65.0
 33 2162.699930 2.031E-26 7.923E-03.07590.102  154.08710.780.000000          2 0 0          0 0 0 17  4 14       17  3 15      4455502332 6 2 4 0    35.0   35.0
 31 2162.707200 1.530E-25 2.719E-02.07050.099 1387.69620.800.000000          2 0 1          0 0 1 29  1 28       28  2 27      4465504969 6 2 4 0    59.0   57.0
 31 2162.733300 8.046E-26 2.108E-03.07870.103  817.18010.770.000000          2 1 0          0 1 0 12  3  9       12  4  8      3455505069 6 2 4 0    25.0   25.0
 31 2162.735300 3.747E-26 1.979E-01.06780.067 2243.26820.760.000000          2 0 0          0 0 0 63 13 51       62 14 48      3442205061 8 2 1 0   127.0  125.0
 31 2162.736400 4.321E-26 3.147E-02.08020.105 1444.76230.770.000000          2 2 0          0 2 0  9  1  9       10  0 10      4465504969 6 2 4 0    19.0   21.0
 31 2162.743200 3.530E-26 1.410E-03.06520.081 1195.21820.76-.004926          1 0 1          0 0 0 51  7 44       51  5 47      3402205061 0 2 1 1   103.0  103.0
 31 2162.748700 2.920E-26 1.485E-02.07120.094 1658.75440.820.000000          2 0 1          0 0 1 38  3 36       38  2 37      4445504969 8 2 4 0    77.0   77.0
 33 2162.751290 1.945E-26 2.032E-02.07250.092  434.18440.790.000000          2 0 0          0 0 0 25  8 18       26  7 19      4465502332 6 2 4 0    51.0   53.0
 31 2162.762600 2.792E-24 1.195E-01.06950.073 1169.88540.830.000000          2 0 0          0 0 0 42 11 31       41 12 30      3465505061 6 2 4 0    85.0   83.0
 31 2162.764200 7.533E-26 2.043E-03.07940.103  807.13150.770.000000          2 1 0          0 1 0 11  3  9       11  4  8      3455504969 6 2 4 0    23.0   23.0
 31 2162.764800 3.996E-26 2.298E-02.07150.092 1678.68290.820.000000          2 0 1          0 0 1 37  5 32       37  4 33      4445504969 8 2 4 0    75.0   75.0
 31 2162.765100 4.611E-26 1.112E-01.06810.081 2094.56500.760.000000          2 0 0          0 0 0 67  7 61       68  6 62      3442205061 8 2 1 0   135.0  137.0
 31 2162.782700 3.353E-26 3.792E-05.07580.096  272.42950.72-.002946          1 0 1          0 0 0 20  7 14       21  5 17      3455505061 5 2 3 1    41.0   43.0
 31 2162.789200 1.302E-25 2.265E-02.07230.099 1361.29330.790.000000          2 0 1          0 0 1 26  4 23       26  3 24      4455504969 6 2 4 0    53.0   53.0
 32 2162.795150 7.566E-28 5.008E-03.06910.088  938.24250.760.000000          2 0 0          0 0 0 48  2 47       47  3 44      3345204560 8 2 1 0    97.0   95.0
 31 2162.797400 1.459E-24 4.488E-01.07000.099 1500.55810.800.000000          3 0 0          1 0 0 29  2 28       30  1 29      4465504969 6 2 4 0    59.0   61.0
 31 2162.798200 2.520E-23 2.718E-02.08090.102  143.76010.770.000000          2 0 0          0 0 0 11  4  8       12  5  7      3465505061 6 2 4 0    23.0   25.0
 32 2162.799660 3.225E-27 1.918E-03.08340.105   29.03150.760.000000          2 0 0          0 0 0  6  1  6        6  2  5      3355504560 6 2 4 0    13.0   13.0
 31 2162.801700 6.562E-26 5.448E-05.07240.100  245.49830.73-.003144          1 0 1          0 0 0 24  4 21       24  0 24      3405505061 0 2 3 1    49.0   49.0
 32 2162.806310 1.019E-26 4.565E-03.07340.102  235.16080.790.000000          2 0 0          0 0 0 23  1 22       23  2 21      3355504560 6 2 4 0    47.0   47.0
 31 2162.810300 6.973E-26 1.980E-03.08010.103  797.92190.770.000000          2 1 0          0 1 0 10  3  7       10  4  6      3455504969 6 2 4 0    21.0   21.0
 31 2162.810500 2.348E-26 3.708E-01.06810.082 2433.30310.760.000000          3 0 0          1 0 0 53  6 48       54  5 49      4442204969 8 2 1 0   107.0  109.0
 31 2162.818600 6.504E-25 3.208E-01.07020.096 1623.87230.810.000000          3 0 0          1 0 0 33  3 31       34  2 32      4465504969 6 2 4 0    67.0   69.0
 33 2162.819060 3.624E-27 7.968E-03.07090.092  677.29720.830.000000          2 0 0          0 0 0 39  4 36       39  3 37      4445502332 8 2 4 0    79.0   79.0
 33 2162.823380 2.110E-26 1.356E-02.07540.096  279.00060.780.000000          2 0 0          0 0 0 19  7 13       20  6 14      4465502332 6 2 4 0    39.0   41.0
 31 2162.825000 7.335E-26 3.825E-03.07400.097 1142.30230.800.000000          2 1 0          0 1 0 30  3 27       30  4 26      3445504969 8 2 4 0    61.0   61.0
 32 2162.836240 1.947E-26 5.106E-02.06950.091  710.67550.830.000000          2 0 0          0 0 0 40  4 36       41  3 39      3365504560 6 2 4 0    81.0   83.0
 31 2162.842200 6.320E-26 1.905E-03.08080.103  789.55050.770.000000          2 1 0          0 1 0  9  3  7        9  4  6      3455504969 6 2 4 0    19.0   19.0
 33 2162.842480 5.256E-27 8.919E-03.07180.093  607.75570.820.000000          2 0 0          0 0 0 36  5 31       36  4 32      4445502332 8 2 4 0    73.0   73.0
 33 2162.854230 5.177E-27 6.211E-03.07220.096  530.69870.820.000000          2 0 0          0 0 0 35  3 33       35  2 34      4445502332 8 2 4 0    71.0   71.0
 31 2162.855000 2.931E-26 6.685E-03.07010.091 1514.15350.830.000000          2 1 0          0 1 0 42  3 39       42  4 38      3445504969 8 2 4 0    85.0   85.0
 32 2162.856320 1.394E-25 6.296E-02.08120.104   89.81030.710.000000          2 0 0          0 0 0 11  3  8       12  3  9      3355504560 5 2 3 0    23.0   25.0
 33 2162.864310 1.991E-26 7.711E-03.07750.103  113.90360.770.000000          2 0 0          0 0 0 14  4 10       14  3 11      4455502332 6 2 4 0    29.0   29.0
 31 2162.866900 1.835E-24 2.258E-03.06850.098  378.10640.77-.003540          1 0 1          0 0 0 31  2 29       30  0 30      3455505061 5 2 3 1    63.0   61.0
 33 2162.867130 2.031E-26 7.820E-03.07700.102  126.40390.780.000000          2 0 0          0 0 0 15  4 12       15  3 13      4455502332 6 2 4 0    31.0   31.0
 32 2162.867720 1.398E-25 6.314E-02.08120.104   89.79260.710.000000          2 0 0          0 0 0 11  3  9       12  3 10      3355504560 5 2 3 0    23.0   25.0
 31 2162.870500 6.397E-26 1.483E-03.06560.082 1071.00860.76-.004728          1 0 1          0 0 0 48  7 42       48  5 43      3405205061 0 2 1 1    97.0   97.0
 31 2162.877000 5.579E-26 1.812E-03.08160.104  782.01720.770.000000          2 1 0          0 1 0  8  3  5        8  4  4      3455504969 6 2 4 0    17.0   17.0
 31 2162.878900 1.409E-25 4.276E-02.07490.096 1432.69790.790.000000          3 0 0          1 0 0 21  6 16       20  7 13      4465504969 6 2 4 0    43.0   41.0
 31 2162.880500 5.668E-26 8.414E-05.07180.097  396.15710.800.000000          2 0 0          0 0 0 28  2 26       27  5 23      3465505061 6 2 4 0    57.0   55.0
 32 2162.881940 4.739E-28 1.867E-04.00000.103  190.37190.720.000000          2 0 0          0 0 0 21  1 21       21  1 20      3305504560 0 2 3 0    43.0   43.0
 31 2162.890400 4.150E-25 7.734E-04.08260.097  237.50750.770.000000          2 0 0          0 0 0 10  7  3        9  8  2      3465505061 6 2 4 0    21.0   19.0
 32 2162.893840 2.513E-26 6.568E-02.06950.091  704.83220.830.000000          2 0 0          0 0 0 39  5 35       40  4 36      3365504560 6 2 4 0    79.0   81.0
 31 2162.899700 1.176E-25 2.778E-02.08830.105 1059.40100.760.000000          2 0 1          0 0 1  4  3  2        3  2  1      4465504969 6 2 4 0     9.0    7.0
 31 2162.905400 4.753E-26 1.693E-03.08250.104  775.32160.770.000000          2 1 0          0 1 0  7  3  5        7  4  4      3455504969 6 2 4 0    15.0   15.0
 32 2162.909440 1.557E-25 6.519E-02.08120.105   74.20960.710.000000          2 0 0          0 0 0 11  2 10       12  2 11      3355504560 5 2 3 0    23.0   25.0
 31 2162.910300 4.350E-23 4.023E-02.07600.101  209.89360.780.000000          2 0 0          0 0 0 18  3 15       19  4 16      3465505061 6 2 4 0    37.0   39.0
 32 2162.912380 1.199E-25 6.014E-02.08120.103  111.37530.710.000000          2 0 0          0 0 0 11  4  7       12  4  8      3355504560 5 2 3 0    23.0   25.0
 32 2162.912580 1.199E-25 6.014E-02.08120.103  111.37510.710.000000          2 0 0          0 0 0 11  4  8       12  4  9      3355504560 5 2 3 0    23.0   25.0
 31 2162.914900 1.060E-25 9.930E-04.07030.083  842.29900.83-.004200          1 0 1          0 0 0 39  9 30       40  7 33      3455505061 5 2 3 1    79.0   81.0
 32 2162.918700 6.530E-27 2.485E-03.07460.103  173.48350.780.000000          2 0 0          0 0 0 20  0 20       20  1 19      3355504560 6 2 4 0    41.0   41.0
 31 2162.920100 1.901E-24 4.392E-02.07580.103  871.96010.780.000000          2 1 0          0 1 0 18  1 17       19  2 18      3465505069 6 2 4 0    37.0   39.0
 31 2162.921800 1.622E-24 1.116E-01.06810.084 1314.98160.760.000000          2 0 0          0 0 0 53  5 49       54  4 50      3442205061 8 2 1 0   107.0  109.0
 33 2162.924090 7.088E-27 3.372E-02.06970.082  819.80930.820.000000          2 0 0          0 0 0 36 10 26       37  9 29      4465502332 6 2 4 0    73.0   75.0
 32 2162.929300 2.775E-27 1.906E-03.08430.106   24.27000.760.000000          2 0 0          0 0 0  5  1  5        5  2  4      3355504560 6 2 4 0    11.0   11.0
 32 2162.930730 3.632E-26 4.371E-02.07060.093  505.16010.810.000000          2 0 0          0 0 0 32  5 28       31  6 25      3365504560 6 2 4 0    65.0   63.0
 31 2162.931700 4.547E-25 1.062E-03.07190.093  522.59390.78-.003738          1 0 1          0 0 0 33  6 27       33  4 30      3405505061 0 2 3 1    67.0   67.0
 31 2162.931800 3.821E-26 1.527E-03.08340.104  769.46350.760.000000          2 1 0          0 1 0  6  3  3        6  4  2      3455504969 6 2 4 0    13.0   13.0
 32 2162.944670 1.816E-26 7.089E-02.06960.089  802.42710.840.000000          2 0 0          0 0 0 42  5 37       43  4 40      3365504560 6 2 4 0    85.0   87.0
 32 2162.946820 3.636E-26 4.376E-02.07060.093  505.15920.810.000000          2 0 0          0 0 0 32  5 27       31  6 26      3365504560 6 2 4 0    65.0   63.0
 31 2162.950700 2.839E-25 3.972E-02.06940.101 1324.03790.800.000000          2 0 1          0 0 1 27  0 27       26  1 26      4465504969 6 2 4 0    55.0   53.0
 31 2162.954000 2.762E-26 1.273E-03.08430.104  764.44270.760.000000          2 1 0          0 1 0  5  3  3        5  4  2      3455504969 6 2 4 0    11.0   11.0
 32 2162.957450 1.816E-26 7.259E-02.06950.087  802.39240.830.000000          2 0 0          0 0 0 41  6 36       40  7 33      3365504560 6 2 4 0    83.0   81.0
 31 2162.959100 7.693E-24 6.710E-03.07140.102  228.73420.790.000000          2 0 0          0 0 0 21  1 21       22  2 20      3465505061 6 2 4 0    43.0   45.0
 31 2162.962100 2.953E-24 2.503E-03.07050.100  265.85790.74-.003210          1 0 1          0 0 0 26  3 24       25  1 25      3455505061 5 2 3 1    53.0   51.0
 32 2162.962900 9.835E-26 5.646E-02.08120.102  139.10990.710.000000          2 0 0          0 0 0 11  5  6       12  5  7      3355504560 5 2 3 0    23.0   25.0
 32 2162.962900 9.835E-26 5.646E-02.08120.102  139.10990.710.000000          2 0 0          0 0 0 11  5  7       12  5  8      3355504560 5 2 3 0    23.0   25.0
 32 2162.967420 1.816E-26 7.259E-02.06950.087  802.39160.830.000000          2 0 0          0 0 0 41  6 35       40  7 34      3365504560 6 2 4 0    83.0   81.0
 31 2162.977300 4.958E-25 1.658E-01.06840.067 1636.27600.760.000000          2 0 0          0 0 0 52 12 40       51 13 39      3442205061 8 2 1 0   105.0  103.0
 31 2162.986200 1.102E-25 5.571E-02.06950.082 1677.84210.830.000000          2 1 0          0 1 0 42  8 34       41  9 33      3465505069 6 2 4 0    85.0   83.0
 31 2162.988400 3.417E-26 8.771E-03.07290.098 1489.45770.810.000000          2 0 1          0 0 1 33  1 32       33  0 33      4445504969 8 2 4 0    67.0   67.0
 33 2162.990560 1.189E-26 4.070E-03.07580.103  149.43000.780.000000          2 0 0          0 0 0 19  2 18       18  1 17      4465502332 6 2 4 0    39.0   37.0
 31 2162.994000 4.425E-26 1.025E-02.08020.100 1281.28370.770.000000          3 0 0          1 0 0 13  5  9       12  6  6      4465504969 6 2 4 0    27.0   25.0
 31 2162.996000 1.721E-25 2.282E-02.07420.101 1262.36950.790.000000          2 0 1          0 0 1 21  4 17       21  3 18      4455504969 6 2 4 0    43.0   43.0
 31 2163.004200 2.238E-23 4.043E-01.06860.087 1023.82970.760.000000          2 0 0          0 0 0 49  1 49       50  0 50      3445205061 8 2 1 0    99.0  101.0
 31 2163.012400 2.831E-26 7.479E-03.06950.088 1562.85800.760.000000          1 1 1          0 1 0 46  4 43       45  2 44      3445205069 8 2 1 0    93.0   91.0
 31 2163.013900 6.682E-26 4.236E-03.07320.096 1195.49690.810.000000          2 1 0          0 1 0 32  3 29       32  4 28      3445505069 8 2 4 0    65.0   65.0
 33 2163.016510 1.953E-26 7.672E-03.07810.103  102.08080.770.000000          2 0 0          0 0 0 13  4 10       13  3 11      4455502332 6 2 4 0    27.0   27.0
 32 2163.017650 7.645E-26 5.174E-02.08120.100  172.97270.710.000000          2 0 0          0 0 0 11  6  5       12  6  6      3355504560 5 2 3 0    23.0   25.0
 32 2163.017650 7.645E-26 5.174E-02.08120.100  172.97270.710.000000          2 0 0          0 0 0 11  6  6       12  6  7      3355504560 5 2 3 0    23.0   25.0
 31 2163.032600 4.113E-26 2.351E-03.06830.082 1272.87770.760.000000          2 0 0          0 0 0 52  5 47       52  6 46      3442205061 8 2 1 0   105.0  105.0
 31 2163.033000 2.696E-23 2.946E-01.06930.090  903.01720.760.000000          2 0 0          0 0 0 45  2 44       46  1 45      3445205061 8 2 1 0    91.0   93.0
 32 2163.037230 2.258E-27 1.859E-03.08530.106   20.30120.760.000000          2 0 0          0 0 0  4  1  4        4  2  3      3355504560 6 2 4 0     9.0    9.0
 31 2163.039500 2.639E-25 2.992E-01.06950.092 1828.94430.830.000000          3 0 0          1 0 0 39  4 36       40  3 37      4465504969 6 2 4 0    79.0   81.0
 31 2163.045600 1.448E-25 9.739E-02.07110.090 1668.33260.800.000000          3 0 0          1 0 0 30  7 23       29  8 22      4465504969 6 2 4 0    61.0   59.0
 33 2163.050360 1.879E-26 7.562E-03.07870.103   91.21320.770.000000          2 0 0          0 0 0 12  4  8       12  3  9      4455502332 6 2 4 0    25.0   25.0
 31 2163.051800 2.529E-24 7.105E-01.06850.099 1481.87740.800.000000          3 0 0          1 0 0 29  1 29       30  0 30      4465504969 6 2 4 0    59.0   61.0
 32 2163.076740 5.575E-26 4.582E-02.08120.098  212.93390.710.000000          2 0 0          0 0 0 11  7  4       12  7  5      3355504560 5 2 3 0    23.0   25.0
 32 2163.076740 5.575E-26 4.582E-02.08120.098  212.93390.710.000000          2 0 0          0 0 0 11  7  5       12  7  6      3355504560 5 2 3 0    23.0   25.0
 32 2163.089250 1.700E-25 6.690E-02.07910.105   61.42830.710.000000          2 0 0          0 0 0 11  0 11       12  0 12      3355504560 5 2 3 0    23.0   25.0
 33 2163.090350 2.489E-27 5.535E-03.07070.094  684.75300.830.000000          2 0 0          0 0 0 40  2 38       40  1 39      4445502332 8 2 4 0    81.0   81.0
 31 2163.091000 8.536E-26 1.378E-03.06950.086  983.34550.760.000000          2 0 0          0 0 0 45  5 41       45  6 40      3445205061 8 2 1 0    91.0   91.0
 31 2163.104500 1.112E-24 1.937E-01.07460.102 1308.63930.790.000000          3 0 0          1 0 0 20  1 19       21  2 20      4465504969 6 2 4 0    41.0   43.0
 31 2163.110800 5.764E-24 2.082E-02.07040.092  646.17380.82-.004068          1 0 1          0 0 0 39  4 35       38  2 36      3455505061 5 2 3 1    79.0   77.0
 31 2163.110900 3.061E-25 1.523E-02.07340.095 1087.59260.790.000000          2 1 0          0 1 0 24  6 18       23  7 17      3465504969 6 2 4 0    49.0   47.0
 32 2163.117400 9.636E-27 8.004E-02.06910.085  976.24900.760.000000          2 0 0          0 0 0 46  6 41       47  5 42      3345204560 8 2 1 0    93.0   95.0
 32 2163.117860 1.079E-26 4.611E-03.07380.102  216.45660.790.000000          2 0 0          0 0 0 22  1 21       22  2 20      3355504560 6 2 4 0    45.0   45.0
 32 2163.123500 1.668E-27 1.739E-03.08640.106   17.12550.760.000000          2 0 0          0 0 0  3  1  3        3  2  2      3355504560 6 2 4 0     7.0    7.0
 31 2163.131600 2.075E-25 2.094E-02.07650.103 1175.26340.780.000000          2 0 1          0 0 1 18  2 17       17  1 16      4465505069 6 2 4 0    37.0   35.0
 31 2163.133300 1.476E-25 2.262E-02.07300.100 1318.96850.790.000000          2 0 1          0 0 1 24  4 21       24  3 22      4455504969 6 2 4 0    49.0   49.0
 32 2163.138810 3.811E-26 3.918E-02.08120.096  258.96150.710.000000          2 0 0          0 0 0 11  8  3       12  8  4      3355504560 5 2 3 0    23.0   25.0
 32 2163.138810 3.811E-26 3.918E-02.08120.096  258.96150.710.000000          2 0 0          0 0 0 11  8  4       12  8  5      3355504560 5 2 3 0    23.0   25.0
 33 2163.144160 1.786E-26 7.439E-03.07940.103   81.11940.770.000000          2 0 0          0 0 0 11  4  8       11  3  9      4455502332 6 2 4 0    23.0   23.0
 32 2163.150970 7.964E-26 4.155E-02.07290.100  275.01230.790.000000          2 0 0          0 0 0 24  3 22       25  2 23      3365504560 6 2 4 0    49.0   51.0
 31 2163.151100 3.509E-26 1.623E-03.07360.098 1124.23960.810.000000          2 1 0          0 1 0 31  1 31       31  2 30      3445505069 8 2 4 0    63.0   63.0
 31 2163.158200 6.831E-24 1.345E-01.06890.087 1032.97210.760.000000          2 0 0          0 0 0 47  4 44       48  3 45      3445205061 8 2 1 0    95.0   97.0
 31 2163.164400 5.478E-26 2.133E-03.06860.082 1185.90060.760.000000          2 0 0          0 0 0 50  5 45       50  6 44      3445205061 8 2 1 0   101.0  101.0
 31 2163.181200 3.697E-26 6.274E-03.07070.092 1443.34730.830.000000          2 1 0          0 1 0 40  3 37       40  4 36      3445504969 8 2 4 0    81.0   81.0
 33 2163.187890 1.666E-26 7.268E-03.08010.103   71.91060.770.000000          2 0 0          0 0 0 10  4  6       10  3  7      4455502332 6 2 4 0    21.0   21.0
 32 2163.188160 9.716E-28 1.402E-03.08750.117   14.74350.760.000000          2 0 0          0 0 0  2  1  2        2  2  1      3355504560 6 2 4 0     5.0    5.0
 31 2163.188400 5.969E-26 4.696E-03.07250.095 1252.17640.810.000000          2 1 0          0 1 0 34  3 31       34  4 30      3445504969 8 2 4 0    69.0   69.0
 33 2163.192520 2.011E-27 1.400E-03.08530.102   69.34480.770.000000          2 0 0          0 0 0  6  5  1        7  4  4      4465502332 6 2 4 0    13.0   15.0
 33 2163.194510 2.947E-27 3.965E-02.06870.084 1100.44540.760.000000          2 0 0          0 0 0 50  4 46       49  5 45      3445202332 8 2 1 0   101.0   99.0
 31 2163.199100 1.048E-25 4.092E-03.07300.095 1068.77420.750.000000          1 1 1          0 1 0 28  6 23       27  4 24      3455504969 5 2 3 0    57.0   55.0
 33 2163.201220 3.245E-27 3.978E-02.06950.076 1040.89940.830.000000          2 0 0          0 0 0 41 11 31       42 10 32      4465502332 6 2 4 0    83.0   85.0
 32 2163.201330 6.013E-26 2.854E-02.08130.106   37.74660.770.000000          2 0 0          0 0 0  8  0  8        9  1  9      3365504560 6 2 4 0    17.0   19.0
 32 2163.201360 2.365E-26 3.132E-02.08120.094  311.01990.710.000000          2 0 0          0 0 0 11  9  2       12  9  3      3355504560 5 2 3 0    23.0   25.0
 32 2163.201360 2.365E-26 3.132E-02.08120.094  311.01990.710.000000          2 0 0          0 0 0 11  9  3       12  9  4      3355504560 5 2 3 0    23.0   25.0
 31 2163.204300 4.875E-24 1.634E-01.06910.100 1030.02420.800.000000          2 1 0          0 1 0 27  1 27       28  0 28      3465505069 6 2 4 0    55.0   57.0
 31 2163.209100 5.850E-24 1.243E-02.07660.092  381.02110.780.000000          2 0 0          0 0 0 18  8 10       17  9  9      3465505061 6 2 4 0    37.0   35.0
 32 2163.212480 2.250E-26 5.172E-02.06950.092  678.36350.830.000000          2 0 0          0 0 0 39  4 35       40  3 38      3365504560 6 2 4 0    79.0   81.0
 31 2163.226900 6.892E-24 7.579E-02.07020.081  847.36200.810.000000          2 0 0          0 0 0 34 10 24       33 11 23      3465505061 6 2 4 0    69.0   67.0
 31 2163.247400 6.044E-26 1.616E-01.06950.083 2010.55280.830.000000          3 0 0          1 0 0 40  8 32       39  9 31      4465504969 6 2 4 0    81.0   79.0
 33 2163.248490 1.527E-26 7.069E-03.08080.103   63.51880.770.000000          2 0 0          0 0 0  9  4  6        9  3  7      4455502332 6 2 4 0    19.0   19.0
 31 2163.259600 4.135E-23 8.912E-02.07040.097  499.79020.810.000000          2 0 0          0 0 0 32  2 30       33  3 31      3465505061 6 2 4 0    65.0   67.0
 32 2163.260620 1.266E-26 2.223E-02.08120.091  369.06990.710.000000          2 0 0          0 0 0 11 10  1       12 10  2      3355504560 5 2 3 0    23.0   25.0
 32 2163.260620 1.266E-26 2.223E-02.08120.091  369.06990.710.000000          2 0 0          0 0 0 11 10  2       12 10  3      3355504560 5 2 3 0    23.0   25.0
 31 2163.270500 9.496E-26 4.022E-03.07260.095 1092.56760.760.000000          1 1 1          0 1 0 29  6 23       28  4 24      3455504969 5 2 3 0    59.0   57.0
 32 2163.270560 1.577E-25 6.651E-02.08130.105   56.91300.710.000000          2 0 0          0 0 0 10  1  9       11  1 10      3355504560 5 2 3 0    21.0   23.0
 32 2163.271260 3.807E-26 2.205E-02.07340.098  296.49770.790.000000          2 0 0          0 0 0 24  4 21       23  5 18      3365504560 6 2 4 0    49.0   47.0
 31 2163.288800 6.001E-26 5.297E-05.08180.104   83.67700.770.000000          2 0 0          0 0 0 10  0 10       11  3  9      3465505061 6 2 4 0    21.0   23.0
 33 2163.288850 1.360E-26 6.783E-03.08160.104   55.98120.770.000000          2 0 0          0 0 0  8  4  4        8  3  5      4455502332 6 2 4 0    17.0   17.0
 31 2163.293700 2.639E-25 3.371E-02.07040.089 1345.84400.810.000000          2 1 0          0 1 0 33  7 27       32  8 24      3465505069 6 2 4 0    67.0   65.0
 32 2163.303840 1.003E-27 1.447E-03.08750.117   14.74400.760.000000          2 0 0          0 0 0  2  1  1        2  2  0      3355504560 6 2 4 0     5.0    5.0
 32 2163.303850 3.811E-26 2.207E-02.07340.098  296.49630.790.000000          2 0 0          0 0 0 24  4 20       23  5 19      3365504560 6 2 4 0    49.0   47.0
 32 2163.303930 1.473E-25 5.471E-02.07650.105   82.47700.770.000000          2 0 0          0 0 0 13  1 13       14  0 14      3365504560 6 2 4 0    27.0   29.0
 31 2163.305800 5.241E-26 5.222E-03.07180.094 1312.36560.820.000000          2 1 0          0 1 0 36  3 33       36  4 32      3445504969 8 2 4 0    73.0   73.0
 31 2163.310400 2.712E-24 9.935E-02.07090.100 1048.25970.800.000000          2 1 0          0 1 0 27  2 26       28  1 27      3465504969 6 2 4 0    55.0   57.0
 32 2163.310490 4.938E-27 1.184E-02.08120.088  433.06840.710.000000          2 0 0          0 0 0 11 11  0       12 11  1      3355504560 5 2 3 0    23.0   25.0
 32 2163.310490 4.938E-27 1.184E-02.08120.088  433.06840.710.000000          2 0 0          0 0 0 11 11  1       12 11  2      3355504560 5 2 3 0    23.0   25.0
 31 2163.313500 1.386E-25 4.446E-03.07800.099  915.84710.780.000000          2 1 0          0 1 0 16  5 11       15  6 10      3465504969 6 2 4 0    33.0   31.0
 31 2163.316900 6.378E-26 1.723E-03.06890.084 1102.35930.760.000000          2 0 0          0 0 0 48  5 43       48  6 42      3445205061 8 2 1 0    97.0   97.0
 33 2163.317420 2.708E-27 7.852E-03.07040.091  744.29210.830.000000          2 0 0          0 0 0 41  4 38       41  3 39      4445502332 8 2 4 0    83.0   83.0
 31 2163.318600 4.454E-26 5.735E-03.07120.093 1376.08500.820.000000          2 1 0          0 1 0 38  3 35       38  4 34      3445504969 8 2 4 0    77.0   77.0
 33 2163.329730 1.167E-26 6.386E-03.08250.104   49.27670.770.000000          2 0 0          0 0 0  7  4  4        7  3  5      4455502332 6 2 4 0    15.0   15.0
 31 2163.335500 4.910E-25 1.164E-02.07820.105  779.42300.770.000000          2 1 0          0 1 0 11  1 11       12  2 10      3465505069 6 2 4 0    23.0   25.0
 31 2163.344400 9.651E-24 3.848E-02.07250.087  584.34760.790.000000          2 0 0          0 0 0 26  9 17       25 10 16      3465505061 6 2 4 0    53.0   51.0
 32 2163.349150 1.310E-27 6.601E-04.08440.105   50.04680.770.000000          2 0 0          0 0 0  8  2  7        7  3  4      3365504560 6 2 4 0    17.0   15.0
 31 2163.349500 5.961E-26 3.051E-03.07360.098 1144.97720.810.000000          2 1 0          0 1 0 31  2 30       31  3 29      3445504969 8 2 4 0    63.0   63.0
 32 2163.353320 1.776E-27 1.852E-03.08640.106   17.12810.760.000000          2 0 0          0 0 0  3  1  2        3  2  1      3355504560 6 2 4 0     7.0    7.0
 32 2163.359920 8.521E-27 8.295E-02.06890.084 1013.22260.760.000000          2 0 0          0 0 0 47  6 41       48  5 44      3345204560 8 2 1 0    95.0   97.0
 33 2163.361520 9.457E-27 5.803E-03.08340.104   43.41460.760.000000          2 0 0          0 0 0  6  4  2        6  3  3      4455502332 6 2 4 0    13.0   13.0
 31 2163.363000 3.876E-26 9.044E-03.07320.098 1463.53190.810.000000          2 0 1          0 0 1 32  2 31       32  1 32      4445504969 8 2 4 0    65.0   65.0
 32 2163.385380 1.127E-26 4.622E-03.07420.102  198.57070.790.000000          2 0 0          0 0 0 21  1 20       21  2 19      3355504560 6 2 4 0    43.0   43.0
 32 2163.388150 1.804E-26 7.422E-03.07800.102  144.76480.780.000000          2 0 0          0 0 0 16  3 14       15  4 11      3365504560 6 2 4 0    33.0   31.0
 33 2163.389220 6.869E-27 4.861E-03.08430.104   38.38990.760.000000          2 0 0          0 0 0  5  4  2        5  3  3      4455502332 6 2 4 0    11.0   11.0
 31 2163.395400 6.309E-26 1.045E-02.07020.088 1443.34730.840.000000          1 1 1          0 1 0 41  6 35       40  4 36      3455504969 5 2 3 0    83.0   81.0
 31 2163.403300 2.467E-24 1.225E-01.06960.072 1205.10790.840.000000          2 0 0          0 0 0 43 11 33       42 12 30      3465505061 6 2 4 0    87.0   85.0
 33 2163.411340 3.823E-27 3.240E-03.08530.104   34.20390.760.000000          2 0 0          0 0 0  4  4  0        4  3  1      4455502332 6 2 4 0     9.0    9.0
 32 2163.416860 2.509E-27 2.067E-03.08530.106   20.30890.760.000000          2 0 0          0 0 0  4  1  3        4  2  2      3355504560 6 2 4 0     9.0    9.0
 31 2163.420600 3.980E-25 1.469E-02.08530.105  753.04430.770.000000          2 1 0          0 1 0  6  2  4        7  3  5      3465504969 6 2 4 0    13.0   15.0
 33 2163.421220 5.973E-26 2.471E-02.07010.101  243.48820.790.000000          2 0 0          0 0 0 25  1 25       24  0 24      4465502332 6 2 4 0    51.0   49.0
 32 2163.423190 1.692E-25 6.716E-02.07850.105   63.10820.710.000000          2 0 0          0 0 0 11  1 11       12  1 12      3355504560 5 2 3 0    23.0   25.0
 32 2163.425670 1.306E-27 6.582E-04.08440.105   50.04600.770.000000          2 0 0          0 0 0  8  2  6        7  3  5      3365504560 6 2 4 0    17.0   15.0
 31 2163.430800 5.919E-26 1.263E-03.06990.078 1031.44470.86-.004464          1 0 1          0 0 0 43 10 33       44  8 36      3455505061 5 2 3 1    87.0   89.0
 32 2163.446460 1.804E-26 7.422E-03.07800.102  144.76330.780.000000          2 0 0          0 0 0 16  3 13       15  4 12      3365504560 6 2 4 0    33.0   31.0
 31 2163.447000 3.036E-23 2.831E-01.06950.090  865.74440.760.000000          2 0 0          0 0 0 44  1 43       45  2 44      3445205061 8 2 1 0    89.0   91.0
 33 2163.448290 1.346E-26 2.612E-02.07080.088  598.29140.810.000000          2 0 0          0 0 0 30  9 21       31  8 24      4465502332 6 2 4 0    61.0   63.0
 33 2163.469760 4.081E-26 2.242E-02.07090.100  324.73620.800.000000          2 0 0          0 0 0 28  1 27       27  2 26      4465502332 6 2 4 0    57.0   55.0
 31 2163.470200 7.897E-25 9.721E-04.07080.096  378.10640.810.000000          0 0 2          0 0 0 31  5 27       30  0 30      3465505061 6 2 4 0    63.0   61.0
 31 2163.483600 2.533E-25 5.403E-02.08350.104 1169.13190.770.000000          3 0 0          1 0 0  8  2  6        9  3  7      4465504969 6 2 4 0    17.0   19.0
 31 2163.489400 1.637E-25 2.260E-02.07380.100 1279.93890.790.000000          2 0 1          0 0 1 22  4 19       22  3 20      4455504969 6 2 4 0    45.0   45.0
 32 2163.492360 3.241E-27 2.227E-03.08430.106   24.28790.760.000000          2 0 0          0 0 0  5  1  4        5  2  3      3355504560 6 2 4 0    11.0   11.0
 31 2163.493900 2.605E-24 6.745E-01.06880.100 1457.89710.800.000000          3 0 0          1 0 0 28  0 28       29  1 29      4465504969 6 2 4 0    57.0   59.0
 31 2163.500600 1.070E-25 1.256E-03.06990.087  908.38410.840.000000          2 0 0          0 0 0 43  5 39       43  6 38      3445505061 8 2 4 0    87.0   87.0
 31 2163.511400 2.127E-26 1.401E-02.07070.093 1722.30700.830.000000          2 0 1          0 0 1 40  3 38       40  2 39      4445505069 8 2 4 0    81.0   81.0
 32 2163.516690 1.625E-27 1.696E-03.06720.096  493.87370.820.000000          2 0 0          0 0 0 35  1 35       34  2 32      3365504560 6 2 4 0    71.0   69.0
 31 2163.516900 8.279E-26 1.581E-03.06930.085 1022.23990.760.000000          2 0 0          0 0 0 46  5 41       46  6 40      3445205061 8 2 1 0    93.0   93.0
 31 2163.523700 2.578E-26 4.091E-03.07800.099 1231.87520.780.000000          2 0 1          0 0 1 15  6  9       16  5 12      4465504969 6 2 4 0    31.0   33.0
 31 2163.528900 4.127E-25 1.674E-01.06830.067 1679.81810.760.000000          2 0 0          0 0 0 53 12 42       52 13 39      3442205061 8 2 1 0   107.0  105.0
 31 2163.533000 3.349E-26 1.696E-03.07320.098 1149.26860.810.000000          2 1 0          0 1 0 32  0 32       32  1 31      3445505069 8 2 4 0    65.0   65.0
 32 2163.536750 1.489E-25 6.535E-02.08190.105   65.06380.710.000000          2 0 0          0 0 0 10  2  8       11  2  9      3355504560 5 2 3 0    21.0   23.0
 31 2163.569100 2.159E-26 4.665E-03.07440.096 1362.68740.790.000000          2 0 1          0 0 1 21  7 14       22  6 17      4465504969 6 2 4 0    43.0   45.0
 31 2163.573200 2.868E-26 6.055E-03.07010.092 1498.10330.830.000000          2 1 0          0 1 0 42  2 40       42  3 39      3445504969 8 2 4 0    85.0   85.0
 33 2163.576100 1.191E-26 6.316E-03.08020.100  147.87710.770.000000          2 0 0          0 0 0 12  6  6       13  5  9      4465502332 6 2 4 0    25.0   27.0
 32 2163.577230 3.982E-27 2.370E-03.08340.105   29.06730.760.000000          2 0 0          0 0 0  6  1  5        6  2  4      3355504560 6 2 4 0    13.0   13.0
 32 2163.578490 4.340E-28 2.682E-04.00000.100  340.84350.750.000000          2 0 0          0 0 0 28  2 27       28  2 26      3305504560 0 2 3 0    57.0   57.0
 32 2163.589680 7.327E-27 2.712E-03.07500.103  157.37170.780.000000          2 0 0          0 0 0 19  0 19       19  1 18      3355504560 6 2 4 0    39.0   39.0
 31 2163.592700 4.933E-24 1.541E-01.06940.101 1007.80330.800.000000          2 1 0          0 1 0 26  0 26       27  1 27      3465505069 6 2 4 0    53.0   55.0
 31 2163.599000 2.859E-26 3.496E-02.07180.098 1769.93060.800.000000          2 2 0          0 2 0 27  4 24       28  3 25      4465504969 6 2 4 0    55.0   57.0
 31 2163.605100 9.847E-26 5.771E-02.06960.081 1712.94990.840.000000          2 1 0          0 1 0 43  8 36       42  9 33      3465504969 6 2 4 0    87.0   85.0
 32 2163.606620 1.633E-26 7.472E-02.06950.086  834.96830.830.000000          2 0 0          0 0 0 42  6 37       41  7 34      3365504560 6 2 4 0    85.0   83.0
 32 2163.609960 1.159E-26 4.589E-03.07460.103  181.50600.780.000000          2 0 0          0 0 0 20  1 19       20  2 18      3355504560 6 2 4 0    41.0   41.0
 31 2163.616800 1.521E-25 4.809E-02.07440.096 1450.32940.790.000000          3 0 0          1 0 0 22  6 16       21  7 15      4465504969 6 2 4 0    45.0   43.0
 32 2163.619940 1.633E-26 7.472E-02.06950.086  834.96720.830.000000          2 0 0          0 0 0 42  6 36       41  7 35      3365504560 6 2 4 0    85.0   83.0
 32 2163.621170 5.256E-26 5.033E-02.07060.096  451.56670.810.000000          2 0 0          0 0 0 31  4 28       32  3 29      3365504560 6 2 4 0    63.0   65.0
 31 2163.630300 1.824E-25 2.258E-02.07500.101 1228.00270.780.000000          2 0 1          0 0 1 19  4 15       19  3 16      4455504969 6 2 4 0    39.0   39.0
 32 2163.631430 3.476E-26 4.596E-02.07040.093  530.60270.810.000000          2 0 0          0 0 0 33  5 29       32  6 26      3365504560 6 2 4 0    67.0   65.0
 32 2163.645390 2.572E-26 5.206E-02.06960.092  646.81390.830.000000          2 0 0          0 0 0 38  4 34       39  3 37      3365504560 6 2 4 0    77.0   79.0
 32 2163.653300 3.480E-26 4.601E-02.07040.093  530.60140.810.000000          2 0 0          0 0 0 33  5 28       32  6 27      3365504560 6 2 4 0    67.0   65.0
 31 2163.656800 4.182E-23 3.786E-02.07660.102  193.90700.780.000000          2 0 0          0 0 0 17  3 15       18  4 14      3465505061 6 2 4 0    35.0   37.0
 33 2163.657290 4.420E-27 3.467E-03.07320.098  424.95180.810.000000          2 0 0          0 0 0 32  1 31       32  0 32      4445502332 8 2 4 0    65.0   65.0
 32 2163.668380 4.778E-27 2.533E-03.08250.105   34.64950.770.000000          2 0 0          0 0 0  7  1  6        7  2  5      3355504560 6 2 4 0    15.0   15.0
 31 2163.670900 2.099E-25 2.226E-02.07520.103 1206.43390.780.000000          2 0 1          0 0 1 20  2 19       19  1 18      4465504969 6 2 4 0    41.0   39.0
 31 2163.672100 2.213E-23 2.491E-02.08180.102  133.67310.770.000000          2 0 0          0 0 0 10  4  6       11  5  7      3465505061 6 2 4 0    21.0   23.0
 32 2163.681250 5.575E-28 2.123E-04.07670.103  173.48350.720.000000          2 0 0          0 0 0 20  1 20       20  1 19      3355504560 5 2 3 0    41.0   41.0
 32 2163.684160 1.334E-25 6.305E-02.08190.104   80.26140.710.000000          2 0 0          0 0 0 10  3  7       11  3  8      3355504560 5 2 3 0    21.0   23.0
 31 2163.690500 1.242E-25 2.441E-02.08730.105 1062.71160.760.000000          2 0 1          0 0 1  5  3  2        4  2  3      4465504969 6 2 4 0    11.0    9.0
 32 2163.691210 1.334E-25 6.304E-02.08190.104   80.25080.710.000000          2 0 0          0 0 0 10  3  8       11  3  9      3355504560 5 2 3 0    21.0   23.0
 31 2163.699700 8.442E-25 1.497E-03.08180.097  245.91090.770.000000          2 0 0          0 0 0 11  7  5       10  8  2      3465505061 6 2 4 0    23.0   21.0
 31 2163.715800 1.237E-24 6.962E-02.07060.097 1164.45840.810.000000          2 1 0          0 1 0 31  3 29       32  2 30      3465504969 6 2 4 0    63.0   65.0
 32 2163.716310 1.497E-25 6.560E-02.08190.105   64.70690.710.000000          2 0 0          0 0 0 10  2  9       11  2 10      3355504560 5 2 3 0    21.0   23.0
 33 2163.718600 1.927E-26 1.886E-02.07290.093  412.40780.790.000000          2 0 0          0 0 0 24  8 16       25  7 19      4465502332 6 2 4 0    49.0   51.0
 31 2163.731000 1.412E-25 1.040E-01.07080.090 1693.50030.810.000000          3 0 0          1 0 0 31  7 25       30  8 22      4465504969 6 2 4 0    63.0   61.0
 32 2163.733340 1.135E-25 5.958E-02.08190.103  101.83830.710.000000          2 0 0          0 0 0 10  4  6       11  4  7      3355504560 5 2 3 0    21.0   23.0
 32 2163.733440 1.135E-25 5.958E-02.08190.103  101.83810.710.000000          2 0 0          0 0 0 10  4  7       11  4  8      3355504560 5 2 3 0    21.0   23.0
 31 2163.736100 3.920E-24 2.922E-03.07530.100  205.63540.73-.002946          1 0 1          0 0 0 22  4 19       21  2 20      3455505061 5 2 3 1    45.0   43.0
 31 2163.739600 1.026E-25 1.410E-03.06970.087  945.53080.840.000000          2 0 0          0 0 0 44  5 39       44  6 38      3445505061 8 2 4 0    89.0   89.0
 31 2163.745500 2.265E-26 7.127E-02.06930.081 2067.91790.760.000000          2 0 1          1 0 0 45  8 37       46  4 42      4445204969 8 2 1 0    91.0   93.0
 32 2163.746150 9.756E-26 3.736E-02.07650.103  142.04090.780.000000          2 0 0          0 0 0 17  2 16       18  1 17      3365504560 6 2 4 0    35.0   37.0
 31 2163.749900 9.565E-26 4.834E-03.07210.094 1142.30230.770.000000          1 1 1          0 1 0 31  6 25       30  4 26      3455504969 5 2 3 0    63.0   61.0
 33 2163.755740 1.953E-26 1.220E-02.07600.097  262.24690.780.000000          2 0 0          0 0 0 18  7 11       19  6 14      4465502332 6 2 4 0    37.0   39.0
 31 2163.757500 2.581E-23 3.927E-01.06870.088  984.11740.760.000000          2 0 0          0 0 0 48  0 48       49  1 49      3445205061 8 2 1 0    97.0   99.0
 31 2163.757500 5.250E-26 2.592E-04.07000.083  682.55680.820.000000          0 0 2          0 0 0 34 10 24       35  7 29      3465505061 6 2 4 0    69.0   71.0
 32 2163.762280 5.575E-27 2.690E-03.08160.105   41.03720.770.000000          2 0 0          0 0 0  8  1  7        8  2  6      3355504560 6 2 4 0    17.0   17.0
 33 2163.763420 1.780E-26 6.494E-03.07460.102  182.47600.790.000000          2 0 0          0 0 0 21  2 20       20  1 19      4465502332 6 2 4 0    43.0   41.0
 31 2163.765400 2.076E-23 1.885E-01.06960.090  855.49870.840.000000          2 0 0          0 0 0 43  3 41       44  2 42      3465505061 6 2 4 0    87.0   89.0
 31 2163.774200 5.784E-26 1.316E-02.07940.100 1292.20000.770.000000          3 0 0          1 0 0 14  5  9       13  6  8      4465504969 6 2 4 0    29.0   27.0
 32 2163.781020 9.119E-26 5.478E-02.08190.102  129.57620.710.000000          2 0 0          0 0 0 10  5  5       11  5  6      3355504560 5 2 3 0    21.0   23.0
 32 2163.781030 9.119E-26 5.478E-02.08190.102  129.57620.710.000000          2 0 0          0 0 0 10  5  6       11  5  7      3355504560 5 2 3 0    21.0   23.0
 32 2163.792920 1.179E-26 4.536E-03.07500.103  165.26450.780.000000          2 0 0          0 0 0 19  1 18       19  2 17      3355504560 6 2 4 0    39.0   39.0
 31 2163.811200 2.595E-25 3.887E-02.06910.100 1345.22980.800.000000          2 0 1          0 0 1 28  1 28       27  0 27      4465504969 6 2 4 0    57.0   55.0
 32 2163.821930 4.778E-26 2.486E-02.08240.106   30.82230.770.000000          2 0 0          0 0 0  7  0  7        8  1  8      3365504560 6 2 4 0    15.0   17.0
 31 2163.823300 3.150E-26 4.435E-05.06880.098  392.17840.800.000000          2 0 0          0 0 0 29  1 29       28  4 24      3465505061 6 2 4 0    59.0   57.0
 32 2163.826700 2.047E-26 6.936E-02.06950.089  768.23280.830.000000          2 0 0          0 0 0 41  5 36       42  4 39      3365504560 6 2 4 0    83.0   85.0
 32 2163.833420 6.929E-26 4.907E-02.08190.100  163.44040.710.000000          2 0 0          0 0 0 10  6  4       11  6  5      3355504560 5 2 3 0    21.0   23.0
 32 2163.833420 6.929E-26 4.907E-02.08190.100  163.44040.710.000000          2 0 0          0 0 0 10  6  5       11  6  6      3355504560 5 2 3 0    21.0   23.0
 31 2163.843800 3.190E-25 1.683E-02.07290.095 1107.67900.790.000000          2 1 0          0 1 0 25  6 20       24  7 17      3465504969 6 2 4 0    51.0   49.0
 31 2163.844900 1.764E-25 2.248E-02.07460.101 1244.21660.780.000000          2 0 1          0 0 1 20  4 17       20  3 18      4455504969 6 2 4 0    41.0   41.0
 31 2163.846800 3.062E-26 1.301E-02.06910.085 1669.12480.760.000000          1 1 1          0 1 0 48  5 44       47  3 45      3445204969 8 2 1 0    97.0   95.0
 32 2163.846860 1.645E-25 6.779E-02.07980.105   52.04090.710.000000          2 0 0          0 0 0 10  0 10       11  0 11      3355504560 5 2 3 0    21.0   23.0
 32 2163.847860 9.358E-28 5.264E-03.06930.088  900.27390.760.000000          2 0 0          0 0 0 47  2 46       46  3 43      3345204560 8 2 1 0    95.0   93.0
 32 2163.855020 6.411E-27 2.867E-03.08080.105   48.23340.770.000000          2 0 0          0 0 0  9  1  8        9  2  7      3355504560 6 2 4 0    19.0   19.0
 31 2163.871200 1.305E-25 1.134E-03.07040.088  836.80290.830.000000          2 0 0          0 0 0 41  5 37       41  6 36      3445505061 8 2 4 0    83.0   83.0
 31 2163.873600 5.462E-26 1.678E-01.06950.082 2044.05470.830.000000          3 0 0          1 0 0 41  8 34       40  9 31      4465504969 6 2 4 0    83.0   81.0
 31 2163.887800 3.352E-26 2.984E-03.06800.084 1375.32380.760.000000          2 0 0          0 0 0 55  4 52       55  5 51      3442205061 8 2 1 0   111.0  111.0
 32 2163.890050 4.858E-26 4.178E-02.08190.099  203.40220.710.000000          2 0 0          0 0 0 10  7  3       11  7  4      3355504560 5 2 3 0    21.0   23.0
 32 2163.890050 4.858E-26 4.178E-02.08190.099  203.40220.710.000000          2 0 0          0 0 0 10  7  4       11  7  5      3355504560 5 2 3 0    21.0   23.0
 31 2163.892600 7.244E-26 9.096E-03.07040.090 1376.08500.820.000000          1 1 1          0 1 0 39  6 33       38  4 34      3455504969 5 2 3 0    79.0   77.0
 33 2163.892830 6.371E-26 2.798E-02.06980.101  263.58440.790.000000          2 0 0          0 0 0 26  0 26       25  1 25      4465502332 6 2 4 0    53.0   51.0
 31 2163.897100 9.185E-26 4.232E-03.07230.094 1116.63280.760.000000          1 1 1          0 1 0 30  6 25       29  4 26      3455504969 5 2 3 0    61.0   59.0
 33 2163.899000 4.002E-27 6.070E-03.07150.095  590.04370.820.000000          2 0 0          0 0 0 37  3 35       37  2 36      4445502332 8 2 4 0    75.0   75.0
 33 2163.902910 5.037E-27 3.604E-03.07360.098  399.58370.810.000000          2 0 0          0 0 0 31  2 30       31  1 31      4445502332 8 2 4 0    63.0   63.0
 31 2163.920600 3.303E-26 2.136E-02.07920.104 1492.39340.770.000000          2 2 0          0 2 0 13  2 12       14  1 13      4465504969 6 2 4 0    27.0   29.0
 33 2163.922340 1.991E-27 7.749E-03.06990.090  814.44390.840.000000          2 0 0          0 0 0 43  4 40       43  3 41      4445502332 8 2 4 0    87.0   87.0
 31 2163.927000 6.496E-24 7.980E-02.07000.080  875.90180.820.000000          2 0 0          0 0 0 35 10 26       34 11 23      3465505061 6 2 4 0    71.0   69.0
 31 2163.930500 1.330E-25 3.217E-04.07230.090  503.49700.76-.003540          1 0 1          0 0 0 29  8 21       30  6 24      3455505061 5 2 3 1    59.0   61.0
 32 2163.935800 1.179E-26 4.436E-03.07550.103  149.84820.780.000000          2 0 0          0 0 0 18  1 17       18  2 16      3355504560 6 2 4 0    37.0   37.0
 31 2163.942300 2.091E-26 4.194E-03.07420.101 1347.31860.790.000000          3 0 0          1 0 0 21  3 19       21  4 18      4455504969 6 2 4 0    43.0   43.0
 32 2163.942380 7.247E-27 3.048E-03.08010.105   56.24120.770.000000          2 0 0          0 0 0 10  1  9       10  2  8      3355504560 6 2 4 0    21.0   21.0
 33 2163.945490 2.449E-26 2.549E-02.07020.096  495.43100.810.000000          2 0 0          0 0 0 34  2 32       33  3 31      4465502332 6 2 4 0    69.0   67.0
 32 2163.949230 3.126E-26 3.363E-02.08190.097  249.43000.710.000000          2 0 0          0 0 0 10  8  2       11  8  3      3355504560 5 2 3 0    21.0   23.0
 32 2163.949230 3.126E-26 3.363E-02.08190.097  249.43000.710.000000          2 0 0          0 0 0 10  8  3       11  8  4      3355504560 5 2 3 0    21.0   23.0
 31 2163.956700 4.888E-25 9.309E-04.07190.094  467.78730.77-.003606          1 0 1          0 0 0 31  6 25       31  4 28      3405505061 0 2 3 1    63.0   63.0
 33 2163.960940 7.625E-27 3.211E-02.06990.083  788.84890.820.000000          2 0 0          0 0 0 35 10 26       36  9 27      4465502332 6 2 4 0    71.0   73.0
 31 2163.973800 2.516E-25 3.571E-02.07020.089 1373.45160.810.000000          2 1 0          0 1 0 34  7 27       33  8 26      3465504969 6 2 4 0    69.0   67.0
 31 2163.979500 1.245E-25 1.255E-03.07010.088  872.22300.830.000000          2 0 0          0 0 0 42  5 37       42  6 36      3445505061 8 2 4 0    85.0   85.0
 33 2163.980150 6.710E-27 8.987E-03.07250.094  547.27280.810.000000          2 0 0          0 0 0 34  5 29       34  4 30      4445502332 8 2 4 0    69.0   69.0
 31 2163.984600 5.036E-25 8.743E-04.07210.094  442.11250.76-.003540          1 0 1          0 0 0 30  6 25       30  4 26      3405505061 0 2 3 1    61.0   61.0
 31 2163.985400 1.630E-24 3.640E-02.07710.104  841.24290.780.000000          2 1 0          0 1 0 16  1 15       17  2 16      3465504969 6 2 4 0    33.0   35.0
 31 2163.990000 6.457E-26 6.058E-05.07210.099  286.56650.74-.003276          1 0 1          0 0 0 26  4 23       26  0 26      3405505061 0 2 3 1    53.0   53.0
 31 2163.991400 6.807E-24 1.478E-02.07600.092  396.14530.780.000000          2 0 0          0 0 0 19  8 12       18  9  9      3465505061 6 2 4 0    39.0   37.0
 32 2164.005720 3.922E-26 2.396E-02.07290.098  315.58560.790.000000          2 0 0          0 0 0 25  4 22       24  5 19      3365504560 6 2 4 0    51.0   49.0
 32 2164.008120 1.728E-26 2.394E-02.08190.094  301.48830.710.000000          2 0 0          0 0 0 10  9  1       11  9  2      3355504560 5 2 3 0    21.0   23.0
 32 2164.008120 1.728E-26 2.394E-02.08190.094  301.48830.710.000000          2 0 0          0 0 0 10  9  2       11  9  3      3355504560 5 2 3 0    21.0   23.0
 31 2164.014900 9.504E-26 1.016E-02.07920.105 1089.18560.770.000000          2 0 1          0 0 1 11  2  9       10  1 10      4465504969 6 2 4 0    23.0   21.0
 32 2164.019940 8.083E-27 3.241E-03.07940.105   65.06380.770.000000          2 0 0          0 0 0 11  1 10       11  2  9      3355504560 6 2 4 0    23.0   23.0
 31 2164.026800 2.355E-26 3.688E-02.07080.097 1842.03990.810.000000          2 2 0          0 2 0 30  4 26       31  3 29      4465504969 6 2 4 0    61.0   63.0
 31 2164.035900 2.176E-24 1.259E-01.06960.071 1241.16500.840.000000          2 0 0          0 0 0 44 11 33       43 12 32      3465505061 6 2 4 0    89.0   87.0
 32 2164.040480 1.167E-26 4.325E-03.07590.104  135.25820.780.000000          2 0 0          0 0 0 17  1 16       17  2 15      3355504560 6 2 4 0    35.0   35.0
 32 2164.050790 3.922E-26 2.396E-02.07290.098  315.58350.790.000000          2 0 0          0 0 0 25  4 21       24  5 20      3365504560 6 2 4 0    51.0   49.0
 32 2164.062420 6.968E-27 1.280E-02.08190.091  359.53790.710.000000          2 0 0          0 0 0 10 10  0       11 10  1      3355504560 5 2 3 0    21.0   23.0
 32 2164.062420 6.968E-27 1.280E-02.08190.091  359.53790.710.000000          2 0 0          0 0 0 10 10  1       11 10  2      3355504560 5 2 3 0    21.0   23.0
 31 2164.071200 4.406E-23 7.770E-02.07080.098  445.30790.810.000000          2 0 0          0 0 0 30  2 28       31  3 29      3465505061 6 2 4 0    61.0   63.0
 31 2164.071300 3.420E-25 1.690E-01.06820.067 1724.19060.760.000000          2 0 0          0 0 0 54 12 42       53 13 41      3442205061 8 2 1 0   109.0  107.0
 31 2164.073500 9.330E-26 5.743E-03.07150.093 1195.49690.780.000000          1 1 1          0 1 0 33  6 27       32  4 28      3455504969 5 2 3 0    67.0   65.0
 32 2164.083240 8.880E-27 3.433E-03.07870.105   74.70440.770.000000          2 0 0          0 0 0 12  1 11       12  2 10      3355504560 6 2 4 0    25.0   25.0
 31 2164.084600 1.665E-25 5.378E-03.07730.099  929.23880.780.000000          2 1 0          0 1 0 17  5 13       16  6 10      3465504969 6 2 4 0    35.0   33.0
 31 2164.091300 9.808E-24 4.193E-02.07210.087  606.18600.800.000000          2 0 0          0 0 0 27  9 19       26 10 16      3465505061 6 2 4 0    55.0   53.0
 31 2164.095300 3.237E-26 1.353E-03.06890.072 1187.66590.760.000000          0 0 2          0 0 0 47 11 37       48  8 40      3445205061 8 2 1 0    95.0   97.0
 31 2164.107700 5.047E-26 2.276E-02.07220.093 1617.11590.820.000000          2 0 1          0 0 1 35  5 30       35  4 31      4445504969 8 2 4 0    71.0   71.0
 32 2164.109180 1.135E-26 4.173E-03.07640.104  121.49530.780.000000          2 0 0          0 0 0 16  1 15       16  2 14      3355504560 6 2 4 0    33.0   33.0
 32 2164.110280 2.250E-27 1.047E-03.08350.104   56.40500.770.000000          2 0 0          0 0 0  9  2  8        8  3  5      3365504560 6 2 4 0    19.0   17.0
 31 2164.124900 5.144E-25 6.275E-02.06960.093 1359.40660.820.000000          2 1 0          0 1 0 37  4 34       38  3 35      3465505069 6 2 4 0    75.0   77.0
 32 2164.127850 9.636E-27 3.629E-03.07810.104   85.16560.770.000000          2 0 0          0 0 0 13  1 12       13  2 11      3355504560 6 2 4 0    27.0   27.0
 31 2164.128600 2.146E-26 4.015E-03.07500.101 1312.85590.780.000000          3 0 0          1 0 0 19  3 17       19  4 16      4455504969 6 2 4 0    39.0   39.0
 32 2164.130310 1.505E-25 6.722E-02.08200.105   47.95810.710.000000          2 0 0          0 0 0  9  1  8       10  1  9      3355504560 5 2 3 0    19.0   21.0
 32 2164.131190 2.911E-26 5.211E-02.06960.093  616.02870.820.000000          2 0 0          0 0 0 37  4 33       38  3 36      3365504560 6 2 4 0    75.0   77.0
 32 2164.142830 2.099E-26 8.667E-03.07730.102  157.48870.780.000000          2 0 0          0 0 0 17  3 15       16  4 12      3365504560 6 2 4 0    35.0   33.0
 31 2164.143000 1.876E-25 2.228E-02.07590.102 1197.06970.780.000000          2 0 1          0 0 1 17  4 13       17  3 14      4455504969 6 2 4 0    35.0   35.0
 32 2164.144520 1.091E-26 4.010E-03.07700.104  108.55950.780.000000          2 0 0          0 0 0 15  1 14       15  2 13      3355504560 6 2 4 0    31.0   31.0
 32 2164.149570 1.031E-26 3.819E-03.07750.104   96.45000.770.000000          2 0 0          0 0 0 14  1 13       14  2 12      3355504560 6 2 4 0    29.0   29.0
 31 2164.155500 2.076E-26 4.847E-03.07300.100 1405.39550.790.000000          3 0 0          1 0 0 24  3 21       24  4 20      4455504969 6 2 4 0    49.0   49.0
 31 2164.164400 8.083E-26 7.845E-03.07070.091 1312.36560.810.000000          1 1 1          0 1 0 37  6 31       36  4 32      3455504969 5 2 3 0    75.0   73.0
 32 2164.164700 1.633E-25 6.792E-02.07930.105   53.89060.710.000000          2 0 0          0 0 0 10  1 10       11  1 11      3355504560 5 2 3 0    21.0   23.0
 31 2164.178900 2.066E-25 2.360E-02.07400.102 1240.82780.790.000000          2 0 1          0 0 1 22  2 21       21  1 20      4465504969 6 2 4 0    45.0   43.0
 31 2164.185000 2.151E-26 4.513E-03.07380.100 1365.84550.790.000000          3 0 0          1 0 0 22  3 19       22  4 18      4455504969 6 2 4 0    45.0   45.0
 31 2164.187700 1.846E-25 2.228E-02.07550.102 1211.81150.780.000000          2 0 1          0 0 1 18  4 15       18  3 16      4455504969 6 2 4 0    37.0   37.0
 31 2164.192500 5.068E-26 7.597E-02.06830.082 1940.77500.760.000000          2 1 0          0 1 0 51  6 46       52  5 47      3442204969 8 2 1 0   103.0  105.0
 32 2164.198640 1.266E-25 4.821E-02.07730.105   71.57500.770.000000          2 0 0          0 0 0 12  1 12       13  0 13      3365504560 6 2 4 0    25.0   27.0
 31 2164.198900 2.350E-25 3.789E-02.06880.100 1367.43520.800.000000          2 0 1          0 0 1 29  0 29       28  1 28      4465504969 6 2 4 0    59.0   57.0
 31 2164.198900 9.771E-25 1.599E-01.07580.103 1274.51860.780.000000          3 0 0          1 0 0 18  1 17       19  2 18      4465504969 6 2 4 0    37.0   39.0
 31 2164.208000 1.555E-25 1.019E-03.07090.090  768.60160.830.000000          2 0 0          0 0 0 39  5 35       39  6 34      3445505061 8 2 4 0    79.0   79.0
 31 2164.214300 8.742E-26 5.968E-02.06960.080 1748.89150.840.000000          2 1 0          0 1 0 44  8 36       43  9 35      3465504969 6 2 4 0    89.0   87.0
 31 2164.219000 8.840E-26 6.765E-03.07110.092 1252.17640.790.000000          1 1 1          0 1 0 35  6 29       34  4 30      3455504969 5 2 3 0    71.0   69.0
 32 2164.226220 2.099E-26 8.668E-03.07730.102  157.48610.780.000000          2 0 0          0 0 0 17  3 14       16  4 13      3365504560 6 2 4 0    35.0   33.0
 32 2164.227110 8.203E-27 2.973E-03.07550.104  142.04090.780.000000          2 0 0          0 0 0 18  0 18       18  1 17      3355504560 6 2 4 0    37.0   37.0
 31 2164.228700 1.478E-25 1.113E-03.07070.089  802.30950.830.000000          2 0 0          0 0 0 40  5 35       40  6 34      3445505061 8 2 4 0    81.0   81.0
 32 2164.230650 2.246E-27 1.045E-03.08350.104   56.40330.770.000000          2 0 0          0 0 0  9  2  7        8  3  6      3365504560 6 2 4 0    19.0   17.0
 31 2164.244200 2.189E-26 4.228E-03.07460.101 1329.68090.780.000000          3 0 0          1 0 0 20  3 17       20  4 16      4455504969 6 2 4 0    41.0   41.0
 32 2164.247310 2.771E-26 6.360E-02.06960.091  672.58390.830.000000          2 0 0          0 0 0 38  5 34       39  4 35      3365504560 6 2 4 0    77.0   79.0
 32 2164.249900 1.457E-26 7.665E-02.06960.085  868.33940.840.000000          2 0 0          0 0 0 43  6 38       42  7 35      3365504560 6 2 4 0    87.0   85.0
 31 2164.253300 3.272E-25 1.388E-02.08630.105  747.18500.760.000000          2 1 0          0 1 0  5  2  4        6  3  3      3465504969 6 2 4 0    11.0   13.0
 31 2164.260500 1.290E-25 2.714E-02.06960.098 1435.64860.810.000000          2 0 1          0 0 1 31  1 30       30  2 29      4465504969 6 2 4 0    63.0   61.0
 32 2164.267570 1.457E-26 7.665E-02.06960.085  868.33790.840.000000          2 0 0          0 0 0 43  6 37       42  7 36      3365504560 6 2 4 0    87.0   85.0
 31 2164.270700 4.239E-24 1.083E-02.07000.095  563.99400.81-.003936          1 0 1          0 0 0 37  3 34       36  1 35      3455505061 5 2 3 1    75.0   73.0
 33 2164.272370 3.604E-27 3.820E-02.06950.077 1005.77980.830.000000          2 0 0          0 0 0 40 11 29       41 10 32      4465502332 6 2 4 0    81.0   83.0
 31 2164.279600 4.539E-26 1.249E-03.06550.081 1110.13090.76-.004794          1 0 1          0 0 0 49  7 42       49  5 45      3405205061 0 2 1 1    99.0   99.0
 31 2164.284300 2.102E-25 4.902E-02.08440.105 1161.57560.770.000000          3 0 0          1 0 0  7  2  6        8  3  5      4465504969 6 2 4 0    15.0   17.0
 31 2164.286100 2.141E-26 3.838E-03.07590.102 1281.76280.780.000000          3 0 0          1 0 0 17  3 15       17  4 14      4455504969 6 2 4 0    35.0   35.0
 31 2164.302800 2.584E-26 8.157E-03.07220.097 1543.71100.820.000000          2 0 1          0 0 1 35  1 34       35  0 35      4445504969 8 2 4 0    71.0   71.0
 31 2164.304200 2.599E-26 2.195E-02.07070.091 1773.31150.830.000000          2 0 1          0 0 1 40  5 36       40  4 37      4445505069 8 2 4 0    81.0   81.0
 31 2164.323400 2.186E-26 3.990E-03.07550.102 1296.89480.780.000000          3 0 0          1 0 0 18  3 15       18  4 14      4455504969 6 2 4 0    37.0   37.0
 32 2164.327340 3.305E-26 4.824E-02.07020.092  556.84220.810.000000          2 0 0          0 0 0 34  5 30       33  6 27      3365504560 6 2 4 0    69.0   67.0
 31 2164.349600 7.452E-26 3.181E-03.07120.099 1094.00370.800.000000          2 1 0          0 1 0 29  2 28       29  3 27      3455505069 6 2 4 0    59.0   59.0
 31 2164.349800 1.616E-25 5.355E-02.07390.095 1468.79920.790.000000          3 0 0          1 0 0 23  6 18       22  7 15      4465504969 6 2 4 0    47.0   45.0
 32 2164.356790 3.305E-26 4.824E-02.07020.092  556.84030.810.000000          2 0 0          0 0 0 34  5 29       33  6 28      3365504560 6 2 4 0    69.0   67.0
 31 2164.367500 1.085E-25 8.868E-04.07040.083  808.66630.82-.004134          1 0 1          0 0 0 38  9 30       39  7 33      3455505061 5 2 3 1    77.0   79.0
 32 2164.385220 1.876E-27 1.764E-03.06750.097  466.42240.810.000000          2 0 0          0 0 0 34  1 34       33  2 31      3365504560 6 2 4 0    69.0   67.0
 32 2164.392770 1.414E-25 6.577E-02.08270.105   56.24120.710.000000          2 0 0          0 0 0  9  2  7       10  2  8      3355504560 5 2 3 0    19.0   21.0
 32 2164.397890 1.103E-26 7.807E-02.06930.085  938.58720.760.000000          2 0 0          0 0 0 45  6 40       46  5 41      3345204560 8 2 1 0    91.0   93.0
 31 2164.411300 1.365E-25 1.106E-01.07060.090 1719.50380.810.000000          3 0 0          1 0 0 32  7 25       31  8 24      4465504969 6 2 4 0    65.0   63.0
 31 2164.413100 2.132E-26 3.782E-03.07640.102 1267.48190.780.000000          3 0 0          1 0 0 16  3 13       16  4 12      4455504969 6 2 4 0    33.0   33.0
 32 2164.415170 5.336E-28 3.062E-04.00000.100  318.09780.750.000000          2 0 0          0 0 0 27  2 26       27  2 25      3305504560 0 2 3 0    55.0   55.0
 32 2164.416490 9.796E-27 8.097E-02.06910.085  974.98570.760.000000          2 0 0          0 0 0 46  6 40       47  5 43      3345204560 8 2 1 0    93.0   95.0
 31 2164.419800 2.065E-26 3.653E-03.07700.102 1254.03750.780.000000          3 0 0          1 0 0 15  3 13       15  4 12      4455504969 6 2 4 0    31.0   31.0
 33 2164.424990 2.091E-27 9.209E-03.06990.089  839.76580.840.000000          2 0 0          0 0 0 43  5 39       43  4 40      4445502332 8 2 4 0    87.0   87.0
 31 2164.428800 2.970E-26 8.442E-03.07250.097 1516.22600.810.000000          2 0 1          0 0 1 34  2 33       34  1 34      4445504969 8 2 4 0    69.0   69.0
 31 2164.431800 6.360E-26 7.369E-05.08600.103   40.79000.71-.001890          1 0 1          0 0 0  6  5  2        5  3  3      3455505061 5 2 3 1    13.0   11.0
 33 2164.445300 1.388E-26 2.457E-02.07110.088  572.33730.800.000000          2 0 0          0 0 0 29  9 21       30  8 22      4465502332 6 2 4 0    59.0   61.0
 31 2164.446000 1.314E-25 2.232E-02.08630.105 1066.87790.760.000000          2 0 1          0 0 1  6  3  4        5  2  3      4465504969 6 2 4 0    13.0   11.0
 31 2164.450100 3.808E-26 1.663E-02.06970.095 1621.78190.820.000000          2 0 1          0 0 1 37  2 35       36  3 34      4465504969 6 2 4 0    75.0   73.0
 32 2164.457420 3.691E-26 2.152E-02.08370.106   24.66460.770.000000          2 0 0          0 0 0  6  0  6        7  1  7      3365504560 6 2 4 0    13.0   15.0
 31 2164.459400 3.347E-23 3.115E-02.07440.101  241.83170.790.000000          2 0 0          0 0 0 21  2 20       22  3 19      3465505061 6 2 4 0    43.0   45.0
 32 2164.460370 6.530E-28 2.419E-04.07730.103  157.37170.720.000000          2 0 0          0 0 0 19  1 19       19  1 18      3355504560 5 2 3 0    39.0   39.0
 32 2164.462390 7.765E-26 3.831E-02.07340.101  254.68050.790.000000          2 0 0          0 0 0 23  3 21       24  2 22      3365504560 6 2 4 0    47.0   49.0
 33 2164.469820 9.497E-27 5.196E-03.08090.100  136.98940.770.000000          2 0 0          0 0 0 11  6  6       12  5  7      4465502332 6 2 4 0    23.0   25.0
 33 2164.472760 1.019E-26 3.250E-02.06950.091  768.61220.830.000000          2 0 0          0 0 0 42  3 39       41  4 38      4465502332 6 2 4 0    85.0   83.0
 31 2164.480200 1.719E-25 9.859E-04.07120.090  735.78460.820.000000          2 0 0          0 0 0 38  5 33       38  6 32      3445505061 8 2 4 0    77.0   77.0
 31 2164.484000 3.350E-26 4.039E-05.06940.099  345.69290.800.000000          2 0 0          0 0 0 27  1 27       26  4 22      3465505061 6 2 4 0    55.0   53.0
 31 2164.490700 2.414E-26 3.843E-03.07870.100 1218.60130.780.000000          2 0 1          0 0 1 14  6  9       15  5 10      4465504969 6 2 4 0    29.0   31.0
 31 2164.493800 4.898E-26 1.737E-01.06950.082 2078.38910.830.000000          3 0 0          1 0 0 42  8 34       41  9 33      4465504969 6 2 4 0    85.0   83.0
 31 2164.505400 2.018E-26 3.589E-03.07750.103 1241.43810.770.000000          3 0 0          1 0 0 14  3 11       14  4 10      4455504969 6 2 4 0    29.0   29.0
 31 2164.505700 1.421E-24 2.427E-03.08090.096  255.15450.770.000000          2 0 0          0 0 0 12  7  5       11  8  4      3465505061 6 2 4 0    25.0   23.0
 32 2164.507240 1.254E-25 6.282E-02.08270.104   71.51150.710.000000          2 0 0          0 0 0  9  3  6       10  3  7      3355504560 5 2 3 0    19.0   21.0
 31 2164.507800 1.872E-25 2.200E-02.07640.102 1182.73030.780.000000          2 0 1          0 0 1 16  4 13       16  3 14      4455504969 6 2 4 0    33.0   33.0
 32 2164.511400 1.254E-25 6.282E-02.08270.104   71.50540.710.000000          2 0 0          0 0 0  9  3  7       10  3  8      3355504560 5 2 3 0    19.0   21.0
 31 2164.515300 1.807E-25 9.108E-04.07150.091  703.77950.820.000000          2 0 0          0 0 0 37  5 33       37  6 32      3445505061 8 2 4 0    75.0   75.0
 31 2164.520900 2.984E-23 3.839E-01.06890.089  945.18210.760.000000          2 0 0          0 0 0 47  1 47       48  0 48      3445205061 8 2 1 0    95.0   97.0
 32 2164.523120 1.422E-25 6.607E-02.08270.105   55.99210.710.000000          2 0 0          0 0 0  9  2  8       10  2  9      3355504560 5 2 3 0    19.0   21.0
 31 2164.538600 9.086E-26 5.042E-03.07180.093 1167.85580.770.000000          1 1 1          0 1 0 32  6 27       31  4 28      3455504969 5 2 3 0    65.0   63.0
 31 2164.542800 1.920E-23 2.286E-02.08260.102  124.42740.770.000000          2 0 0          0 0 0  9  4  6       10  5  5      3465505061 6 2 4 0    19.0   21.0
 31 2164.549900 7.286E-26 1.643E-02.07870.100 1303.95590.780.000000          3 0 0          1 0 0 15  5 11       14  6  8      4465504969 6 2 4 0    31.0   29.0
 32 2164.551130 1.047E-25 5.826E-02.08270.103   93.09700.710.000000          2 0 0          0 0 0  9  4  5       10  4  6      3355504560 5 2 3 0    19.0   21.0
 32 2164.551180 1.047E-25 5.826E-02.08270.103   93.09690.710.000000          2 0 0          0 0 0  9  4  6       10  4  7      3355504560 5 2 3 0    19.0   21.0
 31 2164.555000 1.865E-25 2.188E-02.07700.102 1169.54210.780.000000          2 0 1          0 0 1 15  4 11       15  3 12      4455504969 6 2 4 0    31.0   31.0
 33 2164.556700 2.429E-26 9.678E-03.07340.102  218.73320.790.000000          2 0 0          0 0 0 23  2 22       22  1 21      4465502332 6 2 4 0    47.0   45.0
 31 2164.564100 4.603E-26 1.785E-03.07120.099 1074.17950.800.000000          2 1 0          0 1 0 29  1 29       29  2 28      3455505069 6 2 4 0    59.0   59.0
 31 2164.572600 3.278E-25 1.844E-02.07250.094 1128.60280.790.000000          2 1 0          0 1 0 26  6 20       25  7 19      3465505069 6 2 4 0    53.0   51.0
 31 2164.588400 2.151E-26 4.465E-03.07490.096 1344.43520.790.000000          2 0 1          0 0 1 20  7 14       21  6 15      4465505069 6 2 4 0    41.0   43.0
 32 2164.596430 8.243E-26 5.249E-02.08270.102  120.83750.710.000000          2 0 0          0 0 0  9  5  4       10  5  5      3355504560 5 2 3 0    19.0   21.0
 32 2164.596430 8.243E-26 5.249E-02.08270.102  120.83750.710.000000          2 0 0          0 0 0  9  5  5       10  5  6      3355504560 5 2 3 0    19.0   21.0
 31 2164.604300 2.814E-25 1.702E-01.06810.067 1769.39320.760.000000          2 0 0          0 0 0 55 12 44       54 13 41      3442205061 8 2 1 0   111.0  109.0
 31 2164.605800 4.461E-26 3.832E-03.07180.096 1281.60230.820.000000          2 1 0          0 1 0 36  1 35       36  2 34      3445504969 8 2 4 0    73.0   73.0
 32 2164.613270 1.569E-25 6.858E-02.08050.106   43.41680.710.000000          2 0 0          0 0 0  9  0  9       10  0 10      3355504560 5 2 3 0    19.0   21.0
 33 2164.614080 2.827E-27 9.236E-03.07040.090  768.61220.830.000000          2 0 0          0 0 0 41  5 37       41  4 38      4445502332 8 2 4 0    83.0   83.0
 31 2164.617100 4.574E-24 2.177E-02.07020.091  712.86350.84-.004200          1 0 1          0 0 0 41  4 37       40  2 38      3455505061 5 2 3 1    83.0   81.0
 31 2164.620200 6.061E-24 8.359E-02.06990.080  905.27870.820.000000          2 0 0          0 0 0 36 10 26       35 11 25      3465505061 6 2 4 0    73.0   71.0
 31 2164.634600 2.681E-24 6.426E-01.06910.100 1434.44640.800.000000          3 0 0          1 0 0 27  1 27       28  0 28      4465504969 6 2 4 0    55.0   57.0
 31 2164.644100 4.018E-23 3.587E-02.07730.102  178.74690.780.000000          2 0 0          0 0 0 16  3 13       17  4 14      3465505061 6 2 4 0    33.0   35.0
 32 2164.646760 6.013E-26 4.514E-02.08270.101  154.70280.710.000000          2 0 0          0 0 0  9  6  3       10  6  4      3355504560 5 2 3 0    19.0   21.0
 32 2164.646760 6.013E-26 4.514E-02.08270.101  154.70280.710.000000          2 0 0          0 0 0  9  6  4       10  6  5      3355504560 5 2 3 0    19.0   21.0
 31 2164.647500 2.375E-25 3.764E-02.07000.088 1401.89540.820.000000          2 1 0          0 1 0 35  7 29       34  8 26      3465505069 6 2 4 0    71.0   69.0
 31 2164.660300 1.905E-24 1.290E-01.06970.071 1278.05630.760.000000          2 0 0          0 0 0 45 11 35       44 12 32      3445205061 8 2 1 0    91.0   89.0
 31 2164.663300 3.437E-23 2.745E-01.06610.091  828.99160.840.000000          2 0 0          0 0 0 43  2 42       44  1 43      3465505061 6 2 4 0    87.0   89.0
 32 2164.665900 3.265E-26 5.192E-02.06970.094  586.01000.820.000000          2 0 0          0 0 0 36  4 32       37  3 35      3365504560 6 2 4 0    73.0   75.0
 33 2164.678720 1.891E-26 1.745E-02.07340.093  391.46990.790.000000          2 0 0          0 0 0 23  8 16       24  7 17      4465502332 6 2 4 0    47.0   49.0
 33 2164.681550 1.784E-26 1.092E-02.07660.097  246.33220.780.000000          2 0 0          0 0 0 17  7 11       18  6 12      4465502332 6 2 4 0    35.0   37.0
 31 2164.687300 1.975E-25 2.489E-02.07290.101 1278.39850.790.000000          2 0 1          0 0 1 24  2 23       23  1 22      4465505069 6 2 4 0    49.0   47.0
 32 2164.701190 3.982E-26 3.631E-02.08270.099  194.66490.710.000000          2 0 0          0 0 0  9  7  2       10  7  3      3355504560 5 2 3 0    19.0   21.0
 32 2164.701190 3.982E-26 3.631E-02.08270.099  194.66490.710.000000          2 0 0          0 0 0  9  7  3       10  7  4      3355504560 5 2 3 0    19.0   21.0
 31 2164.711600 3.609E-25 1.034E-01.06780.082 1629.88700.760.000000          2 0 0          0 0 0 59  6 54       60  5 55      3442205061 8 2 1 0   119.0  121.0
 31 2164.722700 2.766E-26 2.369E-02.08240.106 1429.11880.770.000000          2 2 0          0 2 0  7  1  7        8  0  8      4465504969 6 2 4 0    15.0   17.0
 32 2164.724850 2.290E-26 6.765E-02.06950.090  734.82140.830.000000          2 0 0          0 0 0 40  5 35       41  4 38      3365504560 6 2 4 0    81.0   83.0
 31 2164.728200 1.959E-25 8.721E-04.07180.091  672.64410.820.000000          2 0 0          0 0 0 36  5 31       36  6 30      3445505061 8 2 4 0    73.0   73.0
 32 2164.735970 3.982E-26 2.581E-02.07250.098  335.47150.790.000000          2 0 0          0 0 0 26  4 23       25  5 20      3365504560 6 2 4 0    53.0   51.0
 32 2164.757720 2.282E-26 2.602E-02.08270.097  240.69270.710.000000          2 0 0          0 0 0  9  8  1       10  8  2      3355504560 5 2 3 0    19.0   21.0
 32 2164.757720 2.282E-26 2.602E-02.08270.097  240.69270.710.000000          2 0 0          0 0 0  9  8  2       10  8  3      3355504560 5 2 3 0    19.0   21.0
 31 2164.769500 7.713E-24 1.723E-02.07540.092  412.10940.780.000000          2 0 0          0 0 0 20  8 12       19  9 11      3465505061 6 2 4 0    41.0   39.0
 31 2164.790500 5.017E-24 1.467E-01.06980.101  986.06090.790.000000          2 1 0          0 1 0 25  1 25       26  0 26      3465505069 6 2 4 0    51.0   53.0
 31 2164.796300 2.058E-25 8.130E-04.07220.092  642.33560.820.000000          2 0 0          0 0 0 35  5 31       35  6 30      3445505061 8 2 4 0    71.0   71.0
 32 2164.797490 3.982E-26 2.581E-02.07250.098  335.46840.790.000000          2 0 0          0 0 0 26  4 22       25  5 21      3365504560 6 2 4 0    53.0   51.0
 31 2164.798200 1.833E-25 2.163E-02.07750.103 1156.97730.770.000000          2 0 1          0 0 1 14  4 11       14  3 12      4455505069 6 2 4 0    29.0   29.0
 32 2164.813210 9.477E-27 1.392E-02.08270.094  292.75080.710.000000          2 0 0          0 0 0  9  9  0       10  9  1      3355504560 5 2 3 0    19.0   21.0
 32 2164.813210 9.477E-27 1.392E-02.08270.094  292.75080.710.000000          2 0 0          0 0 0  9  9  1       10  9  2      3355504560 5 2 3 0    19.0   21.0
 31 2164.816400 7.663E-26 6.121E-02.06970.080 1785.66700.760.000000          2 1 0          0 1 0 45  8 38       44  9 35      3445204969 8 2 1 0    91.0   89.0
 31 2164.818100 3.389E-26 2.441E-02.07540.102 1590.04600.780.000000          2 2 0          0 2 0 19  3 17       20  2 18      4465504969 6 2 4 0    39.0   41.0
 32 2164.828300 9.079E-27 3.242E-03.07590.104  127.49540.780.000000          2 0 0          0 0 0 17  0 17       17  1 16      3355504560 6 2 4 0    35.0   35.0
 31 2164.832700 9.861E-24 4.545E-02.07180.086  628.86310.800.000000          2 0 0          0 0 0 28  9 19       27 10 18      3465505061 6 2 4 0    57.0   55.0
 31 2164.851800 1.946E-25 6.376E-03.07660.099  943.46830.780.000000          2 1 0          0 1 0 18  5 13       17  6 12      3465504969 6 2 4 0    37.0   35.0
 32 2164.863540 3.500E-27 1.527E-03.08260.104   63.55970.770.000000          2 0 0          0 0 0 10  2  9        9  3  6      3365504560 6 2 4 0    21.0   19.0
 33 2164.871530 3.743E-27 9.239E-03.07090.091  700.72490.830.000000          2 0 0          0 0 0 39  5 35       39  4 36      4445502332 8 2 4 0    79.0   79.0
 31 2164.871900 2.153E-26 6.760E-04.08260.102  818.16030.770.000000          2 1 0          0 1 0 10  4  6        9  5  5      3465504969 6 2 4 0    21.0   19.0
 32 2164.874530 1.155E-27 5.544E-03.06950.089  863.07080.760.000000          2 0 0          0 0 0 46  2 45       45  3 42      3345204560 8 2 1 0    93.0   91.0
 31 2164.875500 3.236E-26 3.414E-05.07010.099  302.63690.790.000000          2 0 0          0 0 0 25  1 25       24  4 20      3465505061 6 2 4 0    51.0   49.0
 31 2164.885000 1.791E-25 2.146E-02.07810.103 1145.39510.770.000000          2 0 1          0 0 1 13  4  9       13  3 10      4455504969 6 2 4 0    27.0   27.0
 31 2164.886800 3.425E-26 2.213E-02.07120.092 1707.63530.820.000000          2 0 1          0 0 1 38  5 34       38  4 35      4445505069 8 2 4 0    77.0   77.0
 32 2164.887130 1.294E-26 7.861E-02.06960.085  902.50550.840.000000          2 0 0          0 0 0 44  6 39       43  7 36      3365504560 6 2 4 0    89.0   87.0
 32 2164.888740 8.760E-26 3.318E-02.07710.104  127.49540.780.000000          2 0 0          0 0 0 16  2 15       17  1 16      3365504560 6 2 4 0    33.0   35.0
 32 2164.892730 2.389E-26 9.972E-03.07660.102  171.01040.780.000000          2 0 0          0 0 0 18  3 16       17  4 13      3365504560 6 2 4 0    37.0   35.0
 32 2164.910020 1.553E-25 6.857E-02.08010.105   45.43640.710.000000          2 0 0          0 0 0  9  1  9       10  1 10      3355504560 5 2 3 0    19.0   21.0
 32 2164.910410 1.294E-26 7.862E-02.06960.085  902.50350.840.000000          2 0 0          0 0 0 44  6 38       43  7 37      3365504560 6 2 4 0    89.0   87.0
 31 2164.921400 4.664E-23 6.869E-02.07140.099  394.11620.800.000000          2 0 0          0 0 0 28  2 26       29  3 27      3465505061 6 2 4 0    57.0   59.0
 31 2164.922600 3.815E-23 2.623E-01.06630.092  793.33240.840.000000          2 0 0          0 0 0 42  1 41       43  2 42      3465505061 6 2 4 0    85.0   87.0
 31 2164.929600 5.073E-25 8.041E-04.07180.095  416.35260.76-.003474          1 0 1          0 0 0 29  6 23       29  4 26      3405505061 0 2 3 1    59.0   59.0
 33 2164.935070 6.670E-26 3.123E-02.06940.101  284.18820.800.000000          2 0 0          0 0 0 27  1 27       26  0 26      4465502332 6 2 4 0    55.0   53.0
 33 2164.942880 8.402E-27 9.066E-03.07320.095  490.34330.810.000000          2 0 0          0 0 0 32  5 27       32  4 28      4445502332 8 2 4 0    65.0   65.0
 31 2164.945500 2.690E-24 6.003E-01.06940.101 1412.09080.800.000000          3 0 0          1 0 0 26  0 26       27  1 27      4465504969 6 2 4 0    53.0   55.0
 31 2164.965400 2.109E-25 3.677E-02.06850.099 1390.21800.800.000000          2 0 1          0 0 1 30  1 30       29  0 29      4465504969 6 2 4 0    61.0   59.0
 31 2164.968200 2.184E-25 7.695E-04.07250.092  612.88450.810.000000          2 0 0          0 0 0 34  5 29       34  6 28      3445505061 8 2 4 0    69.0   69.0
 31 2164.969000 7.676E-26 2.418E-01.06930.087 2067.91790.760.000000          3 0 0          1 0 0 45  5 41       46  4 42      4445204969 8 2 1 0    91.0   93.0
 32 2164.982840 5.495E-26 4.797E-02.07080.097  425.62300.810.000000          2 0 0          0 0 0 30  4 27       31  3 28      3365504560 6 2 4 0    61.0   63.0
 32 2164.987760 1.418E-25 6.809E-02.08270.106   39.81170.710.000000          2 0 0          0 0 0  8  1  7        9  1  8      3355504560 5 2 3 0    17.0   19.0
 33 2164.989600 8.143E-27 3.051E-02.07000.083  758.72470.820.000000          2 0 0          0 0 0 34 10 24       35  9 27      4465502332 6 2 4 0    69.0   71.0
